latitude,longitude,name,type,popup
33.661140987492,-85.829895001757,Lyric Theatre,LHAT Member Theater,"<strong>Lyric Theatre</strong><br/>Anniston, AL<br/>Listed: 5/22/80<br/>Type: LHAT Member Theater"
33.514943999944,-86.809352993411,Alabama Theatre,LHAT Member Theater,"<strong>Alabama Theatre</strong><br/>Birmingham, AL<br/>Listed: 11/13/79<br/>Type: LHAT Member Theater"
33.511802420724,-86.809519206551,Downtown Birmingham Retail and Theatre Historic District,NRHP-Listed Only,"<strong>Downtown Birmingham Retail and Theatre Historic District</strong><br/>Birmingham, AL<br/>Listed: 5/5/89<br/>Type: NRHP-Listed Only"
33.51731540799,-86.808038208079,Downtown Birmingham Retail and Theatre Historic District (Boundary Increase),NRHP-Listed Only,"<strong>Downtown Birmingham Retail and Theatre Historic District (Boundary Increase)</strong><br/>Birmingham, AL<br/>Listed: 6/26/98<br/>Type: NRHP-Listed Only"
32.604166610448,-85.48181803221,Auburn Players Theater,NRHP-Listed Only,"<strong>Auburn Players Theater</strong><br/>Auburn, AL<br/>Listed: 5/22/73<br/>Type: NRHP-Listed Only"
34.604601596764,-86.984658989583,Princess Theatre,NRHP-Listed Only,"<strong>Princess Theatre</strong><br/>Decatur, AL<br/>Listed: 12/18/25<br/>Type: NRHP-Listed Only"
33.208439593766,-87.568168364264,Bama Theatre-City Hall Building,NRHP-Listed Only,"<strong>Bama Theatre-City Hall Building</strong><br/>Tuscaloosa, AL<br/>Listed: 8/30/84<br/>Type: NRHP-Listed Only"
61.218266012714,-149.894533040884,Fourth Avenue Theatre (AHRS Site No. ANC-284),NRHP-Listed Only,"<strong>Fourth Avenue Theatre (AHRS Site No. ANC-284)</strong><br/>Anchorage, AK<br/>Listed: 10/5/82<br/>Type: NRHP-Listed Only"
64.84367051853,-147.717877508941,Lacey Street Theatre,NRHP-Listed Only,"<strong>Lacey Street Theatre</strong><br/>Fairbanks, AK<br/>Listed: 6/14/90<br/>Type: NRHP-Listed Only"
31.346331029826,-109.554163836666,Grand Theatre,NRHP-Listed Only,"<strong>Grand Theatre</strong><br/>Douglas, AZ<br/>Listed: 7/30/76<br/>Type: NRHP-Listed Only"
33.454441369257,-112.014761870734,Celebrity Theatre,LHAT Member Theater,"<strong>Celebrity Theatre</strong><br/>Phoenix, AZ<br/>Listed: 1/24/19<br/>Type: LHAT Member Theater"
33.44924846496,-112.076560838627,Orpheum Theater,NRHP-Listed Only,"<strong>Orpheum Theater</strong><br/>Phoenix, AZ<br/>Listed: 9/4/85<br/>Type: NRHP-Listed Only"
32.222122606925,-110.971702835975,Fox Theatre,NRHP-Listed Only,"<strong>Fox Theatre</strong><br/>Tucson, AZ<br/>Listed: 9/12/03<br/>Type: NRHP-Listed Only"
32.221936528674,-110.966426427926,Rialto Theatre,NRHP-Listed Only,"<strong>Rialto Theatre</strong><br/>Tucson, AZ<br/>Listed: 9/12/03<br/>Type: NRHP-Listed Only"
32.878259663879,-111.75251156639,Paramount Theatre,NRHP-Listed Only,"<strong>Paramount Theatre</strong><br/>Casa Grande, AZ<br/>Listed: 9/3/99<br/>Type: NRHP-Listed Only"
34.541533391244,-112.467842126483,Elks Building and Theater,NRHP-Listed Only,"<strong>Elks Building and Theater</strong><br/>Prescott, AZ<br/>Listed: 12/14/78<br/>Type: NRHP-Listed Only"
32.723983988503,-114.621283977582,Gandolfo Theater,NRHP-Listed Only,"<strong>Gandolfo Theater</strong><br/>Yuma, AZ<br/>Listed: 12/7/82<br/>Type: NRHP-Listed Only"
33.288817115796,-93.23367764003,Greek Amphitheatre,NRHP-Listed Only,"<strong>Greek Amphitheatre</strong><br/>Magnolia, AR<br/>Listed: 6/1/05<br/>Type: NRHP-Listed Only"
34.508724903925,-93.054035228237,Malco Theatre,NRHP-Listed Only,"<strong>Malco Theatre</strong><br/>Hot Springs, AR<br/>Listed: 1/21/10<br/>Type: NRHP-Listed Only"
34.228594784731,-92.004664788025,Community Theatre,NRHP-Listed Only,"<strong>Community Theatre</strong><br/>Pine Bluff, AR<br/>Listed: 5/26/04<br/>Type: NRHP-Listed Only"
34.228345004017,-92.004380976783,Saenger Theater,NRHP-Listed Only,"<strong>Saenger Theater</strong><br/>Pine Bluff, AR<br/>Listed: 3/23/95<br/>Type: NRHP-Listed Only"
34.563106272632,-92.588518910384,Royal Theatre,NRHP-Listed Only,"<strong>Royal Theatre</strong><br/>Benton, AR<br/>Listed: 9/27/03<br/>Type: NRHP-Listed Only"
35.385285185364,-94.421386744092,New Theatre,NRHP-Listed Only,"<strong>New Theatre</strong><br/>Fort Smith, AR<br/>Listed: 11/18/99<br/>Type: NRHP-Listed Only"
33.211076503374,-92.663559190075,Rialto Theatre,NRHP-Listed Only,"<strong>Rialto Theatre</strong><br/>El Dorado, AR<br/>Listed: 8/21/86<br/>Type: NRHP-Listed Only"
36.148489488651,-94.141851498857,"Chi Omega Greek Theatre-University of Arkansas, Fayetteville",NRHP-Listed Only,"<strong>Chi Omega Greek Theatre-University of Arkansas, Fayetteville</strong><br/>Fayetteville, AR<br/>Listed: 9/4/92<br/>Type: NRHP-Listed Only"
35.076949504031,-91.871017747571,Beebe Theater,NRHP-Listed Only,"<strong>Beebe Theater</strong><br/>Beebe, AR<br/>Listed: 9/5/91<br/>Type: NRHP-Listed Only"
35.250792980777,-91.737665967894,Rialto Theater,NRHP-Listed Only,"<strong>Rialto Theater</strong><br/>Searcy, AR<br/>Listed: 9/13/91<br/>Type: NRHP-Listed Only"
37.808071364559,-122.270559278443,Fox-Oakland Theater,NRHP-Listed Only,"<strong>Fox-Oakland Theater</strong><br/>Oakland, CA<br/>Listed: 2/2/79<br/>Type: NRHP-Listed Only"
37.890338375853,-122.268218967257,Hearst Greek Theatre,NRHP-Listed Only,"<strong>Hearst Greek Theatre</strong><br/>Berkeley, CA<br/>Listed: 3/25/82<br/>Type: NRHP-Listed Only"
37.809834916987,-122.268611827059,Paramount Theatre,LHAT Member Theater,"<strong>Paramount Theatre</strong><br/>Oakland, CA<br/>Listed: 8/14/73<br/>Type: LHAT Member Theater"
39.512596209307,-121.554371082016,State Theatre,LHAT Member Theater,"<strong>State Theatre</strong><br/>Oroville, CA<br/>Listed: 9/13/91<br/>Type: LHAT Member Theater"
36.729235014286,-119.793188804664,Azteca Theater,NRHP-Listed Only,"<strong>Azteca Theater</strong><br/>Fresno, CA<br/>Listed: 3/27/17<br/>Type: NRHP-Listed Only"
36.738408713945,-119.794414406547,"Pantages, Alexander, Theater",NRHP-Listed Only,"<strong>Pantages, Alexander, Theater</strong><br/>Fresno, CA<br/>Listed: 2/23/78<br/>Type: NRHP-Listed Only"
36.758006064574,-119.801288237703,Tower Theatre,NRHP-Listed Only,"<strong>Tower Theatre</strong><br/>Fresno, CA<br/>Listed: 9/24/92<br/>Type: NRHP-Listed Only"
40.800700015761,-124.166200023222,Eureka Theatre,NRHP-Listed Only,"<strong>Eureka Theatre</strong><br/>Eureka, CA<br/>Listed: 1/7/10<br/>Type: NRHP-Listed Only"
40.802587075533,-124.165329478758,Sweasey Theater-Loew's State Theater,NRHP-Listed Only,"<strong>Sweasey Theater-Loew's State Theater</strong><br/>Eureka, CA<br/>Listed: 6/5/09<br/>Type: NRHP-Listed Only"
34.148870689864,-118.254122686691,Alexander Theatre,NRHP-Listed Only,"<strong>Alexander Theatre</strong><br/>Glendale, CA<br/>Listed: 2/16/96<br/>Type: NRHP-Listed Only"
34.042758980786,-118.256220677056,Broadway Theater and Commercial District,NRHP-Listed Only,"<strong>Broadway Theater and Commercial District</strong><br/>Los Angeles, CA<br/>Listed: 5/9/79<br/>Type: NRHP-Listed Only"
34.041428688933,-118.257229606741,Broadway Theatre and Commercial District (Boundary Increase),NRHP-Listed Only,"<strong>Broadway Theatre and Commercial District (Boundary Increase)</strong><br/>Los Angeles, CA<br/>Listed: 4/12/02<br/>Type: NRHP-Listed Only"
33.963322469016,-118.352390694596,Fox Theatre Inglewood,NRHP-Listed Only,"<strong>Fox Theatre Inglewood</strong><br/>Inglewood, CA<br/>Listed: 1/14/13<br/>Type: NRHP-Listed Only"
34.064204876341,-118.374935164291,Fox Wilshire Theatre,NRHP-Listed Only,"<strong>Fox Wilshire Theatre</strong><br/>Beverly Hills, CA<br/>Listed: 4/3/12<br/>Type: NRHP-Listed Only"
34.020251098098,-118.157539022228,Golden Gate Theater,NRHP-Listed Only,"<strong>Golden Gate Theater</strong><br/>Los Angeles, CA<br/>Listed: 2/23/82<br/>Type: NRHP-Listed Only"
34.020571580166,-118.253870642862,Lincoln Theater,NRHP-Listed Only,"<strong>Lincoln Theater</strong><br/>Los Angeles, CA<br/>Listed: 3/17/09<br/>Type: NRHP-Listed Only"
34.050866921456,-118.24845945381,Million Dollar Theater,NRHP-Listed Only,"<strong>Million Dollar Theater</strong><br/>Los Angeles, CA<br/>Listed: 7/20/78<br/>Type: NRHP-Listed Only"
34.150314011681,-117.701329969662,Padua Hills Theatre,NRHP-Listed Only,"<strong>Padua Hills Theatre</strong><br/>Claremont, CA<br/>Listed: 1/23/98<br/>Type: NRHP-Listed Only"
34.05684836145,-117.750905106467,Pomona Fox Theater,NRHP-Listed Only,"<strong>Pomona Fox Theater</strong><br/>Pomona, CA<br/>Listed: 2/19/82<br/>Type: NRHP-Listed Only"
34.114534013958,-118.150513981539,Rialto Theatre,NRHP-Listed Only,"<strong>Rialto Theatre</strong><br/>South Pasadena, CA<br/>Listed: 5/24/78<br/>Type: NRHP-Listed Only"
33.738868848299,-118.287423401274,Warner Brothers Theatre,NRHP-Listed Only,"<strong>Warner Brothers Theatre</strong><br/>San Pedro, CA<br/>Listed: 1/21/99<br/>Type: NRHP-Listed Only"
34.058037052889,-118.27553015122,Westlake Theatre,NRHP-Listed Only,"<strong>Westlake Theatre</strong><br/>Los Angeles, CA<br/>Listed: 1/7/10<br/>Type: NRHP-Listed Only"
37.903724260583,-122.603752502521,Mount Tamalpais Mountain Theater,NRHP-Listed Only,"<strong>Mount Tamalpais Mountain Theater</strong><br/>Mill Valley, CA<br/>Listed: 2/2/15<br/>Type: NRHP-Listed Only"
39.718516902155,-121.828413946377,Merced Theatre,NRHP-Listed Only,"<strong>Merced Theatre</strong><br/>Merced, CA<br/>Listed: 5/1/09<br/>Type: NRHP-Listed Only"
37.302724033269,-120.485938685241,Strand Theater,NRHP-Listed Only,"<strong>Strand Theater</strong><br/>Merced, CA<br/>Listed: 12/7/21<br/>Type: NRHP-Listed Only"
39.262888794422,-121.019876981629,Nevada Theatre,NRHP-Listed Only,"<strong>Nevada Theatre</strong><br/>Nevada City, CA<br/>Listed: 3/14/73<br/>Type: NRHP-Listed Only"
33.874383728893,-117.924020457046,Fox Fullerton Theatre Complex,NRHP-Listed Only,"<strong>Fox Fullerton Theatre Complex</strong><br/>Fullerton, CA<br/>Listed: 10/25/06<br/>Type: NRHP-Listed Only"
33.542415980968,-117.784531003695,New Lynn Theater,NRHP-Listed Only,"<strong>New Lynn Theater</strong><br/>Laguna Beach, CA<br/>Listed: 3/10/23<br/>Type: NRHP-Listed Only"
33.747451623784,-117.86779247125,Walkers Orange County Theater,NRHP-Listed Only,"<strong>Walkers Orange County Theater</strong><br/>Santa Ana, CA<br/>Listed: 2/19/82<br/>Type: NRHP-Listed Only"
33.747394626843,-117.865265914176,Yost Theater-Ritz Hotel,NRHP-Listed Only,"<strong>Yost Theater-Ritz Hotel</strong><br/>Santa Ana, CA<br/>Listed: 1/23/86<br/>Type: NRHP-Listed Only"
33.822578663855,-116.546151664362,Plaza Theatre,LHAT Member Theater,"<strong>Plaza Theatre</strong><br/>Palm Springs, CA<br/>Listed: 12/31/25<br/>Type: LHAT Member Theater"
38.242531933681,-121.513251724877,Imperial Theatre,NRHP-Listed Only,"<strong>Imperial Theatre</strong><br/>Walnut Grove, CA<br/>Listed: 10/29/82<br/>Type: NRHP-Listed Only"
34.106804306669,-117.295469416909,"California Theatre, The",NRHP-Listed Only,"<strong>California Theatre, The</strong><br/>San Bernardino, CA<br/>Listed: 12/22/09<br/>Type: NRHP-Listed Only"
32.71430159114,-117.161376065184,Balboa Theatre,LHAT Member Theater,"<strong>Balboa Theatre</strong><br/>San Diego, CA<br/>Listed: 10/24/96<br/>Type: LHAT Member Theater"
32.715231144203,-117.163336257061,Spreckels Theatre Building,NRHP-Listed Only,"<strong>Spreckels Theatre Building</strong><br/>San Diego, CA<br/>Listed: 5/28/75<br/>Type: NRHP-Listed Only"
37.786991841992,-122.410246125613,Geary Theatre,NRHP-Listed Only,"<strong>Geary Theatre</strong><br/>San Francisco, CA<br/>Listed: 5/27/75<br/>Type: NRHP-Listed Only"
37.782808015022,-122.41071299762,Market Street Theatre and Loft District,NRHP-Listed Only,"<strong>Market Street Theatre and Loft District</strong><br/>San Francisco, CA<br/>Listed: 4/10/86<br/>Type: NRHP-Listed Only"
37.756215924284,-122.419000017652,New Mission Theater,NRHP-Listed Only,"<strong>New Mission Theater</strong><br/>San Francisco, CA<br/>Listed: 11/9/01<br/>Type: NRHP-Listed Only"
37.952561293707,-121.287502181384,Fox California Theater,NRHP-Listed Only,"<strong>Fox California Theater</strong><br/>Stockton, CA<br/>Listed: 6/27/79<br/>Type: NRHP-Listed Only"
37.486422594534,-122.229501588794,New Sequoia Theater Building,NRHP-Listed Only,"<strong>New Sequoia Theater Building</strong><br/>Redwood City, CA<br/>Listed: 5/5/94<br/>Type: NRHP-Listed Only"
34.969102737945,-120.573506858467,Royal Theater (Additional Documentation),NRHP-Listed Only,"<strong>Royal Theater (Additional Documentation)</strong><br/>Guadalupe, CA<br/>Listed: 3/10/22<br/>Type: NRHP-Listed Only"
40.581898354265,-122.389607952158,Cascade Theatre,LHAT Member Theater,"<strong>Cascade Theatre</strong><br/>Redding, CA<br/>Listed: 1/17/02<br/>Type: LHAT Member Theater"
40.176022001624,-122.234602254925,State Theatre,LHAT Member Theater,"<strong>State Theatre</strong><br/>Red Bluff, CA<br/>Listed: 4/17/02<br/>Type: LHAT Member Theater"
34.447641072072,-119.246071893371,Isis Theater,NRHP-Listed Only,"<strong>Isis Theater</strong><br/>Ojai, CA<br/>Listed: 1/12/26<br/>Type: NRHP-Listed Only"
34.280439496171,-119.29145000842,Ventura Theatre,NRHP-Listed Only,"<strong>Ventura Theatre</strong><br/>Ventura, CA<br/>Listed: 12/29/86<br/>Type: NRHP-Listed Only"
38.740750122229,-108.070643333751,Egyptian Theater,NRHP-Listed Only,"<strong>Egyptian Theater</strong><br/>Delta, CO<br/>Listed: 7/12/93<br/>Type: NRHP-Listed Only"
39.740328537179,-104.948378701205,Bluebird Theater,NRHP-Listed Only,"<strong>Bluebird Theater</strong><br/>Denver, CO<br/>Listed: 1/31/97<br/>Type: NRHP-Listed Only"
39.739801259417,-104.95636522378,Bonfils Memorial Theater,NRHP-Listed Only,"<strong>Bonfils Memorial Theater</strong><br/>Denver, CO<br/>Listed: 12/27/06<br/>Type: NRHP-Listed Only"
39.769380004038,-105.044056030476,Elitch Theatre,NRHP-Listed Only,"<strong>Elitch Theatre</strong><br/>Denver, CO<br/>Listed: 3/21/78<br/>Type: NRHP-Listed Only"
39.740143883852,-104.975308582641,Ogden Theatre,NRHP-Listed Only,"<strong>Ogden Theatre</strong><br/>Denver, CO<br/>Listed: 8/31/95<br/>Type: NRHP-Listed Only"
39.776728376642,-105.043435182908,Oriental Theater,NRHP-Listed Only,"<strong>Oriental Theater</strong><br/>Denver, CO<br/>Listed: 9/26/97<br/>Type: NRHP-Listed Only"
39.744238317825,-104.990718376353,Paramount Theater,NRHP-Listed Only,"<strong>Paramount Theater</strong><br/>Denver, CO<br/>Listed: 11/21/80<br/>Type: NRHP-Listed Only"
39.740241293953,-105.180616626816,Colorado Amphitheater,NRHP-Listed Only,"<strong>Colorado Amphitheater</strong><br/>Golden, CO<br/>Listed: 5/20/93<br/>Type: NRHP-Listed Only"
40.36639,-105.560389,Moraine Park Museum and Amphitheater,NRHP-Listed Only,"<strong>Moraine Park Museum and Amphitheater</strong><br/>Estes Park, CO<br/>Listed: 6/15/05<br/>Type: NRHP-Listed Only"
40.375482673,-105.523332332039,Park Theatre,NRHP-Listed Only,"<strong>Park Theatre</strong><br/>Estes Park, CO<br/>Listed: 6/14/84<br/>Type: NRHP-Listed Only"
40.39540271248,-105.0741131835,Rialto Theater,LHAT Member Theater,"<strong>Rialto Theater</strong><br/>Loveland, CO<br/>Listed: 2/17/88<br/>Type: LHAT Member Theater"
40.51021447429,-106.828711240938,Perry-Mansfield School of Theatre and Dance,NRHP-Listed Only,"<strong>Perry-Mansfield School of Theatre and Dance</strong><br/>Steamboat Springs, CO<br/>Listed: 7/14/95<br/>Type: NRHP-Listed Only"
40.077362391202,-102.221703772536,Cliff Theater,NRHP-Listed Only,"<strong>Cliff Theater</strong><br/>Wray, CO<br/>Listed: 8/6/13<br/>Type: NRHP-Listed Only"
41.182371611326,-73.19120558593,Palace and Majestic Theaters,NRHP-Listed Only,"<strong>Palace and Majestic Theaters</strong><br/>Bridgeport, CT<br/>Listed: 12/14/79<br/>Type: NRHP-Listed Only"
41.801915039216,-73.120804723874,Warner Theatre,NRHP-Listed Only,"<strong>Warner Theatre</strong><br/>Torrington, CT<br/>Listed: 2/16/84<br/>Type: NRHP-Listed Only"
41.290439447058,-72.375509446662,Old Saybrook Town Hall and Theater,NRHP-Listed Only,"<strong>Old Saybrook Town Hall and Theater</strong><br/>Old Saybrook, CT<br/>Listed: 6/21/07<br/>Type: NRHP-Listed Only"
41.311882450856,-72.920566253793,Lincoln Theatre,NRHP-Listed Only,"<strong>Lincoln Theatre</strong><br/>New Haven, CT<br/>Listed: 3/1/84<br/>Type: NRHP-Listed Only"
41.555110277401,-73.038953930623,Palace Theater,NRHP-Listed Only,"<strong>Palace Theater</strong><br/>Waterbury, CT<br/>Listed: 6/30/83<br/>Type: NRHP-Listed Only"
39.743743659809,-75.548487443267,Masonic Hall and Grand Theater,NRHP-Listed Only,"<strong>Masonic Hall and Grand Theater</strong><br/>Wilmington, DE<br/>Listed: 12/11/72<br/>Type: NRHP-Listed Only"
39.664460170363,-75.657391936978,State Theater,NRHP-Listed Only,"<strong>State Theater</strong><br/>Newark, DE<br/>Listed: 2/24/83<br/>Type: NRHP-Listed Only"
38.591016642093,-75.291293270556,Ball Theatre,NRHP-Listed Only,"<strong>Ball Theatre</strong><br/>Millsboro, DE<br/>Listed: 9/13/18<br/>Type: NRHP-Listed Only"
38.900147422037,-76.987890556357,Atlas Theater and Shops,NRHP-Listed Only,"<strong>Atlas Theater and Shops</strong><br/>Washington, DC, NA<br/>Listed: 11/10/10<br/>Type: NRHP-Listed Only"
38.898308192798,-77.03363990273,Chase's Theater and Riggs Building,NRHP-Listed Only,"<strong>Chase's Theater and Riggs Building</strong><br/>Washington, NA<br/>Listed: 9/7/78<br/>Type: NRHP-Listed Only"
38.965284544493,-77.076298257837,Chevy Chase Theater,NRHP-Listed Only,"<strong>Chevy Chase Theater</strong><br/>Washington, NA<br/>Listed: 7/18/96<br/>Type: NRHP-Listed Only"
38.896745240268,-77.026005581499,Ford's Theatre National Historic Site,NRHP-Listed Only,"<strong>Ford's Theatre National Historic Site</strong><br/>Washington, NA<br/>Listed: 10/15/66<br/>Type: NRHP-Listed Only"
38.915287791246,-77.02109797719,Howard Theatre,NRHP-Listed Only,"<strong>Howard Theatre</strong><br/>Washington, NA<br/>Listed: 2/15/74<br/>Type: NRHP-Listed Only"
38.917405059988,-77.028988365563,Lincoln Theatre,NRHP-Listed Only,"<strong>Lincoln Theatre</strong><br/>Washington, NA<br/>Listed: 10/27/93<br/>Type: NRHP-Listed Only"
38.933820723991,-76.990833942308,Newton Theater,NRHP-Listed Only,"<strong>Newton Theater</strong><br/>Washington, NA<br/>Listed: 6/27/07<br/>Type: NRHP-Listed Only"
38.899942580098,-76.986170921934,Plymouth Theater,NRHP-Listed Only,"<strong>Plymouth Theater</strong><br/>Washington, NA<br/>Listed: 3/3/04<br/>Type: NRHP-Listed Only"
38.915781527253,-77.021733996003,Southern Aid Society-Dunbar Theater Building,NRHP-Listed Only,"<strong>Southern Aid Society-Dunbar Theater Building</strong><br/>Washington, NA<br/>Listed: 11/6/86<br/>Type: NRHP-Listed Only"
38.898088628844,-76.926034873783,Strand Theater,NRHP-Listed Only,"<strong>Strand Theater</strong><br/>Washington, DC., NA<br/>Listed: 11/25/08<br/>Type: NRHP-Listed Only"
38.930869581611,-77.032441206757,Tivoli Theater,NRHP-Listed Only,"<strong>Tivoli Theater</strong><br/>Washington, NA<br/>Listed: 4/10/85<br/>Type: NRHP-Listed Only"
38.934891889307,-77.058586290599,Uptown Theatre,NRHP-Listed Only,"<strong>Uptown Theatre</strong><br/>Washington, NA<br/>Listed: 12/15/22<br/>Type: NRHP-Listed Only"
28.355307513082,-80.725985514338,Aladdin Theater,NRHP-Listed Only,"<strong>Aladdin Theater</strong><br/>Cocoa, FL<br/>Listed: 10/17/91<br/>Type: NRHP-Listed Only"
30.326620792191,-81.656090692457,Florida Theater,NRHP-Listed Only,"<strong>Florida Theater</strong><br/>Jacksonville, FL<br/>Listed: 11/4/82<br/>Type: NRHP-Listed Only"
30.303526637286,-81.653318880896,Little Theatre,NRHP-Listed Only,"<strong>Little Theatre</strong><br/>Jacksonville, FL<br/>Listed: 7/12/91<br/>Type: NRHP-Listed Only"
30.411175640727,-87.214954001134,Saenger Theatre,NRHP-Listed Only,"<strong>Saenger Theatre</strong><br/>Pensacola, FL<br/>Listed: 7/19/76<br/>Type: NRHP-Listed Only"
29.813401428896,-85.30342481346,Port Theatre (Additional Documentation),NRHP-Listed Only,"<strong>Port Theatre (Additional Documentation)</strong><br/>Port St. Joe, FL<br/>Listed: 6/5/03<br/>Type: NRHP-Listed Only"
26.753946420156,-80.933939693931,Dixie Crystal Theatre,NRHP-Listed Only,"<strong>Dixie Crystal Theatre</strong><br/>Clewiston, FL<br/>Listed: 9/25/98<br/>Type: NRHP-Listed Only"
27.950421188935,-82.458773005036,Tampa Theater and Office Building,NRHP-Listed Only,"<strong>Tampa Theater and Office Building</strong><br/>Tampa, FL<br/>Listed: 1/3/78<br/>Type: NRHP-Listed Only"
27.639097230341,-80.399058852531,Vero Theatre,NRHP-Listed Only,"<strong>Vero Theatre</strong><br/>Vero Beach, FL<br/>Listed: 4/28/92<br/>Type: NRHP-Listed Only"
27.199383008852,-80.254372619211,Lyric Theatre,NRHP-Listed Only,"<strong>Lyric Theatre</strong><br/>Stuart, FL<br/>Listed: 11/12/93<br/>Type: NRHP-Listed Only"
25.72742601192,-80.252831271036,Ace Theatre,NRHP-Listed Only,"<strong>Ace Theatre</strong><br/>Miami, FL<br/>Listed: 6/13/16<br/>Type: NRHP-Listed Only"
25.782089515488,-80.197766944858,Lyric Theater,NRHP-Listed Only,"<strong>Lyric Theater</strong><br/>Miami, FL<br/>Listed: 1/4/89<br/>Type: NRHP-Listed Only"
25.773916782706,-80.190499164253,Olympia Theater and Office Building,NRHP-Listed Only,"<strong>Olympia Theater and Office Building</strong><br/>Miami, FL<br/>Listed: 3/8/84<br/>Type: NRHP-Listed Only"
28.593449997061,-81.348880027118,"Russell, Annie, Theatre",NRHP-Listed Only,"<strong>Russell, Annie, Theatre</strong><br/>Winter Park, FL<br/>Listed: 7/15/98<br/>Type: NRHP-Listed Only"
26.719998497428,-80.037842760273,Paramount Theatre Building,NRHP-Listed Only,"<strong>Paramount Theatre Building</strong><br/>Palm Beach, FL<br/>Listed: 12/12/73<br/>Type: NRHP-Listed Only"
28.043322809061,-81.957395133543,Polk Theatre and Office Building,NRHP-Listed Only,"<strong>Polk Theatre and Office Building</strong><br/>Lakeland, FL<br/>Listed: 5/27/93<br/>Type: NRHP-Listed Only"
27.336957864922,-82.543449612609,Edwards Theatre,NRHP-Listed Only,"<strong>Edwards Theatre</strong><br/>Sarasota, FL<br/>Listed: 3/22/84<br/>Type: NRHP-Listed Only"
28.81065859404,-81.266769897783007,Ritz Theater,NRHP-Listed Only,"<strong>Ritz Theater</strong><br/>Sanford, FL<br/>Listed: 1/29/01<br/>Type: NRHP-Listed Only"
27.447000731457,-80.323935374768,Sunrise Theatre,NRHP-Listed Only,"<strong>Sunrise Theatre</strong><br/>Fort Pierce, FL<br/>Listed: 12/7/01<br/>Type: NRHP-Listed Only"
34.166168507266,-84.795089794693,Grand Theater,NRHP-Listed Only,"<strong>Grand Theater</strong><br/>Cartersville, GA<br/>Listed: 6/28/84<br/>Type: NRHP-Listed Only"
31.577293365997,-84.153858192337,Albany Theatre,NRHP-Listed Only,"<strong>Albany Theatre</strong><br/>Albany, GA<br/>Listed: 8/21/06<br/>Type: NRHP-Listed Only"
33.928638991867,-84.23987697076,Fox Theatre,LHAT Member Theater,"<strong>Fox Theatre</strong><br/>Atlanta, GA<br/>Listed: 5/17/74<br/>Type: LHAT Member Theater"
33.772231379418,-84.384913232357,Fox Theatre Historic District,NRHP-Listed Only,"<strong>Fox Theatre Historic District</strong><br/>Atlanta, GA<br/>Listed: 10/7/78<br/>Type: NRHP-Listed Only"
34.531564919526,-83.985914859914,Holly Theatre,NRHP-Listed Only,"<strong>Holly Theatre</strong><br/>Dahlonega, GA<br/>Listed: 2/21/02<br/>Type: NRHP-Listed Only"
32.461789088539,-84.982540414195,Liberty Theater,NRHP-Listed Only,"<strong>Liberty Theater</strong><br/>Columbus, GA<br/>Listed: 5/22/84<br/>Type: NRHP-Listed Only"
33.17287798653,-84.912651015871,Royal Theater,LHAT Member Theater,"<strong>Royal Theater</strong><br/>Hogansville, GA<br/>Listed: 6/21/01<br/>Type: LHAT Member Theater"
20.079197702035,-155.467683428651,Honokaa People's Theatre,NRHP-Listed Only,"<strong>Honokaa People's Theatre</strong><br/>Honokaa, HI<br/>Listed: 10/6/15<br/>Type: NRHP-Listed Only"
19.724556822201,-155.086497606284,Palace Theater,NRHP-Listed Only,"<strong>Palace Theater</strong><br/>Hilo, HI<br/>Listed: 5/11/93<br/>Type: NRHP-Listed Only"
21.311028344236,-157.861233948665,Hawaii Theatre,NRHP-Listed Only,"<strong>Hawaii Theatre</strong><br/>Honolulu, HI<br/>Listed: 11/14/78<br/>Type: NRHP-Listed Only"
20.889152279538,-156.501920426498,Iao Theater,NRHP-Listed Only,"<strong>Iao Theater</strong><br/>Wailuku, HI<br/>Listed: 2/9/95<br/>Type: NRHP-Listed Only"
43.61528983508,-116.20240872549,Ada Theater,NRHP-Listed Only,"<strong>Ada Theater</strong><br/>Boise, ID<br/>Listed: 11/21/74<br/>Type: NRHP-Listed Only"
43.190702895257,-112.344794027668,Nuart Theater,NRHP-Listed Only,"<strong>Nuart Theater</strong><br/>Blackfoot, ID<br/>Listed: 10/19/78<br/>Type: NRHP-Listed Only"
43.512315043331,-111.962772160569,Gorby Opera Theater,NRHP-Listed Only,"<strong>Gorby Opera Theater</strong><br/>Glenns Ferry, ID<br/>Listed: 11/17/82<br/>Type: NRHP-Listed Only"
42.941517002388,-114.712491992261,Schubert Theatre,NRHP-Listed Only,"<strong>Schubert Theatre</strong><br/>Gooding, ID<br/>Listed: 1/6/04<br/>Type: NRHP-Listed Only"
45.925627795945,-116.120410997477,Blue Fox Theatre,NRHP-Listed Only,"<strong>Blue Fox Theatre</strong><br/>Grangeville, ID<br/>Listed: 11/30/99<br/>Type: NRHP-Listed Only"
46.730762443846,-117.000981642399,Kenworthy Theatre,NRHP-Listed Only,"<strong>Kenworthy Theatre</strong><br/>Moscow, ID<br/>Listed: 11/29/01<br/>Type: NRHP-Listed Only"
46.730545017277,-117.000979546924,Nu Art Theatre,NRHP-Listed Only,"<strong>Nu Art Theatre</strong><br/>Moscow, ID<br/>Listed: 11/29/01<br/>Type: NRHP-Listed Only"
43.726315243599,-111.110953754718,Spud Drive-In Theater,NRHP-Listed Only,"<strong>Spud Drive-In Theater</strong><br/>Driggs, ID<br/>Listed: 6/5/03<br/>Type: NRHP-Listed Only"
42.598428522515,-114.75944137888,Ramona Theater,NRHP-Listed Only,"<strong>Ramona Theater</strong><br/>Buhl, ID<br/>Listed: 12/22/76<br/>Type: NRHP-Listed Only"
44.245248825404,-116.970000032787,Star Theater,NRHP-Listed Only,"<strong>Star Theater</strong><br/>Weiser, ID<br/>Listed: 11/30/99<br/>Type: NRHP-Listed Only"
40.119598382208,-88.242743596548,New Orpheum Theatre,NRHP-Listed Only,"<strong>New Orpheum Theatre</strong><br/>Champaign, IL<br/>Listed: 2/28/91<br/>Type: NRHP-Listed Only"
40.117102041895,-88.245575422535,Virginia Theater,NRHP-Listed Only,"<strong>Virginia Theater</strong><br/>Champaign, IL<br/>Listed: 11/28/03<br/>Type: NRHP-Listed Only"
39.495665351625,-88.174156410701,Will Rogers Theatre and Commercial Block,NRHP-Listed Only,"<strong>Will Rogers Theatre and Commercial Block</strong><br/>Charleston, IL<br/>Listed: 1/12/84<br/>Type: NRHP-Listed Only"
41.969371005878,-87.659835958695,Balaban & Katz Uptown Theatre,NRHP-Listed Only,"<strong>Balaban & Katz Uptown Theatre</strong><br/>Chicago, IL<br/>Listed: 11/20/86<br/>Type: NRHP-Listed Only"
41.885409146494,-87.627204790538,Balaban and Katz Chicago Theatre,NRHP-Listed Only,"<strong>Balaban and Katz Chicago Theatre</strong><br/>Chicago, IL<br/>Listed: 6/6/79<br/>Type: NRHP-Listed Only"
41.926366981085,-87.649733753712,Biograph Theater Building,NRHP-Listed Only,"<strong>Biograph Theater Building</strong><br/>Chicago, IL<br/>Listed: 5/17/84<br/>Type: NRHP-Listed Only"
41.865977967096,-87.714273067058,Central Park Theater,NRHP-Listed Only,"<strong>Central Park Theater</strong><br/>Chicago, IL<br/>Listed: 8/10/05<br/>Type: NRHP-Listed Only"
41.920549898371,-87.69215565533,Congress Theater,NRHP-Listed Only,"<strong>Congress Theater</strong><br/>Chicago, IL<br/>Listed: 1/6/17<br/>Type: NRHP-Listed Only"
41.965646297655,-87.686808252561,Davis Theater,NRHP-Listed Only,"<strong>Davis Theater</strong><br/>Chicago, IL<br/>Listed: 4/26/16<br/>Type: NRHP-Listed Only"
41.884581082531,-87.628574629721,New Masonic Building and Oriental Theater,NRHP-Listed Only,"<strong>New Masonic Building and Oriental Theater</strong><br/>Chicago, IL<br/>Listed: 9/26/78<br/>Type: NRHP-Listed Only"
42.009751997893,-87.82984802864,Pickwick Theater Building,NRHP-Listed Only,"<strong>Pickwick Theater Building</strong><br/>Park Ridge, IL<br/>Listed: 2/24/75<br/>Type: NRHP-Listed Only"
41.830250188629,-87.646556760951,Ramova Theater,NRHP-Listed Only,"<strong>Ramova Theater</strong><br/>Chicago, IL<br/>Listed: 12/17/21<br/>Type: NRHP-Listed Only"
41.931146174637,-88.752835210763,Egyptian Theatre,LHAT Member Theater,"<strong>Egyptian Theatre</strong><br/>De Kalb, IL<br/>Listed: 12/1/78<br/>Type: LHAT Member Theater"
41.865570187506,-88.108062170496,Grand Theater,NRHP-Listed Only,"<strong>Grand Theater</strong><br/>Wheaton, IL<br/>Listed: 8/12/05<br/>Type: NRHP-Listed Only"
39.121110913866,-88.541077239691,Heart Theater,NRHP-Listed Only,"<strong>Heart Theater</strong><br/>Effingham, IL<br/>Listed: 4/12/23<br/>Type: NRHP-Listed Only"
37.76417269733,-89.337719804299,Liberty Theater,NRHP-Listed Only,"<strong>Liberty Theater</strong><br/>Murphysboro, IL<br/>Listed: 6/13/12<br/>Type: NRHP-Listed Only"
41.913856990595,-88.312473990169,Arcada Theater Building,NRHP-Listed Only,"<strong>Arcada Theater Building</strong><br/>St. Charles, IL<br/>Listed: 8/16/94<br/>Type: NRHP-Listed Only"
41.757745343148,-88.314623696876,Paramount Theatre,NRHP-Listed Only,"<strong>Paramount Theatre</strong><br/>Aurora, IL<br/>Listed: 3/18/80<br/>Type: NRHP-Listed Only"
42.154593715516,-88.136660888855,Catlow Theatre,LHAT Member Theater,"<strong>Catlow Theatre</strong><br/>Barrington, IL<br/>Listed: 8/21/89<br/>Type: LHAT Member Theater"
40.509217363088,-88.986470535857,Normal Theater,NRHP-Listed Only,"<strong>Normal Theater</strong><br/>Normal, IL<br/>Listed: 7/25/97<br/>Type: NRHP-Listed Only"
40.693873180198,-89.591651733257,Madison Theatre,NRHP-Listed Only,"<strong>Madison Theatre</strong><br/>Peoria, IL<br/>Listed: 11/21/80<br/>Type: NRHP-Listed Only"
39.608338833604,-90.806317585896,Zoe Theatre,NRHP-Listed Only,"<strong>Zoe Theatre</strong><br/>Pittsfield, IL<br/>Listed: 1/2/13<br/>Type: NRHP-Listed Only"
41.509879131236,-90.574255862275,Fort Armstrong Theatre,NRHP-Listed Only,"<strong>Fort Armstrong Theatre</strong><br/>Rock Island, IL<br/>Listed: 5/23/80<br/>Type: NRHP-Listed Only"
38.627445189574,-90.1576740342,Majestic Theatre,NRHP-Listed Only,"<strong>Majestic Theatre</strong><br/>East St. Louis, IL<br/>Listed: 5/9/85<br/>Type: NRHP-Listed Only"
40.128164393887,-87.630346244029,Fischer Theater,NRHP-Listed Only,"<strong>Fischer Theater</strong><br/>Danville, IL<br/>Listed: 9/16/01<br/>Type: NRHP-Listed Only"
41.526123476925,-88.081433450841,Rubens Rialto Square Theater,NRHP-Listed Only,"<strong>Rubens Rialto Square Theater</strong><br/>Joliet, IL<br/>Listed: 7/24/78<br/>Type: NRHP-Listed Only"
41.236024304575,-85.856960494803,Embassy Theater and Indiana Hotel,NRHP-Listed Only,"<strong>Embassy Theater and Indiana Hotel</strong><br/>Fort Wayne, IN<br/>Listed: 9/5/75<br/>Type: NRHP-Listed Only"
41.081753988323,-85.136706999101,Fort Wayne Performing Arts Theatre,NRHP-Listed Only,"<strong>Fort Wayne Performing Arts Theatre</strong><br/>Fort Wayne, IN<br/>Listed: 11/25/24<br/>Type: NRHP-Listed Only"
40.617965013077,-87.322960229275,Fowler Theatre,NRHP-Listed Only,"<strong>Fowler Theatre</strong><br/>Fowler, IN<br/>Listed: 12/6/04<br/>Type: NRHP-Listed Only"
39.33814592163,-85.484400580397,Knights of Pythias Building and Theatre,NRHP-Listed Only,"<strong>Knights of Pythias Building and Theatre</strong><br/>Greensburg, IN<br/>Listed: 3/28/78<br/>Type: NRHP-Listed Only"
41.68394079976,-85.972100024099,Lerner Theatre,NRHP-Listed Only,"<strong>Lerner Theatre</strong><br/>Elkhart, IN<br/>Listed: 10/2/80<br/>Type: NRHP-Listed Only"
41.679255,-87.499121,Hoosier Theater Building,NRHP-Listed Only,"<strong>Hoosier Theater Building</strong><br/>Whiting, IN<br/>Listed: 2/18/87<br/>Type: NRHP-Listed Only"
40.1044973359,-85.678861069343,Paramount Theater Building,NRHP-Listed Only,"<strong>Paramount Theater Building</strong><br/>Anderson, IN<br/>Listed: 8/29/91<br/>Type: NRHP-Listed Only"
39.768011490706,-86.157351148388,Circle Theater,NRHP-Listed Only,"<strong>Circle Theater</strong><br/>Indianapolis, IN<br/>Listed: 6/16/80<br/>Type: NRHP-Listed Only"
39.767586528215,-86.161047735326,Indiana Theatre,NRHP-Listed Only,"<strong>Indiana Theatre</strong><br/>Indianapolis, IN<br/>Listed: 1/29/79<br/>Type: NRHP-Listed Only"
39.781068316559,-86.111135262116,Rivoli Theater,NRHP-Listed Only,"<strong>Rivoli Theater</strong><br/>Indianapolis, IN<br/>Listed: 6/22/04<br/>Type: NRHP-Listed Only"
39.167900122315,-86.533296018156,Princess Theatre,NRHP-Listed Only,"<strong>Princess Theatre</strong><br/>Bloomington, IN<br/>Listed: 6/16/83<br/>Type: NRHP-Listed Only"
41.67461656112,-86.249857603689,Blackstone-State Theater,NRHP-Listed Only,"<strong>Blackstone-State Theater</strong><br/>South Bend, IN<br/>Listed: 6/5/85<br/>Type: NRHP-Listed Only"
41.678220108933,-86.250754551147,Palace Theater,NRHP-Listed Only,"<strong>Palace Theater</strong><br/>South Bend, IN<br/>Listed: 6/5/85<br/>Type: NRHP-Listed Only"
38.747206995612,-85.066614004349,Old Hoosier Theatre,NRHP-Listed Only,"<strong>Old Hoosier Theatre</strong><br/>Vevay, IN<br/>Listed: 3/1/82<br/>Type: NRHP-Listed Only"
40.4175655871,-86.890577550678,Mars Theatre,NRHP-Listed Only,"<strong>Mars Theatre</strong><br/>Lafayette, IN<br/>Listed: 1/26/81<br/>Type: NRHP-Listed Only"
37.973138949821,-87.568720228769,Victory Theater and Hotel Sonntag (Additional Documentation),NRHP-Listed Only,"<strong>Victory Theater and Hotel Sonntag (Additional Documentation)</strong><br/>Evansville, IN<br/>Listed: 7/1/82<br/>Type: NRHP-Listed Only"
39.465159331199,-87.405997061825,Hippodrome Theatre,NRHP-Listed Only,"<strong>Hippodrome Theatre</strong><br/>Terre Haute, IN<br/>Listed: 6/30/83<br/>Type: NRHP-Listed Only"
39.465282461357,-87.407334897391,Indiana Theatre,NRHP-Listed Only,"<strong>Indiana Theatre</strong><br/>Terre Haute, IN<br/>Listed: 11/13/97<br/>Type: NRHP-Listed Only"
40.838801968302,-85.793292487875,13-24 Drive-In Movie Theater,NRHP-Listed Only,"<strong>13-24 Drive-In Movie Theater</strong><br/>Wabash, IN<br/>Listed: 5/26/21<br/>Type: NRHP-Listed Only"
39.828780330638,-84.888858564612,Murray Theater,NRHP-Listed Only,"<strong>Murray Theater</strong><br/>Richmond, IN<br/>Listed: 3/25/82<br/>Type: NRHP-Listed Only"
42.537653270428,-92.445908203929,Cotton Theater,NRHP-Listed Only,"<strong>Cotton Theater</strong><br/>Cedar Falls, IA<br/>Listed: 7/23/93<br/>Type: NRHP-Listed Only"
42.469384932178,-91.893085814963,Malek Theatre,NRHP-Listed Only,"<strong>Malek Theatre</strong><br/>Independence, IA<br/>Listed: 5/21/09<br/>Type: NRHP-Listed Only"
42.893458815708,-95.149239113158,Sioux Theatre,NRHP-Listed Only,"<strong>Sioux Theatre</strong><br/>Sioux Rapids, IA<br/>Listed: 2/21/12<br/>Type: NRHP-Listed Only"
41.770119923991,-91.127853594314,Hardacre Theater,NRHP-Listed Only,"<strong>Hardacre Theater</strong><br/>Tipton, IA<br/>Listed: 1/5/16<br/>Type: NRHP-Listed Only"
40.8095508026,-91.103200489238,The Capitol Theater,NRHP-Listed Only,"<strong>The Capitol Theater</strong><br/>Burlington, IA<br/>Listed: 11/22/96<br/>Type: NRHP-Listed Only"
42.497898197033,-90.665748459597,Orpheum Theatre and Site,NRHP-Listed Only,"<strong>Orpheum Theatre and Site</strong><br/>Dubuque, IA<br/>Listed: 11/14/72<br/>Type: NRHP-Listed Only"
43.100670065312,-93.601759240777,"Avery Theater, The",NRHP-Listed Only,"<strong>Avery Theater, The</strong><br/>Garner, IA<br/>Listed: 11/12/08<br/>Type: NRHP-Listed Only"
43.299008416195,-93.636846722725,"Pilot Knob State Park, Amphitheater (Area 4)",NRHP-Listed Only,"<strong>Pilot Knob State Park, Amphitheater (Area 4)</strong><br/>Forest City, IA<br/>Listed: 11/15/90<br/>Type: NRHP-Listed Only"
40.967124924514,-91.553510609806,Masonic Temple Theater,NRHP-Listed Only,"<strong>Masonic Temple Theater</strong><br/>Mount Pleasant, IA<br/>Listed: 9/6/91<br/>Type: NRHP-Listed Only"
41.659793165354,-91.53228385911,Englert Theatre,NRHP-Listed Only,"<strong>Englert Theatre</strong><br/>Iowa City, IA<br/>Listed: 8/30/01<br/>Type: NRHP-Listed Only"
41.976689874184,-91.666849698716,Paramount Theater Building,NRHP-Listed Only,"<strong>Paramount Theater Building</strong><br/>Cedar Rapids, IA<br/>Listed: 8/26/76<br/>Type: NRHP-Listed Only"
41.5783149,-93.6677802,Sylvan Theater Historic District,NRHP-Listed Only,"<strong>Sylvan Theater Historic District</strong><br/>Des Moines, IA<br/>Listed: 8/15/95<br/>Type: NRHP-Listed Only"
41.729021315337,-92.445099014996,Brooklyn Opera House–Broadway Theatre,NRHP-Listed Only,"<strong>Brooklyn Opera House–Broadway Theatre</strong><br/>Brooklyn, IA<br/>Listed: 5/17/21<br/>Type: NRHP-Listed Only"
41.522540967689,-90.5737524622,Hotel Mississippi-RKO Orpheum Theater,NRHP-Listed Only,"<strong>Hotel Mississippi-RKO Orpheum Theater</strong><br/>Davenport, IA<br/>Listed: 10/22/98<br/>Type: NRHP-Listed Only"
41.995365005916,-92.576592970908,Wieting Theater,NRHP-Listed Only,"<strong>Wieting Theater</strong><br/>Toledo, IA<br/>Listed: 4/26/79<br/>Type: NRHP-Listed Only"
42.496060590491,-96.404718373159,New Orpheum Theatre,NRHP-Listed Only,"<strong>New Orpheum Theatre</strong><br/>Sioux City, IA<br/>Listed: 8/25/00<br/>Type: NRHP-Listed Only"
37.920838640035,-95.405952918998,Iola Theatre,NRHP-Listed Only,"<strong>Iola Theatre</strong><br/>Iola, KS<br/>Listed: 1/5/24<br/>Type: NRHP-Listed Only"
38.364113787359,-98.764078942483,Crest Theater,NRHP-Listed Only,"<strong>Crest Theater</strong><br/>Great Bend, KS<br/>Listed: 2/9/05<br/>Type: NRHP-Listed Only"
37.67653658133301,-96.979034825373,Augusta Theater,NRHP-Listed Only,"<strong>Augusta Theater</strong><br/>Augusta, KS<br/>Listed: 10/31/90<br/>Type: NRHP-Listed Only"
38.194950427019,-95.739054193599,Plaza Theater,NRHP-Listed Only,"<strong>Plaza Theater</strong><br/>Burlington, KS<br/>Listed: 2/9/05<br/>Type: NRHP-Listed Only"
37.270386608909,-99.327316935792,Chief Theater,NRHP-Listed Only,"<strong>Chief Theater</strong><br/>Coldwater, KS<br/>Listed: 2/9/05<br/>Type: NRHP-Listed Only"
37.23888184281,-96.997661076951,Winfield Fox Theatre,NRHP-Listed Only,"<strong>Winfield Fox Theatre</strong><br/>Winfield, KS<br/>Listed: 1/6/22<br/>Type: NRHP-Listed Only"
37.411457014927,-94.705292030566,Colonial Fox Theatre,LHAT Member Theater,"<strong>Colonial Fox Theatre</strong><br/>Pittsburg, KS<br/>Listed: 4/16/08<br/>Type: LHAT Member Theater"
37.923046894336,-99.410107508027,Palace Theater,NRHP-Listed Only,"<strong>Palace Theater</strong><br/>Kinsley, KS<br/>Listed: 2/9/05<br/>Type: NRHP-Listed Only"
37.981389424755,-101.752544092831,Northup Theater,NRHP-Listed Only,"<strong>Northup Theater</strong><br/>Syracuse, KS<br/>Listed: 2/9/05<br/>Type: NRHP-Listed Only"
37.152153618942,-98.032348084562,Anthony Theater,NRHP-Listed Only,"<strong>Anthony Theater</strong><br/>Anthony, KS<br/>Listed: 4/18/91<br/>Type: NRHP-Listed Only"
38.984166751143,-94.66927859684,Overland Theater,NRHP-Listed Only,"<strong>Overland Theater</strong><br/>Overland Park, KS<br/>Listed: 2/9/05<br/>Type: NRHP-Listed Only"
39.318010620455,-94.91393428059,Hollywood Theater,NRHP-Listed Only,"<strong>Hollywood Theater</strong><br/>Leavenworth, KS<br/>Listed: 10/25/90<br/>Type: NRHP-Listed Only"
38.407784215365,-96.180427864278,Granada Theater,NRHP-Listed Only,"<strong>Granada Theater</strong><br/>Emporia, KS<br/>Listed: 4/4/85<br/>Type: NRHP-Listed Only"
37.224083467025,-95.707713503254,Booth Theater,NRHP-Listed Only,"<strong>Booth Theater</strong><br/>Independence, KS<br/>Listed: 10/13/88<br/>Type: NRHP-Listed Only"
37.036403979657,-95.617995036588,Midland Theater,NRHP-Listed Only,"<strong>Midland Theater</strong><br/>Coffeyville, KS<br/>Listed: 2/9/05<br/>Type: NRHP-Listed Only"
38.053713346857,-97.930950540086,Fox Theater,NRHP-Listed Only,"<strong>Fox Theater</strong><br/>Hutchinson, KS<br/>Listed: 9/7/89<br/>Type: NRHP-Listed Only"
38.891804255029,-98.859548400556,Dream Theater,NRHP-Listed Only,"<strong>Dream Theater</strong><br/>Russell, KS<br/>Listed: 3/8/06<br/>Type: NRHP-Listed Only"
38.839131935805,-97.60906294741,Fox-Watson Theater Building,NRHP-Listed Only,"<strong>Fox-Watson Theater Building</strong><br/>Salina, KS<br/>Listed: 8/4/88<br/>Type: NRHP-Listed Only"
37.701176492358,-97.322163859998,Dunbar Theatre,NRHP-Listed Only,"<strong>Dunbar Theatre</strong><br/>Wichita, KS<br/>Listed: 7/2/08<br/>Type: NRHP-Listed Only"
37.688289609593,-97.335381115477,Orpheum Theater and Office Building,NRHP-Listed Only,"<strong>Orpheum Theater and Office Building</strong><br/>Wichita, KS<br/>Listed: 11/28/80<br/>Type: NRHP-Listed Only"
39.050306798448,-95.675049142761,"Jayhawk Hotel, Theater and Walk",NRHP-Listed Only,"<strong>Jayhawk Hotel, Theater and Walk</strong><br/>Topeka, KS<br/>Listed: 3/11/82<br/>Type: NRHP-Listed Only"
39.11537630908,-94.636085505893,Granada Theater,NRHP-Listed Only,"<strong>Granada Theater</strong><br/>Kansas City, KS<br/>Listed: 2/9/05<br/>Type: NRHP-Listed Only"
38.480001980662,-82.642975972333,Paramount Theatre,NRHP-Listed Only,"<strong>Paramount Theatre</strong><br/>Ashland, KY<br/>Listed: 6/30/75<br/>Type: NRHP-Listed Only"
39.108247668067,-84.481133708954,Marianne Theater,NRHP-Listed Only,"<strong>Marianne Theater</strong><br/>Bellevue, KY<br/>Listed: 3/17/15<br/>Type: NRHP-Listed Only"
37.694279108054,-85.859785455214,State Theatre,NRHP-Listed Only,"<strong>State Theatre</strong><br/>Elizabethtown, KY<br/>Listed: 12/10/98<br/>Type: NRHP-Listed Only"
38.246827340271,-85.758185100182,Brown Hotel Building and Theater,NRHP-Listed Only,"<strong>Brown Hotel Building and Theater</strong><br/>Louisville, KY<br/>Listed: 2/17/78<br/>Type: NRHP-Listed Only"
38.259349804492,-85.788763494132,Ideal Theatre,NRHP-Listed Only,"<strong>Ideal Theatre</strong><br/>Louisville, KY<br/>Listed: 9/8/83<br/>Type: NRHP-Listed Only"
38.247966425609,-85.757892441823,Loew's and United Artists State Theatre,NRHP-Listed Only,"<strong>Loew's and United Artists State Theatre</strong><br/>Louisville, KY<br/>Listed: 3/28/78<br/>Type: NRHP-Listed Only"
38.247966425609,-85.757892441823,Theater Building,NRHP-Listed Only,"<strong>Theater Building</strong><br/>Louisville, KY<br/>Listed: 8/12/82<br/>Type: NRHP-Listed Only"
38.251184640165,-85.758381710358,Walnut Street Theater,NRHP-Listed Only,"<strong>Walnut Street Theater</strong><br/>Louisville, KY<br/>Listed: 9/1/78<br/>Type: NRHP-Listed Only"
39.093636921185,-84.549395928415,"Ludlow Theater, The",NRHP-Listed Only,"<strong>Ludlow Theater, The</strong><br/>Ludlow, KY<br/>Listed: 3/27/13<br/>Type: NRHP-Listed Only"
38.64686798707,-83.764440502862,Russell Theatre,NRHP-Listed Only,"<strong>Russell Theatre</strong><br/>Maysville, KY<br/>Listed: 3/31/06<br/>Type: NRHP-Listed Only"
36.74126162042,-84.162050915957,Lane Theater,NRHP-Listed Only,"<strong>Lane Theater</strong><br/>Williamsburg, KY<br/>Listed: 11/26/04<br/>Type: NRHP-Listed Only"
30.956954596323,-92.181421649521,Bailey Theatre,NRHP-Listed Only,"<strong>Bailey Theatre</strong><br/>Bunkie, LA<br/>Listed: 7/26/79<br/>Type: NRHP-Listed Only"
32.510205266303,-93.749972998048,Strand Theatre,NRHP-Listed Only,"<strong>Strand Theatre</strong><br/>Shreveport, LA<br/>Listed: 5/26/77<br/>Type: NRHP-Listed Only"
30.438589062746,-91.175239594269,Lincoln Theater,NRHP-Listed Only,"<strong>Lincoln Theater</strong><br/>East Baton Rouge, LA<br/>Listed: 12/7/10<br/>Type: NRHP-Listed Only"
30.005319979976,-91.817289018918,Evangeline Theater,NRHP-Listed Only,"<strong>Evangeline Theater</strong><br/>New Iberia, LA<br/>Listed: 2/18/99<br/>Type: NRHP-Listed Only"
32.240955678758,-92.714859306572,Palace Theatre,NRHP-Listed Only,"<strong>Palace Theatre</strong><br/>Jonesboro, LA<br/>Listed: 7/30/08<br/>Type: NRHP-Listed Only"
30.223865993425,-92.657832974874,Strand Theatre,NRHP-Listed Only,"<strong>Strand Theatre</strong><br/>Jennings, LA<br/>Listed: 11/12/98<br/>Type: NRHP-Listed Only"
29.796933516613,-90.819912888034,Grand Theatre,NRHP-Listed Only,"<strong>Grand Theatre</strong><br/>Thibodaux, LA<br/>Listed: 3/5/86<br/>Type: NRHP-Listed Only"
32.530034041279,-92.637676593213,Dixie Theatre,NRHP-Listed Only,"<strong>Dixie Theatre</strong><br/>Ruston, LA<br/>Listed: 10/14/93<br/>Type: NRHP-Listed Only"
32.698862879862,-92.655862976171,Gem Theater,NRHP-Listed Only,"<strong>Gem Theater</strong><br/>Dubach, LA<br/>Listed: 3/27/25<br/>Type: NRHP-Listed Only"
32.760901682899,-91.958525763805,Rose Theatre,NRHP-Listed Only,"<strong>Rose Theatre</strong><br/>Bastrop, LA<br/>Listed: 9/8/87<br/>Type: NRHP-Listed Only"
29.967108182594,-90.076666376589,Carver Theater,NRHP-Listed Only,"<strong>Carver Theater</strong><br/>New Orleans, LA<br/>Listed: 8/20/98<br/>Type: NRHP-Listed Only"
29.952206541762,-90.097472188108,Gem Theater,NRHP-Listed Only,"<strong>Gem Theater</strong><br/>New Orleans, LA<br/>Listed: 1/26/16<br/>Type: NRHP-Listed Only"
29.951531295642,-90.074961497483,Iroquois Theater,NRHP-Listed Only,"<strong>Iroquois Theater</strong><br/>New Orleans, LA<br/>Listed: 1/14/03<br/>Type: NRHP-Listed Only"
29.954399588238,-90.072607528168,Orpheum Theatre,NRHP-Listed Only,"<strong>Orpheum Theatre</strong><br/>New Orleans, LA<br/>Listed: 8/11/82<br/>Type: NRHP-Listed Only"
29.956062762046,-90.07284783296,Saenger Theatre,NRHP-Listed Only,"<strong>Saenger Theatre</strong><br/>New Orleans, LA<br/>Listed: 11/25/77<br/>Type: NRHP-Listed Only"
29.956062762046,-90.07284783296,Saenger Theatre (Boundary Increase),NRHP-Listed Only,"<strong>Saenger Theatre (Boundary Increase)</strong><br/>New Orleans, LA<br/>Listed: 4/1/85<br/>Type: NRHP-Listed Only"
30.492907453829,-92.416921918157,Liberty Theatre,NRHP-Listed Only,"<strong>Liberty Theatre</strong><br/>Eunice, LA<br/>Listed: 2/19/87<br/>Type: NRHP-Listed Only"
30.273428019264,-89.78385196523,Arcade Theater,NRHP-Listed Only,"<strong>Arcade Theater</strong><br/>Slidell, LA<br/>Listed: 8/29/97<br/>Type: NRHP-Listed Only"
32.861308982997,-91.387581029622,Fiske Theatre,NRHP-Listed Only,"<strong>Fiske Theatre</strong><br/>Oak Grove, LA<br/>Listed: 1/29/14<br/>Type: NRHP-Listed Only"
47.155515554899,-67.932980148091,Gayety Theatre,NRHP-Listed Only,"<strong>Gayety Theatre</strong><br/>Van Buren, ME<br/>Listed: 3/20/26<br/>Type: NRHP-Listed Only"
44.116321428654,-70.667655095732,Deertrees Theatre,NRHP-Listed Only,"<strong>Deertrees Theatre</strong><br/>Harrison, ME<br/>Listed: 1/5/89<br/>Type: NRHP-Listed Only"
44.389842229146,-68.206108318738,Criterion Theatre,NRHP-Listed Only,"<strong>Criterion Theatre</strong><br/>Bar Harbor, ME<br/>Listed: 4/23/80<br/>Type: NRHP-Listed Only"
44.317787491864,-69.773005540377,Colonial Theater,LHAT Member Theater,"<strong>Colonial Theater</strong><br/>Augusta, ME<br/>Listed: 10/8/14<br/>Type: LHAT Member Theater"
44.211584336223,-69.064552415658,Camden Amphitheatre and Public Library,NRHP-Listed Only,"<strong>Camden Amphitheatre and Public Library</strong><br/>Camden, ME<br/>Listed: 2/27/13<br/>Type: NRHP-Listed Only"
44.103104739498,-69.108841386209,Strand Theatre,NRHP-Listed Only,"<strong>Strand Theatre</strong><br/>Rockland, ME<br/>Listed: 12/2/04<br/>Type: NRHP-Listed Only"
44.09577850607699,-69.385388278009,Waldo Theatre,NRHP-Listed Only,"<strong>Waldo Theatre</strong><br/>Waldoboro, ME<br/>Listed: 9/11/86<br/>Type: NRHP-Listed Only"
44.83145,-69.77811,Lakewood Theater,NRHP-Listed Only,"<strong>Lakewood Theater</strong><br/>Madison, ME<br/>Listed: 6/18/75<br/>Type: NRHP-Listed Only"
39.33147501635,-76.694781685572,Ambassador Theater,NRHP-Listed Only,"<strong>Ambassador Theater</strong><br/>Baltimore, MD<br/>Listed: 2/27/23<br/>Type: NRHP-Listed Only"
39.289572289814,-76.621145827985,Hippodrome Theatre,NRHP-Listed Only,"<strong>Hippodrome Theatre</strong><br/>Baltimore (Independent City), MD<br/>Listed: 1/14/00<br/>Type: NRHP-Listed Only"
39.305570782387,-76.618178697707,Lyric Theatre,NRHP-Listed Only,"<strong>Lyric Theatre</strong><br/>Baltimore (Independent City), MD<br/>Listed: 1/23/86<br/>Type: NRHP-Listed Only"
39.305570782387,-76.618178697707,Lyric Theatre (Additional Documentation),NRHP-Listed Only,"<strong>Lyric Theatre (Additional Documentation)</strong><br/>Baltimore (Independent City), MD<br/>Listed: 9/26/24<br/>Type: NRHP-Listed Only"
39.363540070766,-76.610206857608,Senator Theatre,NRHP-Listed Only,"<strong>Senator Theatre</strong><br/>Baltimore (Independent City), MD<br/>Listed: 8/24/89<br/>Type: NRHP-Listed Only"
38.987236623181,-77.094648255545,Bethesda Theatre,NRHP-Listed Only,"<strong>Bethesda Theatre</strong><br/>Bethesda, MD<br/>Listed: 2/5/99<br/>Type: NRHP-Listed Only"
39.641529577617,-77.72047609916,Colonial Theatre,NRHP-Listed Only,"<strong>Colonial Theatre</strong><br/>Hagerstown, MD<br/>Listed: 8/2/78<br/>Type: NRHP-Listed Only"
39.641506695022,-77.720944312271,Maryland Theatre,LHAT Member Theater,"<strong>Maryland Theatre</strong><br/>Hagerstown, MD<br/>Listed: 11/13/76<br/>Type: LHAT Member Theater"
38.076098853758,-75.56908077354,Mar-Va Theater,NRHP-Listed Only,"<strong>Mar-Va Theater</strong><br/>Pocomoke City, MD<br/>Listed: 3/21/96<br/>Type: NRHP-Listed Only"
42.587328661507,-72.599781096261,Garden Theater Block,NRHP-Listed Only,"<strong>Garden Theater Block</strong><br/>Greenfield, MA<br/>Listed: 9/1/83<br/>Type: NRHP-Listed Only"
42.104318641175,-72.594944989586,"Sanderson, Julia, Theater",NRHP-Listed Only,"<strong>Sanderson, Julia, Theater</strong><br/>Springfield, MA<br/>Listed: 5/10/79<br/>Type: NRHP-Listed Only"
42.405904043655,-71.14314822999,Capitol Theater Building,NRHP-Listed Only,"<strong>Capitol Theater Building</strong><br/>Arlington, MA<br/>Listed: 4/18/85<br/>Type: NRHP-Listed Only"
42.396641076727,-71.123001822793,Somerville Theatre,NRHP-Listed Only,"<strong>Somerville Theatre</strong><br/>Somerville, MA<br/>Listed: 1/26/90<br/>Type: NRHP-Listed Only"
42.267109994901,-71.016704035465,Wollaston Theatre,NRHP-Listed Only,"<strong>Wollaston Theatre</strong><br/>Quincy, MA<br/>Listed: 9/20/89<br/>Type: NRHP-Listed Only"
42.350389986462,-71.064790008154,Metropolitan Theatre,NRHP-Listed Only,"<strong>Metropolitan Theatre</strong><br/>Boston, MA<br/>Listed: 12/9/80<br/>Type: NRHP-Listed Only"
42.341834996986,-71.085590958169007,Repertory Theatre of Boston,NRHP-Listed Only,"<strong>Repertory Theatre of Boston</strong><br/>Boston, MA<br/>Listed: 8/29/23<br/>Type: NRHP-Listed Only"
42.350380011997,-71.065410017532,"Shubert, Sam S., Theatre",NRHP-Listed Only,"<strong>Shubert, Sam S., Theatre</strong><br/>Boston, MA<br/>Listed: 12/9/80<br/>Type: NRHP-Listed Only"
42.353612995871,-71.062695035274,Washington Street Theatre District,NRHP-Listed Only,"<strong>Washington Street Theatre District</strong><br/>Boston, MA<br/>Listed: 3/19/79<br/>Type: NRHP-Listed Only"
42.350699991151,-71.064669979301,Wilbur Theatre,NRHP-Listed Only,"<strong>Wilbur Theatre</strong><br/>Boston, MA<br/>Listed: 12/9/80<br/>Type: NRHP-Listed Only"
42.260835008817,-71.802971983237,Poli's Palace Theater,NRHP-Listed Only,"<strong>Poli's Palace Theater</strong><br/>Worcester, MA<br/>Listed: 1/10/11<br/>Type: NRHP-Listed Only"
41.933876998692,-85.060418017702,Capri Drive-In Theater,NRHP-Listed Only,"<strong>Capri Drive-In Theater</strong><br/>Batavia Township, MI<br/>Listed: 3/26/24<br/>Type: NRHP-Listed Only"
43.015211994301,-83.68867899463,Capitol Theatre Building,NRHP-Listed Only,"<strong>Capitol Theatre Building</strong><br/>Flint, MI<br/>Listed: 1/31/85<br/>Type: NRHP-Listed Only"
46.455164247104,-90.167464873125,Ironwood Theatre Complex,NRHP-Listed Only,"<strong>Ironwood Theatre Complex</strong><br/>Ironwood, MI<br/>Listed: 1/11/85<br/>Type: NRHP-Listed Only"
47.247861999668,-88.4533519896,Calumet Theatre,NRHP-Listed Only,"<strong>Calumet Theatre</strong><br/>Calumet, MI<br/>Listed: 8/5/71<br/>Type: NRHP-Listed Only"
42.732338308041,-84.552178611454,Strand Theatre and Arcade,NRHP-Listed Only,"<strong>Strand Theatre and Arcade</strong><br/>Lansing, MI<br/>Listed: 9/17/80<br/>Type: NRHP-Listed Only"
42.24813177355,-84.406286163445,Michigan Theater,LHAT Member Theater,"<strong>Michigan Theater</strong><br/>Jackson, MI<br/>Listed: 5/8/80<br/>Type: LHAT Member Theater"
42.288496295125,-85.583325310416,State Theatre (Additional Documentation),NRHP-Listed Only,"<strong>State Theatre (Additional Documentation)</strong><br/>Kalamazoo, MI<br/>Listed: 11/17/21<br/>Type: NRHP-Listed Only"
44.245661592225,-86.32350779433,Ramsdell Theatre,LHAT Member Theater,"<strong>Ramsdell Theatre</strong><br/>Manistee, MI<br/>Listed: 1/13/72<br/>Type: LHAT Member Theater"
46.498926775252,-87.609167346704,Vista Theater,NRHP-Listed Only,"<strong>Vista Theater</strong><br/>Negaunee, MI<br/>Listed: 7/22/05<br/>Type: NRHP-Listed Only"
42.636340499221,-83.291346190167,Eagle Theater,NRHP-Listed Only,"<strong>Eagle Theater</strong><br/>Pontiac, MI<br/>Listed: 2/16/84<br/>Type: NRHP-Listed Only"
45.420838908954,-83.817780252461,Rogers Theater,NRHP-Listed Only,"<strong>Rogers Theater</strong><br/>Rogers City, MI<br/>Listed: 8/28/24<br/>Type: NRHP-Listed Only"
42.279732009526,-83.7480620126,Michigan Theater Building,NRHP-Listed Only,"<strong>Michigan Theater Building</strong><br/>Ann Arbor, MI<br/>Listed: 11/28/80<br/>Type: NRHP-Listed Only"
42.403590009736,-82.937394009408,Alger Theater,NRHP-Listed Only,"<strong>Alger Theater</strong><br/>Detroit, MI<br/>Listed: 7/22/05<br/>Type: NRHP-Listed Only"
42.337659426191,-83.04622187421,Century Building and Little Theatre,NRHP-Listed Only,"<strong>Century Building and Little Theatre</strong><br/>Detroit, MI<br/>Listed: 5/9/85<br/>Type: NRHP-Listed Only"
42.337755985715,-83.05175703161,Fox Theater Building,NRHP-Listed Only,"<strong>Fox Theater Building</strong><br/>Detroit, MI<br/>Listed: 2/14/85<br/>Type: NRHP-Listed Only"
42.351440197021,-83.06007967473,Majestic Theater,NRHP-Listed Only,"<strong>Majestic Theater</strong><br/>Detroit, MI<br/>Listed: 7/2/08<br/>Type: NRHP-Listed Only"
42.337755985715,-83.05175703161,"Palms, Francis, Building & State Theater",NRHP-Listed Only,"<strong>Palms, Francis, Building & State Theater</strong><br/>Detroit, MI<br/>Listed: 11/24/82<br/>Type: NRHP-Listed Only"
42.337755985715,-83.05175703161,"Palms, Francis, Building and State Theater",NRHP-Listed Only,"<strong>Palms, Francis, Building and State Theater</strong><br/>Detroit, MI<br/>Listed: 10/25/84<br/>Type: NRHP-Listed Only"
42.417372037851,-83.257246764031,Redford Theatre Building,NRHP-Listed Only,"<strong>Redford Theatre Building</strong><br/>Detroit, MI<br/>Listed: 1/31/85<br/>Type: NRHP-Listed Only"
42.407405653913,-82.909696330429,Wilson Theatre,NRHP-Listed Only,"<strong>Wilson Theatre</strong><br/>Detroit, MI<br/>Listed: 8/9/77<br/>Type: NRHP-Listed Only"
45.195289158487,-93.394143718082,Windego Park Auditorium/Open Air Theater,NRHP-Listed Only,"<strong>Windego Park Auditorium/Open Air Theater</strong><br/>Anoka, MN<br/>Listed: 1/8/80<br/>Type: NRHP-Listed Only"
44.976721631818,-93.277914018034,Hennepin Theatre,NRHP-Listed Only,"<strong>Hennepin Theatre</strong><br/>Minneapolis, MN<br/>Listed: 1/19/96<br/>Type: NRHP-Listed Only"
45.019077274492,-93.236755939776,Hollywood Theater,NRHP-Listed Only,"<strong>Hollywood Theater</strong><br/>Minneapolis, MN<br/>Listed: 2/5/14<br/>Type: NRHP-Listed Only"
44.979405726762,-93.273524331522,"Shubert, Sam S., Theatre",NRHP-Listed Only,"<strong>Shubert, Sam S., Theatre</strong><br/>Minneapolis, MN<br/>Listed: 10/31/95<br/>Type: NRHP-Listed Only"
43.670119803245,-92.973495867557,Paramount Theater,NRHP-Listed Only,"<strong>Paramount Theater</strong><br/>Austin, MN<br/>Listed: 10/23/86<br/>Type: NRHP-Listed Only"
44.022877017978,-92.463949999057,Chateau Dodge Theatre,NRHP-Listed Only,"<strong>Chateau Dodge Theatre</strong><br/>Rochester, MN<br/>Listed: 7/17/80<br/>Type: NRHP-Listed Only"
44.949049616674,-93.097704440866,"Shubert, Sam S., Theatre and Shubert Building",NRHP-Listed Only,"<strong>Shubert, Sam S., Theatre and Shubert Building</strong><br/>Saint Paul, MN<br/>Listed: 7/19/10<br/>Type: NRHP-Listed Only"
44.609874452234,-95.329517236876,Odeon Theater,NRHP-Listed Only,"<strong>Odeon Theater</strong><br/>Belview, MN<br/>Listed: 8/30/74<br/>Type: NRHP-Listed Only"
43.654250010687,-96.209523964771,Palace Theater,NRHP-Listed Only,"<strong>Palace Theater</strong><br/>Luverne, MN<br/>Listed: 3/18/80<br/>Type: NRHP-Listed Only"
47.902932962358,-91.862882967974,Ely State Theater,NRHP-Listed Only,"<strong>Ely State Theater</strong><br/>Ely, MN<br/>Listed: 7/21/15<br/>Type: NRHP-Listed Only"
34.933994542645,-88.518826533668,Coliseum Theatre,NRHP-Listed Only,"<strong>Coliseum Theatre</strong><br/>Corinth, MS<br/>Listed: 8/21/80<br/>Type: NRHP-Listed Only"
31.278253772166,-89.290656826466,Beverly Drive-In Theatre,NRHP-Listed Only,"<strong>Beverly Drive-In Theatre</strong><br/>Hattiesburg, MS<br/>Listed: 7/30/08<br/>Type: NRHP-Listed Only"
31.325674793369,-89.290549303075,Saenger Theatre,NRHP-Listed Only,"<strong>Saenger Theatre</strong><br/>Hattiesburg, MS<br/>Listed: 5/29/79<br/>Type: NRHP-Listed Only"
30.408212132416,-88.890447233539,Saenger Theater,LHAT Member Theater,"<strong>Saenger Theater</strong><br/>Biloxi, MS<br/>Listed: 5/18/84<br/>Type: LHAT Member Theater"
32.365103821247,-88.701977122447,Temple Theater,NRHP-Listed Only,"<strong>Temple Theater</strong><br/>Meridian, MS<br/>Listed: 12/18/79<br/>Type: NRHP-Listed Only"
40.193714439028,-92.583555147324,The Princess Theatre,NRHP-Listed Only,"<strong>The Princess Theatre</strong><br/>Kirksville, MO<br/>Listed: 1/29/26<br/>Type: NRHP-Listed Only"
40.444614012001,-95.387747006206,Mule Barn Theatre,NRHP-Listed Only,"<strong>Mule Barn Theatre</strong><br/>Tarkio, MO<br/>Listed: 10/15/70<br/>Type: NRHP-Listed Only"
38.948900396446,-92.327783467401,Missouri Theater,NRHP-Listed Only,"<strong>Missouri Theater</strong><br/>Columbia, MO<br/>Listed: 6/6/79<br/>Type: NRHP-Listed Only"
39.765837979394,-94.850702963234,Missouri Theater and Missouri Theater Building,NRHP-Listed Only,"<strong>Missouri Theater and Missouri Theater Building</strong><br/>St. Joseph, MO<br/>Listed: 10/11/79<br/>Type: NRHP-Listed Only"
36.755212543884,-90.393966087324,Rodgers Theatre Building,NRHP-Listed Only,"<strong>Rodgers Theatre Building</strong><br/>Poplar Bluff, MO<br/>Listed: 7/19/01<br/>Type: NRHP-Listed Only"
37.306567513061,-89.528509103474,Broadway Theatre,NRHP-Listed Only,"<strong>Broadway Theatre</strong><br/>Cape Girardeau, MO<br/>Listed: 6/15/15<br/>Type: NRHP-Listed Only"
37.307086436687,-89.529049736228,Esquire Theater,NRHP-Listed Only,"<strong>Esquire Theater</strong><br/>Cape Girardeau, MO<br/>Listed: 9/15/05<br/>Type: NRHP-Listed Only"
39.142565275143,-94.575803947903,Armour Theatre Building,NRHP-Listed Only,"<strong>Armour Theatre Building</strong><br/>North Kansas City, MO<br/>Listed: 6/24/08<br/>Type: NRHP-Listed Only"
38.973540006659,-92.743212968457,Lyric Theater,NRHP-Listed Only,"<strong>Lyric Theater</strong><br/>Boonville, MO<br/>Listed: 5/21/69<br/>Type: NRHP-Listed Only"
37.209098551985,-93.2903983599,Gillioz Theater,NRHP-Listed Only,"<strong>Gillioz Theater</strong><br/>Springfield, MO<br/>Listed: 7/9/91<br/>Type: NRHP-Listed Only"
37.207333993729,-93.290945195263,Landers Theater,NRHP-Listed Only,"<strong>Landers Theater</strong><br/>Springfield, MO<br/>Listed: 8/12/77<br/>Type: NRHP-Listed Only"
39.087526346132,-94.44875793273,Englewood Theatre,NRHP-Listed Only,"<strong>Englewood Theatre</strong><br/>Independence, MO<br/>Listed: 1/29/26<br/>Type: NRHP-Listed Only"
39.037555283419,-94.587205431698,Loew's Midland Theater-Midland Building,NRHP-Listed Only,"<strong>Loew's Midland Theater-Midland Building</strong><br/>Kansas City, MO<br/>Listed: 9/28/77<br/>Type: NRHP-Listed Only"
39.096868563954,-94.583907236617,Mainstreet Theatre,NRHP-Listed Only,"<strong>Mainstreet Theatre</strong><br/>Kansas City, MO<br/>Listed: 2/15/07<br/>Type: NRHP-Listed Only"
39.100370439282,-94.587274917675,Standard Theatre,NRHP-Listed Only,"<strong>Standard Theatre</strong><br/>Kansas City, MO<br/>Listed: 6/5/74<br/>Type: NRHP-Listed Only"
39.06068527096,-94.591070662528,Uptown Building and Theatre,NRHP-Listed Only,"<strong>Uptown Building and Theatre</strong><br/>Kansas City, MO<br/>Listed: 6/27/79<br/>Type: NRHP-Listed Only"
37.086969654582,-94.512967334368,Fox Theater,NRHP-Listed Only,"<strong>Fox Theater</strong><br/>Joplin, MO<br/>Listed: 7/30/90<br/>Type: NRHP-Listed Only"
38.58969758199,-93.855790083229,Uptown Theatre,NRHP-Listed Only,"<strong>Uptown Theatre</strong><br/>Marceline, MO<br/>Listed: 7/3/23<br/>Type: NRHP-Listed Only"
36.923691228462,-89.349573659408,McCutchen Theatre,NRHP-Listed Only,"<strong>McCutchen Theatre</strong><br/>Charleston, MO<br/>Listed: 8/6/19<br/>Type: NRHP-Listed Only"
37.912686820101,-91.901409463911,Community Theater,NRHP-Listed Only,"<strong>Community Theater</strong><br/>Newburg, MO<br/>Listed: 12/20/06<br/>Type: NRHP-Listed Only"
38.629349555238,-90.190953904553,Ambassador Theater Building,NRHP-Listed Only,"<strong>Ambassador Theater Building</strong><br/>St. Louis (Independent City), MO<br/>Listed: 3/29/83<br/>Type: NRHP-Listed Only"
38.630049153524,-90.192703264855,American Theater,NRHP-Listed Only,"<strong>American Theater</strong><br/>St. Louis (Independent City), MO<br/>Listed: 3/18/85<br/>Type: NRHP-Listed Only"
38.67195967523,-90.337351444334,Beverly Theater,NRHP-Listed Only,"<strong>Beverly Theater</strong><br/>University City, MO<br/>Listed: 8/4/05<br/>Type: NRHP-Listed Only"
38.639130987525,-90.232282024916,Fox Theater,NRHP-Listed Only,"<strong>Fox Theater</strong><br/>St. Louis (Independent City), MO<br/>Listed: 10/8/76<br/>Type: NRHP-Listed Only"
38.640131786764,-90.22998337179,St. Louis Theatre,NRHP-Listed Only,"<strong>St. Louis Theatre</strong><br/>St. Louis (Independent City), MO<br/>Listed: 5/25/01<br/>Type: NRHP-Listed Only"
46.127801270284,-112.953065472167,Washoe Theater,NRHP-Listed Only,"<strong>Washoe Theater</strong><br/>Anaconda, MT<br/>Listed: 4/30/82<br/>Type: NRHP-Listed Only"
45.892601527291,-111.55245015637,Ruby Theatre,NRHP-Listed Only,"<strong>Ruby Theatre</strong><br/>Three Forks, MT<br/>Listed: 4/30/82<br/>Type: NRHP-Listed Only"
46.869969428055,-113.995284997352,Wilma Theatre,NRHP-Listed Only,"<strong>Wilma Theatre</strong><br/>Missoula, MT<br/>Listed: 12/31/79<br/>Type: NRHP-Listed Only"
46.398222714848,-112.735759184107,Rialto Theater,NRHP-Listed Only,"<strong>Rialto Theater</strong><br/>Dear Lodge, MT<br/>Listed: 2/19/98<br/>Type: NRHP-Listed Only"
46.2922183081,-107.232368784101,Yucca Theatre,NRHP-Listed Only,"<strong>Yucca Theatre</strong><br/>Hysham, MT<br/>Listed: 1/7/94<br/>Type: NRHP-Listed Only"
48.000871661204,-106.459071351331,Fort Peck Theatre,NRHP-Listed Only,"<strong>Fort Peck Theatre</strong><br/>Fort Peck, MT<br/>Listed: 6/27/83<br/>Type: NRHP-Listed Only"
45.782935994576,-108.506606988845,Babcock Theatre Building,NRHP-Listed Only,"<strong>Babcock Theatre Building</strong><br/>Billings, MT<br/>Listed: 4/9/13<br/>Type: NRHP-Listed Only"
40.69795699357,-99.081289469768,Fort Theater,NRHP-Listed Only,"<strong>Fort Theater</strong><br/>Kearney, NE<br/>Listed: 7/12/06<br/>Type: NRHP-Listed Only"
40.699149989849,-99.081918028687,Masonic Temple and World Theater Building,NRHP-Listed Only,"<strong>Masonic Temple and World Theater Building</strong><br/>Kearney, NE<br/>Listed: 11/10/09<br/>Type: NRHP-Listed Only"
42.6688538,-103.4646913,Army Theatre,NRHP-Listed Only,"<strong>Army Theatre</strong><br/>Crawford, NE<br/>Listed: 7/7/88<br/>Type: NRHP-Listed Only"
41.257509128776,-95.942471165183,Astro Theater,NRHP-Listed Only,"<strong>Astro Theater</strong><br/>Omaha, NE<br/>Listed: 8/13/74<br/>Type: NRHP-Listed Only"
41.256546006192,-95.937195008591,City National Bank Building and Creighton Orpheum Theater,NRHP-Listed Only,"<strong>City National Bank Building and Creighton Orpheum Theater</strong><br/>Omaha, NE<br/>Listed: 3/26/73<br/>Type: NRHP-Listed Only"
40.0505040074,-101.532662967934,Zorn Theatre,NRHP-Listed Only,"<strong>Zorn Theatre</strong><br/>Benkelman, NE<br/>Listed: 2/25/21<br/>Type: NRHP-Listed Only"
41.137364018307,-100.760230021905,Fox Theatre,NRHP-Listed Only,"<strong>Fox Theatre</strong><br/>North Platte, NE<br/>Listed: 5/9/85<br/>Type: NRHP-Listed Only"
42.031818992473,-97.410631998168,Grand Theater,NRHP-Listed Only,"<strong>Grand Theater</strong><br/>Norfolk, NE<br/>Listed: 9/4/13<br/>Type: NRHP-Listed Only"
40.060652463202,-95.60290259277,Gehling's Theatre,NRHP-Listed Only,"<strong>Gehling's Theatre</strong><br/>Falls City, NE<br/>Listed: 9/28/88<br/>Type: NRHP-Listed Only"
41.863611378643,-103.662527447409,Midwest Theater,LHAT Member Theater,"<strong>Midwest Theater</strong><br/>Scottsbluff, NE<br/>Listed: 7/3/97<br/>Type: LHAT Member Theater"
36.158134628161,-115.136232653231,Huntridge Theater,NRHP-Listed Only,"<strong>Huntridge Theater</strong><br/>Las Vegas, NV<br/>Listed: 7/22/93<br/>Type: NRHP-Listed Only"
37.930039371331,-114.451050960669,Gem Theater,LHAT Member Theater,"<strong>Gem Theater</strong><br/>Pioche, NV<br/>Listed: 2/7/24<br/>Type: LHAT Member Theater"
39.524249401653,-119.811499407427,Pioneer Theater-Auditorium,NRHP-Listed Only,"<strong>Pioneer Theater-Auditorium</strong><br/>Reno, NV<br/>Listed: 1/19/05<br/>Type: NRHP-Listed Only"
39.248058942108,-114.893328944864,Capital Theater,NRHP-Listed Only,"<strong>Capital Theater</strong><br/>Ely, NV<br/>Listed: 8/5/93<br/>Type: NRHP-Listed Only"
39.251020019525,-114.883234964164,Central Theater,NRHP-Listed Only,"<strong>Central Theater</strong><br/>Ely, NV<br/>Listed: 8/5/93<br/>Type: NRHP-Listed Only"
43.528325913254,-71.470301035545,Colonial Theatre Complex,NRHP-Listed Only,"<strong>Colonial Theatre Complex</strong><br/>Laconia, NH<br/>Listed: 11/5/20<br/>Type: NRHP-Listed Only"
39.915223849501,-75.065138408255,Collingswood Theatre,NRHP-Listed Only,"<strong>Collingswood Theatre</strong><br/>Collingswood, NJ<br/>Listed: 6/3/82<br/>Type: NRHP-Listed Only"
39.892465589681,-75.066961211879,Ritz Theatre,NRHP-Listed Only,"<strong>Ritz Theatre</strong><br/>Haddon, NJ<br/>Listed: 12/26/02<br/>Type: NRHP-Listed Only"
39.912416972179,-75.053797157041,Westmont Theatre,NRHP-Listed Only,"<strong>Westmont Theatre</strong><br/>Haddon Township, NJ<br/>Listed: 10/14/10<br/>Type: NRHP-Listed Only"
39.487047778663,-75.043160619075,Landis Theatre-Mori Brothers Building,NRHP-Listed Only,"<strong>Landis Theatre-Mori Brothers Building</strong><br/>Vineland, NJ<br/>Listed: 11/22/00<br/>Type: NRHP-Listed Only"
40.746594202121,-74.228976477975,Stanley Theater,NRHP-Listed Only,"<strong>Stanley Theater</strong><br/>Newark, NJ<br/>Listed: 8/28/86<br/>Type: NRHP-Listed Only"
40.732287341138,-74.064615319513,Loew’s Jersey Theatre,NRHP-Listed Only,"<strong>Loew’s Jersey Theatre</strong><br/>Jersey City, NJ<br/>Listed: 4/25/22<br/>Type: NRHP-Listed Only"
40.348916021338,-74.070179645936,"Carlton, Theatre, The",NRHP-Listed Only,"<strong>Carlton, Theatre, The</strong><br/>Red Bank Borough, NJ<br/>Listed: 12/18/09<br/>Type: NRHP-Listed Only"
40.90053984006,-74.704262574531,Palace Theatre,NRHP-Listed Only,"<strong>Palace Theatre</strong><br/>Netcong, NJ<br/>Listed: 5/24/96<br/>Type: NRHP-Listed Only"
40.094273593321,-74.215498377669,Strand Theatre,NRHP-Listed Only,"<strong>Strand Theatre</strong><br/>Lakewood, NJ<br/>Listed: 4/22/82<br/>Type: NRHP-Listed Only"
40.562122008094,-74.529432167546,"Brook Theater, The",NRHP-Listed Only,"<strong>Brook Theater, The</strong><br/>Bound Brook Borough, NJ<br/>Listed: 5/5/14<br/>Type: NRHP-Listed Only"
41.209351993729,-74.607600958369,Crescent Theatre,NRHP-Listed Only,"<strong>Crescent Theatre</strong><br/>Borough of Sussex, NJ<br/>Listed: 9/7/05<br/>Type: NRHP-Listed Only"
40.610553818108,-74.276825997176,Rahway Theatre,LHAT Member Theater,"<strong>Rahway Theatre</strong><br/>Rahway, NJ<br/>Listed: 8/13/86<br/>Type: LHAT Member Theater"
35.084977562112996,-106.652516176297,Kimo Theater,NRHP-Listed Only,"<strong>Kimo Theater</strong><br/>Albuquerque, NM<br/>Listed: 5/2/77<br/>Type: NRHP-Listed Only"
36.902673857707,-104.439306494053,El Raton Theater,NRHP-Listed Only,"<strong>El Raton Theater</strong><br/>Raton, NM<br/>Listed: 1/17/07<br/>Type: NRHP-Listed Only"
34.402268782445,-103.205150208997,Lyceum Theater,NRHP-Listed Only,"<strong>Lyceum Theater</strong><br/>Clovis, NM<br/>Listed: 1/17/07<br/>Type: NRHP-Listed Only"
34.403181362154,-103.205740294981,State Theater,NRHP-Listed Only,"<strong>State Theater</strong><br/>Clovis, NM<br/>Listed: 1/17/07<br/>Type: NRHP-Listed Only"
32.311645468483,-106.779207349503,Rio Grande Theatre,NRHP-Listed Only,"<strong>Rio Grande Theatre</strong><br/>Las Cruces, NM<br/>Listed: 1/2/04<br/>Type: NRHP-Listed Only"
32.947887127729,-103.348237761924,Lea Theater,NRHP-Listed Only,"<strong>Lea Theater</strong><br/>Lovington, NM<br/>Listed: 1/17/07<br/>Type: NRHP-Listed Only"
35.527079913545,-108.743739411581,Chief Theater,NRHP-Listed Only,"<strong>Chief Theater</strong><br/>Gallup, NM<br/>Listed: 5/16/88<br/>Type: NRHP-Listed Only"
35.527057617683,-108.742648590702,El Morro Theater,NRHP-Listed Only,"<strong>El Morro Theater</strong><br/>Gallup, NM<br/>Listed: 5/16/88<br/>Type: NRHP-Listed Only"
35.178199035664,-103.72637123043,Odeon Theater,NRHP-Listed Only,"<strong>Odeon Theater</strong><br/>Tucumcari, NM<br/>Listed: 1/17/07<br/>Type: NRHP-Listed Only"
36.451194252098,-103.184949570887,Luna Theater,NRHP-Listed Only,"<strong>Luna Theater</strong><br/>Clayton, NM<br/>Listed: 1/17/07<br/>Type: NRHP-Listed Only"
42.655051966503,-73.750361089478,Palace Theatre,LHAT Member Theater,"<strong>Palace Theatre</strong><br/>Albany, NY<br/>Listed: 10/4/79<br/>Type: LHAT Member Theater"
42.101422148804,-75.912173276726,Binghamton Theatre,NRHP-Listed Only,"<strong>Binghamton Theatre</strong><br/>Binghamton, NY<br/>Listed: 1/23/08<br/>Type: NRHP-Listed Only"
42.107639467394,-75.883559890037,Cameo Theatre,NRHP-Listed Only,"<strong>Cameo Theatre</strong><br/>Binghamton, NY<br/>Listed: 11/21/22<br/>Type: NRHP-Listed Only"
42.11389261862,-75.955178894082,Goodwill Theatre,LHAT Member Theater,"<strong>Goodwill Theatre</strong><br/>Johnson City, NY<br/>Listed: 1/7/00<br/>Type: LHAT Member Theater"
42.917624638843,-76.571650438277,Schine Auburn Theatre,NRHP-Listed Only,"<strong>Schine Auburn Theatre</strong><br/>Auburn, NY<br/>Listed: 3/15/00<br/>Type: NRHP-Listed Only"
44.696708021079,-73.454681492157,Strand Theater,NRHP-Listed Only,"<strong>Strand Theater</strong><br/>Plattsburgh, NY<br/>Listed: 9/15/08<br/>Type: NRHP-Listed Only"
42.363320622762,-73.595631743593,Crandell Theatre,NRHP-Listed Only,"<strong>Crandell Theatre</strong><br/>Chatham, NY<br/>Listed: 9/18/17<br/>Type: NRHP-Listed Only"
42.148938361625,-74.648187474649,Galli-Curci Theatre,NRHP-Listed Only,"<strong>Galli-Curci Theatre</strong><br/>Margaretville, NY<br/>Listed: 4/12/06<br/>Type: NRHP-Listed Only"
42.156309533006,-74.530586774708,Maxbilt Theatre,NRHP-Listed Only,"<strong>Maxbilt Theatre</strong><br/>Fleischmanns, NY<br/>Listed: 12/10/14<br/>Type: NRHP-Listed Only"
42.889868301754,-78.85501824266,Sattler Theater,NRHP-Listed Only,"<strong>Sattler Theater</strong><br/>Buffalo, NY<br/>Listed: 11/18/24<br/>Type: NRHP-Listed Only"
42.891761983229,-78.873148969781,Shea's Buffalo Theater,NRHP-Listed Only,"<strong>Shea's Buffalo Theater</strong><br/>Buffalo, NY<br/>Listed: 5/6/75<br/>Type: NRHP-Listed Only"
40.669509275197,-73.950969033852,Loew’s Kameo Theater,NRHP-Listed Only,"<strong>Loew’s Kameo Theater</strong><br/>Brooklyn, NY<br/>Listed: 4/22/21<br/>Type: NRHP-Listed Only"
40.645896029028,-73.957913440633,Loew's Kings Theatre,NRHP-Listed Only,"<strong>Loew's Kings Theatre</strong><br/>Brooklyn, NY<br/>Listed: 8/22/12<br/>Type: NRHP-Listed Only"
40.669760397016,-73.91848287262,Parkway Theatre,NRHP-Listed Only,"<strong>Parkway Theatre</strong><br/>Brooklyn, NY<br/>Listed: 3/31/10<br/>Type: NRHP-Listed Only"
42.724434092047,-77.873690667503,New Family Theater,NRHP-Listed Only,"<strong>New Family Theater</strong><br/>Mount Morris, NY<br/>Listed: 8/1/97<br/>Type: NRHP-Listed Only"
43.156230558248,-77.597905768826,Little Theatre,NRHP-Listed Only,"<strong>Little Theatre</strong><br/>Rochester, NY<br/>Listed: 10/4/85<br/>Type: NRHP-Listed Only"
40.810126890806,-73.949872680916,Apollo Theater,NRHP-Listed Only,"<strong>Apollo Theater</strong><br/>New York, NY<br/>Listed: 11/17/83<br/>Type: NRHP-Listed Only"
40.780481649926,-73.98117188084,Beacon Theater and Hotel,NRHP-Listed Only,"<strong>Beacon Theater and Hotel</strong><br/>New York, NY<br/>Listed: 11/4/82<br/>Type: NRHP-Listed Only"
40.76037501486,-73.986747439013,Biltmore Theater,NRHP-Listed Only,"<strong>Biltmore Theater</strong><br/>New York, NY<br/>Listed: 10/27/04<br/>Type: NRHP-Listed Only"
40.725852931256,-73.992233059365,Bouwerie Lane Theater,NRHP-Listed Only,"<strong>Bouwerie Lane Theater</strong><br/>New York, NY<br/>Listed: 4/23/80<br/>Type: NRHP-Listed Only"
40.756864422353,-73.98459999542,Hudson Theatre,NRHP-Listed Only,"<strong>Hudson Theatre</strong><br/>New York, NY<br/>Listed: 11/15/16<br/>Type: NRHP-Listed Only"
40.730907009324,-73.986228431569,Louis N. Jaffe Art Theater Building (Additional Documentation),NRHP-Listed Only,"<strong>Louis N. Jaffe Art Theater Building (Additional Documentation)</strong><br/>New York, NY<br/>Listed: 9/19/85<br/>Type: NRHP-Listed Only"
40.756203048283,-73.987717476668,New Amsterdam Theater,NRHP-Listed Only,"<strong>New Amsterdam Theater</strong><br/>New York, NY<br/>Listed: 1/10/80<br/>Type: NRHP-Listed Only"
40.729216211815,-73.99177557509,New York Shakespeare Festival Public Theater,NRHP-Listed Only,"<strong>New York Shakespeare Festival Public Theater</strong><br/>New York, NY<br/>Listed: 12/2/70<br/>Type: NRHP-Listed Only"
40.763723092587,-73.982742621544,"Sullivan, Ed, Theater",NRHP-Listed Only,"<strong>Sullivan, Ed, Theater</strong><br/>New York, NY<br/>Listed: 11/17/97<br/>Type: NRHP-Listed Only"
40.730907009324,-73.986228431569,Yiddish Art Theatre,NRHP-Listed Only,"<strong>Yiddish Art Theatre</strong><br/>New York, NY<br/>Listed: 9/19/85<br/>Type: NRHP-Listed Only"
43.022656779517,-78.877659924924,Riviera Theatre,NRHP-Listed Only,"<strong>Riviera Theatre</strong><br/>North Tonawanda, NY<br/>Listed: 3/20/80<br/>Type: NRHP-Listed Only"
43.099088945007,-75.23527131194,Stanley Theater,NRHP-Listed Only,"<strong>Stanley Theater</strong><br/>Utica, NY<br/>Listed: 8/13/76<br/>Type: NRHP-Listed Only"
43.086590982548,-75.262228015467,Uptown Theatre,NRHP-Listed Only,"<strong>Uptown Theatre</strong><br/>Utica, NY<br/>Listed: 8/17/20<br/>Type: NRHP-Listed Only"
43.047177262161,-76.152473220673,Loew's State Theater,NRHP-Listed Only,"<strong>Loew's State Theater</strong><br/>Syracuse, NY<br/>Listed: 5/2/77<br/>Type: NRHP-Listed Only"
41.438665497865,-74.425128461579,Paramount Theatre,NRHP-Listed Only,"<strong>Paramount Theatre</strong><br/>Middletown, NY<br/>Listed: 3/6/02<br/>Type: NRHP-Listed Only"
43.455660344779,-76.512480404467,Oswego Theater,NRHP-Listed Only,"<strong>Oswego Theater</strong><br/>Oswego, NY<br/>Listed: 9/19/88<br/>Type: NRHP-Listed Only"
42.453354458536,-75.06396289685,Oneonta Theatre,LHAT Member Theater,"<strong>Oneonta Theatre</strong><br/>Oneonta, NY<br/>Listed: 5/22/02<br/>Type: LHAT Member Theater"
40.611722548777,-74.108585861562,RKO Keith's Theater,NRHP-Listed Only,"<strong>RKO Keith's Theater</strong><br/>New York, NY<br/>Listed: 10/29/82<br/>Type: NRHP-Listed Only"
42.73038972762,-73.688812690642,Proctor's Theater,NRHP-Listed Only,"<strong>Proctor's Theater</strong><br/>Troy, NY<br/>Listed: 10/4/79<br/>Type: NRHP-Listed Only"
42.812438501423,-73.941722285907,"Proctor, F. F., Theatre and Arcade",NRHP-Listed Only,"<strong>Proctor, F. F., Theatre and Arcade</strong><br/>Schenectady, NY<br/>Listed: 10/4/79<br/>Type: NRHP-Listed Only"
40.660040993551,-73.090490397574,Cherry Grove Community House and Theatre,NRHP-Listed Only,"<strong>Cherry Grove Community House and Theatre</strong><br/>Cherry Grove, NY<br/>Listed: 6/4/13<br/>Type: NRHP-Listed Only"
41.756099334864,-74.614065096337,Center Theatre,NRHP-Listed Only,"<strong>Center Theatre</strong><br/>Woodbourne, NY<br/>Listed: 2/23/01<br/>Type: NRHP-Listed Only"
41.655442665327,-74.688791421732,Rialto Theatre,NRHP-Listed Only,"<strong>Rialto Theatre</strong><br/>Monticello, NY<br/>Listed: 2/2/01<br/>Type: NRHP-Listed Only"
41.709208004973,-74.62878496136,Rivoli Theatre,NRHP-Listed Only,"<strong>Rivoli Theatre</strong><br/>South Fallsburg, NY<br/>Listed: 1/26/01<br/>Type: NRHP-Listed Only"
42.439427716862,-76.49871497252,State Theater,NRHP-Listed Only,"<strong>State Theater</strong><br/>Ithaca, NY<br/>Listed: 6/14/96<br/>Type: NRHP-Listed Only"
41.929337318022,-74.004464603031,Community Theatre,NRHP-Listed Only,"<strong>Community Theatre</strong><br/>Kingston, NY<br/>Listed: 7/22/79<br/>Type: NRHP-Listed Only"
41.001666160767,-73.66503096822,Capitol Theater,NRHP-Listed Only,"<strong>Capitol Theater</strong><br/>Port Chester, NY<br/>Listed: 6/7/84<br/>Type: NRHP-Listed Only"
40.932097202601,-73.899177170312,Proctor's Theater,NRHP-Listed Only,"<strong>Proctor's Theater</strong><br/>Yonkers, NY<br/>Listed: 11/21/08<br/>Type: NRHP-Listed Only"
42.661514623399,-77.052205147712,Sampson Theatre,NRHP-Listed Only,"<strong>Sampson Theatre</strong><br/>Penn Yan, NY<br/>Listed: 11/7/08<br/>Type: NRHP-Listed Only"
35.498149900463,-80.624628942751,Gem Theatre,NRHP-Listed Only,"<strong>Gem Theatre</strong><br/>Kannapolis, NC<br/>Listed: 8/26/19<br/>Type: NRHP-Listed Only"
35.1108105877,-77.040478362255,Masonic Temple and Theater,NRHP-Listed Only,"<strong>Masonic Temple and Theater</strong><br/>New Bern, NC<br/>Listed: 3/16/72<br/>Type: NRHP-Listed Only"
35.054393794803,-78.883772314936,Carolina Theater,NRHP-Listed Only,"<strong>Carolina Theater</strong><br/>Fayetteville, NC<br/>Listed: 7/7/83<br/>Type: NRHP-Listed Only"
35.532774070037,-82.838490159493,Colonial Theater,NRHP-Listed Only,"<strong>Colonial Theater</strong><br/>Canton, NC<br/>Listed: 3/15/00<br/>Type: NRHP-Listed Only"
35.481191927326,-79.178932364648,Temple Theatre,NRHP-Listed Only,"<strong>Temple Theatre</strong><br/>Sanford, NC<br/>Listed: 9/8/83<br/>Type: NRHP-Listed Only"
35.911769,-79.050969,Playmakers Theatre,NRHP-Listed Only,"<strong>Playmakers Theatre</strong><br/>Chapel Hill, NC<br/>Listed: 6/24/71<br/>Type: NRHP-Listed Only"
35.705939375658,-79.816626468588,Sunset Theater,NRHP-Listed Only,"<strong>Sunset Theater</strong><br/>Asheboro, NC<br/>Listed: 4/20/11<br/>Type: NRHP-Listed Only"
34.618950995905,-79.007967020854,Carolina Theatre,LHAT Member Theater,"<strong>Carolina Theatre</strong><br/>Lumberton, NC<br/>Listed: 7/9/81<br/>Type: LHAT Member Theater"
46.927864992492,-98.012875010265,Amphitheater and Fieldstone WPA Features at Valley City Pioneer Park,NRHP-Listed Only,"<strong>Amphitheater and Fieldstone WPA Features at Valley City Pioneer Park</strong><br/>Valley City, ND<br/>Listed: 2/1/11<br/>Type: NRHP-Listed Only"
46.879615446962,-96.788041664654,Fargo Theatre Building,NRHP-Listed Only,"<strong>Fargo Theatre Building</strong><br/>Fargo, ND<br/>Listed: 10/21/82<br/>Type: NRHP-Listed Only"
48.759721088577,-98.368667437867,Roxy Theatre,NRHP-Listed Only,"<strong>Roxy Theatre</strong><br/>Langdon, ND<br/>Listed: 11/18/98<br/>Type: NRHP-Listed Only"
47.905344013389,-97.623844426318,Avalon Theater,NRHP-Listed Only,"<strong>Avalon Theater</strong><br/>Larimore, ND<br/>Listed: 2/4/91<br/>Type: NRHP-Listed Only"
48.922446309087,-97.916164443789,Walla Theater,NRHP-Listed Only,"<strong>Walla Theater</strong><br/>Walhalla, ND<br/>Listed: 5/17/10<br/>Type: NRHP-Listed Only"
46.30054661976,-103.926135618888,Mystic Theatre,NRHP-Listed Only,"<strong>Mystic Theatre</strong><br/>Marmarth, ND<br/>Listed: 9/13/77<br/>Type: NRHP-Listed Only"
47.500365617452,-97.326678353048,Delchar Theater,NRHP-Listed Only,"<strong>Delchar Theater</strong><br/>Mayville, ND<br/>Listed: 11/14/85<br/>Type: NRHP-Listed Only"
48.418149942727,-97.410976662026,Strand Theatre,NRHP-Listed Only,"<strong>Strand Theatre</strong><br/>Grafton, ND<br/>Listed: 4/14/04<br/>Type: NRHP-Listed Only"
40.743243494417,-84.106260968422,Ohio Theatre,LHAT Member Theater,"<strong>Ohio Theatre</strong><br/>Lima, OH<br/>Listed: 10/7/82<br/>Type: LHAT Member Theater"
41.483938573619,-81.770892926385,Homestead Theatre Block,NRHP-Listed Only,"<strong>Homestead Theatre Block</strong><br/>Lakewood, OH<br/>Listed: 6/18/21<br/>Type: NRHP-Listed Only"
41.584922988706,-81.549471040047,LaSalle Theater Building,NRHP-Listed Only,"<strong>LaSalle Theater Building</strong><br/>Cleveland, OH<br/>Listed: 6/15/11<br/>Type: NRHP-Listed Only"
41.508570975395,-81.59735316485,"Mayfield Theatre Building, The",NRHP-Listed Only,"<strong>Mayfield Theatre Building, The</strong><br/>Cleveland, OH<br/>Listed: 6/14/13<br/>Type: NRHP-Listed Only"
41.480607856754,-81.600180213153,Moreland Theater Building,NRHP-Listed Only,"<strong>Moreland Theater Building</strong><br/>Cleveland, OH<br/>Listed: 9/15/11<br/>Type: NRHP-Listed Only"
41.461239946663,-81.770658682238,Variety Store Building and Theatre,NRHP-Listed Only,"<strong>Variety Store Building and Theatre</strong><br/>Cleveland, OH<br/>Listed: 4/1/82<br/>Type: NRHP-Listed Only"
41.456997418523,-82.712325156998,Schine State Theatre,NRHP-Listed Only,"<strong>Schine State Theatre</strong><br/>Sandusky, OH<br/>Listed: 10/20/82<br/>Type: NRHP-Listed Only"
39.962593014335,-83.00197875267,American Insurance Union Citadel (Palace Theatre Amendment),NRHP-Listed Only,"<strong>American Insurance Union Citadel (Palace Theatre Amendment)</strong><br/>Columbus, OH<br/>Listed: 3/21/75<br/>Type: NRHP-Listed Only"
39.957379596288,-82.938723630709,Drexel Theater,NRHP-Listed Only,"<strong>Drexel Theater</strong><br/>Bexley, OH<br/>Listed: 6/8/15<br/>Type: NRHP-Listed Only"
39.956151102649,-82.999495530035,Great Southern Hotel and Theatre,NRHP-Listed Only,"<strong>Great Southern Hotel and Theatre</strong><br/>Columbus, OH<br/>Listed: 12/2/82<br/>Type: NRHP-Listed Only"
39.964985460958,-82.998874514829,Lincoln Theatre,LHAT Member Theater,"<strong>Lincoln Theatre</strong><br/>Columbus, OH<br/>Listed: 10/8/92<br/>Type: LHAT Member Theater"
39.960155137796,-82.999050702434,Ohio Theatre,LHAT Member Theater,"<strong>Ohio Theatre</strong><br/>Columbus, OH<br/>Listed: 4/11/73<br/>Type: LHAT Member Theater"
39.971022317172,-82.978877137871,Pythian Temple and James Pythian Theater,NRHP-Listed Only,"<strong>Pythian Temple and James Pythian Theater</strong><br/>Columbus, OH<br/>Listed: 11/25/83<br/>Type: NRHP-Listed Only"
39.820658015004,-84.027398323653,Fairborn Theatre,NRHP-Listed Only,"<strong>Fairborn Theatre</strong><br/>Fairborn, OH<br/>Listed: 7/27/05<br/>Type: NRHP-Listed Only"
39.231187346965,-84.548149958508,Main Theatre,NRHP-Listed Only,"<strong>Main Theatre</strong><br/>Mt. Healthy, OH<br/>Listed: 12/27/17<br/>Type: NRHP-Listed Only"
39.102573225721,-84.51273587346,Palace Theatre,LHAT Member Theater,"<strong>Palace Theatre</strong><br/>Cincinnati, OH<br/>Listed: 3/24/80<br/>Type: LHAT Member Theater"
39.108079904275,-84.528195329256,Regal Theater,NRHP-Listed Only,"<strong>Regal Theater</strong><br/>Cincinnati, OH<br/>Listed: 9/5/23<br/>Type: NRHP-Listed Only"
39.151042732015,-84.432847995513,Twentieth Century Theatre,NRHP-Listed Only,"<strong>Twentieth Century Theatre</strong><br/>Cincinnati, OH<br/>Listed: 8/26/93<br/>Type: NRHP-Listed Only"
41.243562019078,-82.613753975655,Norwalk Theatre,NRHP-Listed Only,"<strong>Norwalk Theatre</strong><br/>Norwalk, OH<br/>Listed: 8/29/22<br/>Type: NRHP-Listed Only"
38.534620012406,-82.685134095459,Marlow Theatre,NRHP-Listed Only,"<strong>Marlow Theatre</strong><br/>Ironton, OH<br/>Listed: 3/6/08<br/>Type: NRHP-Listed Only"
40.361351999622,-83.758629999942,Schine's Holland Theatre,NRHP-Listed Only,"<strong>Schine's Holland Theatre</strong><br/>Bellefontaine, OH<br/>Listed: 5/25/01<br/>Type: NRHP-Listed Only"
41.46581899443,-82.175296033814,Palace Theatre Building,NRHP-Listed Only,"<strong>Palace Theatre Building</strong><br/>Lorain, OH<br/>Listed: 3/30/78<br/>Type: NRHP-Listed Only"
41.616566099963,-83.711771066605,Burt's Theater,NRHP-Listed Only,"<strong>Burt's Theater</strong><br/>Toledo, OH<br/>Listed: 11/1/77<br/>Type: NRHP-Listed Only"
41.564851976728,-83.655234195131,Maumee Theater,NRHP-Listed Only,"<strong>Maumee Theater</strong><br/>Maumee, OH<br/>Listed: 4/1/98<br/>Type: NRHP-Listed Only"
41.679315665587,-83.540600018362,Ohio Theatre,LHAT Member Theater,"<strong>Ohio Theatre</strong><br/>Toledo, OH<br/>Listed: 3/29/06<br/>Type: LHAT Member Theater"
41.652620016435,-83.533739011518,Valentine Theater Building,NRHP-Listed Only,"<strong>Valentine Theater Building</strong><br/>Toledo, OH<br/>Listed: 5/19/87<br/>Type: NRHP-Listed Only"
41.100946011658,-80.650988586145,Liberty Theatre,NRHP-Listed Only,"<strong>Liberty Theatre</strong><br/>Youngstown, OH<br/>Listed: 2/9/84<br/>Type: NRHP-Listed Only"
41.100980733103,-80.652315039491,State Theater,NRHP-Listed Only,"<strong>State Theater</strong><br/>Youngstown, OH<br/>Listed: 7/23/86<br/>Type: NRHP-Listed Only"
41.101928265347,-80.653208885646,Warner Theater,NRHP-Listed Only,"<strong>Warner Theater</strong><br/>Youngstown, OH<br/>Listed: 5/31/80<br/>Type: NRHP-Listed Only"
40.588540260088,-83.133469963686,Palace Theater,NRHP-Listed Only,"<strong>Palace Theater</strong><br/>Marion, OH<br/>Listed: 3/26/76<br/>Type: NRHP-Listed Only"
41.139135994548,-81.866026018684,Medina Masonic Temple and Medina Theater,NRHP-Listed Only,"<strong>Medina Masonic Temple and Medina Theater</strong><br/>Medina, OH<br/>Listed: 10/22/02<br/>Type: NRHP-Listed Only"
39.762722733953,-81.115638289487,Monroe Theatre,LHAT Member Theater,"<strong>Monroe Theatre</strong><br/>Woodsfield, OH<br/>Listed: 10/11/24<br/>Type: LHAT Member Theater"
39.75351478162,-84.208050248485,Classic Theater,NRHP-Listed Only,"<strong>Classic Theater</strong><br/>Dayton, OH<br/>Listed: 2/10/75<br/>Type: NRHP-Listed Only"
39.7621341002,-84.192144798204,Victory Theater Building,NRHP-Listed Only,"<strong>Victory Theater Building</strong><br/>Dayton, OH<br/>Listed: 6/22/72<br/>Type: NRHP-Listed Only"
40.758907217886,-82.520625666958,Ohio Theatre,LHAT Member Theater,"<strong>Ohio Theatre</strong><br/>Mansfield, OH<br/>Listed: 5/31/83<br/>Type: LHAT Member Theater"
40.758665176459,-82.516916166217,Soldiers and Sailors Memorial Building and Madison Theater,NRHP-Listed Only,"<strong>Soldiers and Sailors Memorial Building and Madison Theater</strong><br/>Mansfield, OH<br/>Listed: 5/27/80<br/>Type: NRHP-Listed Only"
40.921523138379,-81.101849750197,Eagles Building-Strand Theater,NRHP-Listed Only,"<strong>Eagles Building-Strand Theater</strong><br/>Alliance, OH<br/>Listed: 1/25/97<br/>Type: NRHP-Listed Only"
40.802083951795,-81.37361058098,Palace Theater,NRHP-Listed Only,"<strong>Palace Theater</strong><br/>Canton, OH<br/>Listed: 4/26/79<br/>Type: NRHP-Listed Only"
41.080803019498,-81.520758998357,Loew's Theatre,NRHP-Listed Only,"<strong>Loew's Theatre</strong><br/>Akron, OH<br/>Listed: 7/16/73<br/>Type: NRHP-Listed Only"
34.170473368918,-97.122177098469,Black Theater of Ardmore,NRHP-Listed Only,"<strong>Black Theater of Ardmore</strong><br/>Ardmore, OK<br/>Listed: 6/22/84<br/>Type: NRHP-Listed Only"
35.221299619983,-97.443256963716,Sooner Theater Building,NRHP-Listed Only,"<strong>Sooner Theater Building</strong><br/>Norman, OK<br/>Listed: 8/31/78<br/>Type: NRHP-Listed Only"
35.834343124635,-96.408543300591,Klingensmith Park Amphitheater,NRHP-Listed Only,"<strong>Klingensmith Park Amphitheater</strong><br/>Bristow, OK<br/>Listed: 9/12/16<br/>Type: NRHP-Listed Only"
36.803462089414,-97.282722982244,Hayes-Kennedy-Rivoli Theater Building,NRHP-Listed Only,"<strong>Hayes-Kennedy-Rivoli Theater Building</strong><br/>Blackwell, OK<br/>Listed: 6/8/15<br/>Type: NRHP-Listed Only"
36.703420470796,-97.08344650319,Poncan Theatre,NRHP-Listed Only,"<strong>Poncan Theatre</strong><br/>Ponca City, OK<br/>Listed: 11/13/84<br/>Type: NRHP-Listed Only"
34.889394149598,-94.600579596404,"Old City Hall, Theater and Masonic Lodge",NRHP-Listed Only,"<strong>Old City Hall, Theater and Masonic Lodge</strong><br/>Heavener, OK<br/>Listed: 9/17/20<br/>Type: NRHP-Listed Only"
35.342383042603,-97.474893116148,Jewel Theater,NRHP-Listed Only,"<strong>Jewel Theater</strong><br/>Oklahoma City, OK<br/>Listed: 9/3/09<br/>Type: NRHP-Listed Only"
36.92252798794,-94.877507032304,Coleman Theatre,LHAT Member Theater,"<strong>Coleman Theatre</strong><br/>Miami, OK<br/>Listed: 5/19/83<br/>Type: LHAT Member Theater"
34.927819014959,-95.712297985196,Busby Theatre,NRHP-Listed Only,"<strong>Busby Theatre</strong><br/>McAlester, OK<br/>Listed: 12/6/79<br/>Type: NRHP-Listed Only"
34.93185469179,-95.769303560149993,OKLA Theater,NRHP-Listed Only,"<strong>OKLA Theater</strong><br/>McAlester, OK<br/>Listed: 6/5/03<br/>Type: NRHP-Listed Only"
34.389390916924,-99.018264690254,Ramona Theatre,NRHP-Listed Only,"<strong>Ramona Theatre</strong><br/>Frederick, OK<br/>Listed: 11/8/84<br/>Type: NRHP-Listed Only"
36.159395392127,-95.958571795355,Circle Theater,NRHP-Listed Only,"<strong>Circle Theater</strong><br/>Tulsa, OK<br/>Listed: 3/7/03<br/>Type: NRHP-Listed Only"
36.43622907644,-99.390317415535,"Woodward Theater, The",NRHP-Listed Only,"<strong>Woodward Theater, The</strong><br/>Woodward, OK<br/>Listed: 12/4/08<br/>Type: NRHP-Listed Only"
44.563815209346,-123.262055778532,Whiteside Theatre,LHAT Member Theater,"<strong>Whiteside Theatre</strong><br/>Corvallis, OR<br/>Listed: 2/25/09<br/>Type: LHAT Member Theater"
43.366735476706,-124.213393155585,Egyptian Theatre,NRHP-Listed Only,"<strong>Egyptian Theatre</strong><br/>Coos Bay, OR<br/>Listed: 5/24/10<br/>Type: NRHP-Listed Only"
43.405113445318,-124.224383004114,Liberty Theatre,LHAT Member Theater,"<strong>Liberty Theatre</strong><br/>North Bend, OR<br/>Listed: 6/9/23<br/>Type: LHAT Member Theater"
45.519424004256,-121.595200841127,Valley Theater,NRHP-Listed Only,"<strong>Valley Theater</strong><br/>Parkdale, OR<br/>Listed: 6/1/90<br/>Type: NRHP-Listed Only"
42.437682981807,-123.326625015273,Rogue Theatre,NRHP-Listed Only,"<strong>Rogue Theatre</strong><br/>Grants Pass, OR<br/>Listed: 6/30/05<br/>Type: NRHP-Listed Only"
42.189008552669,-120.3462977709,Alger Theatre,NRHP-Listed Only,"<strong>Alger Theatre</strong><br/>Lakeview, OR<br/>Listed: 3/28/24<br/>Type: NRHP-Listed Only"
44.048310939245,-123.092963454823,McDonald Theater Building,NRHP-Listed Only,"<strong>McDonald Theater Building</strong><br/>Eugene, OR<br/>Listed: 8/26/82<br/>Type: NRHP-Listed Only"
43.982110500327,-117.241584089231,Rex Theater,NRHP-Listed Only,"<strong>Rex Theater</strong><br/>Vale, OR<br/>Listed: 2/25/22<br/>Type: NRHP-Listed Only"
44.938905376447,-123.037268138974,Elsinore Theater,NRHP-Listed Only,"<strong>Elsinore Theater</strong><br/>Salem, OR<br/>Listed: 6/17/94<br/>Type: NRHP-Listed Only"
45.511951663304004,-122.625470265106,Bagdad Theatre,NRHP-Listed Only,"<strong>Bagdad Theatre</strong><br/>Portland, OR<br/>Listed: 3/8/89<br/>Type: NRHP-Listed Only"
45.511946676072,-122.625898999453,Frances Building and Echo Theater,NRHP-Listed Only,"<strong>Frances Building and Echo Theater</strong><br/>Portland, OR<br/>Listed: 1/28/94<br/>Type: NRHP-Listed Only"
45.53560237658,-122.620796264438,Hollywood Theatre,LHAT Member Theater,"<strong>Hollywood Theatre</strong><br/>Portland, OR<br/>Listed: 9/1/83<br/>Type: LHAT Member Theater"
45.517136079966,-122.681539832932,Paramount Theatre,NRHP-Listed Only,"<strong>Paramount Theatre</strong><br/>Portland, OR<br/>Listed: 4/22/76<br/>Type: NRHP-Listed Only"
45.329107402511,-118.095807897903,Liberty Theater,LHAT Member Theater,"<strong>Liberty Theater</strong><br/>Lagrande, OR<br/>Listed: 8/5/99<br/>Type: LHAT Member Theater"
45.425287310698,-117.279379850849,O.K. Theatre,NRHP-Listed Only,"<strong>O.K. Theatre</strong><br/>Enterprise, OR<br/>Listed: 3/7/12<br/>Type: NRHP-Listed Only"
45.304697917451,-122.947770116361,99W Drive-in Theatre,NRHP-Listed Only,"<strong>99W Drive-in Theatre</strong><br/>Newberg, OR<br/>Listed: 7/11/14<br/>Type: NRHP-Listed Only"
45.300056606205,-122.976720707015,Cameo Theatre,NRHP-Listed Only,"<strong>Cameo Theatre</strong><br/>Newberg, OR<br/>Listed: 10/22/18<br/>Type: NRHP-Listed Only"
40.444131759202,-79.980223868033,New Granada Theater,NRHP-Listed Only,"<strong>New Granada Theater</strong><br/>Pittsburgh, PA<br/>Listed: 12/28/10<br/>Type: NRHP-Listed Only"
40.442434214262,-79.999887561426,Stanley Theater and Clark Building,NRHP-Listed Only,"<strong>Stanley Theater and Clark Building</strong><br/>Pittsburgh, PA<br/>Listed: 2/27/86<br/>Type: NRHP-Listed Only"
40.51629927499,-78.401918121801,Mishler Theatre,NRHP-Listed Only,"<strong>Mishler Theatre</strong><br/>Altoona, PA<br/>Listed: 4/11/73<br/>Type: NRHP-Listed Only"
40.898862347027,-78.225052806471,Rowland Theater,NRHP-Listed Only,"<strong>Rowland Theater</strong><br/>Philipsburg, PA<br/>Listed: 10/18/79<br/>Type: NRHP-Listed Only"
39.96102136558,-75.605800131152,Warner Theater,NRHP-Listed Only,"<strong>Warner Theater</strong><br/>West Chester, PA<br/>Listed: 11/20/79<br/>Type: NRHP-Listed Only"
40.260826619463,-76.880698081516,Colonial Theatre,LHAT Member Theater,"<strong>Colonial Theatre</strong><br/>Harrisburg, PA<br/>Listed: 11/9/82<br/>Type: LHAT Member Theater"
39.939384278813,-75.271855385635,Lansdowne Theatre,NRHP-Listed Only,"<strong>Lansdowne Theatre</strong><br/>Lansdowne, PA<br/>Listed: 1/6/87<br/>Type: NRHP-Listed Only"
42.127319044493,-80.082655586341,Warner Theater,NRHP-Listed Only,"<strong>Warner Theater</strong><br/>Erie, PA<br/>Listed: 4/13/82<br/>Type: NRHP-Listed Only"
40.944908312962,-78.971564499182,Jefferson Theater,NRHP-Listed Only,"<strong>Jefferson Theater</strong><br/>Punxsutawney, PA<br/>Listed: 5/9/85<br/>Type: NRHP-Listed Only"
40.60319446521,-75.499943148112,Nineteenth Street Theater,NRHP-Listed Only,"<strong>Nineteenth Street Theater</strong><br/>Allentown, PA<br/>Listed: 2/12/24<br/>Type: NRHP-Listed Only"
41.245199004768,-75.881548987646,Comerford Theater,NRHP-Listed Only,"<strong>Comerford Theater</strong><br/>Wilkes-Barre, PA<br/>Listed: 12/3/80<br/>Type: NRHP-Listed Only"
40.596916210184,-77.574195879313,Embassy Theatre,NRHP-Listed Only,"<strong>Embassy Theatre</strong><br/>Lewistown, PA<br/>Listed: 7/23/98<br/>Type: NRHP-Listed Only"
40.106402458673,-75.146875844871,Keswick Theatre,NRHP-Listed Only,"<strong>Keswick Theatre</strong><br/>Glenside, PA<br/>Listed: 6/30/83<br/>Type: NRHP-Listed Only"
40.021656514156,-75.318991856332,Seville Theatre,NRHP-Listed Only,"<strong>Seville Theatre</strong><br/>Lower Merion Township, PA<br/>Listed: 12/28/05<br/>Type: NRHP-Listed Only"
40.690838117474,-75.212529867521,State Theatre,LHAT Member Theater,"<strong>State Theatre</strong><br/>Easton, PA<br/>Listed: 3/4/82<br/>Type: LHAT Member Theater"
39.964882698825,-75.205916545915,Leader Theater,NRHP-Listed Only,"<strong>Leader Theater</strong><br/>Philadelphia, PA<br/>Listed: 8/9/21<br/>Type: NRHP-Listed Only"
39.943886576194,-75.167924480125,Royal Theater,NRHP-Listed Only,"<strong>Royal Theater</strong><br/>Philadelphia, PA<br/>Listed: 2/8/80<br/>Type: NRHP-Listed Only"
39.987409901799,-75.156501371021,Uptown Theater and Office Building,NRHP-Listed Only,"<strong>Uptown Theater and Office Building</strong><br/>Philadelphia, PA<br/>Listed: 7/22/82<br/>Type: NRHP-Listed Only"
39.948281794762,-75.155805589238,Walnut Street Theatre,LHAT Member Theater,"<strong>Walnut Street Theatre</strong><br/>Philadelphia, PA<br/>Listed: 10/15/66<br/>Type: LHAT Member Theater"
18.4704378,-66.722277,Corregimiento Plaza Theater,NRHP-Listed Only,"<strong>Corregimiento Plaza Theater</strong><br/>Arecibo, NA<br/>Listed: 1/6/86<br/>Type: NRHP-Listed Only"
41.880071675124,-71.386499487214,Leroy Theatre,NRHP-Listed Only,"<strong>Leroy Theatre</strong><br/>Pawtucket, RI<br/>Listed: 8/4/83<br/>Type: NRHP-Listed Only"
41.821260304107,-71.412022500956,Loew's State Theatre,NRHP-Listed Only,"<strong>Loew's State Theatre</strong><br/>Providence, RI<br/>Listed: 8/19/77<br/>Type: NRHP-Listed Only"
41.822208171628,-71.41634974229,Trinity Square Repertory Theatre,NRHP-Listed Only,"<strong>Trinity Square Repertory Theatre</strong><br/>Providence, RI<br/>Listed: 6/5/72<br/>Type: NRHP-Listed Only"
41.37302,-71.56895,Theatre-By-the-Sea,NRHP-Listed Only,"<strong>Theatre-By-the-Sea</strong><br/>South Kingstown, RI<br/>Listed: 7/10/80<br/>Type: NRHP-Listed Only"
32.778088502948,-79.929498517853,Dock Street Theatre,NRHP-Listed Only,"<strong>Dock Street Theatre</strong><br/>Charleston, SC<br/>Listed: 6/19/73<br/>Type: NRHP-Listed Only"
34.567208761439,-80.889906826568,Republic Theater,NRHP-Listed Only,"<strong>Republic Theater</strong><br/>Great Falls, SC<br/>Listed: 11/26/80<br/>Type: NRHP-Listed Only"
34.302690263979,-79.871831275463,Darlington Theatre,NRHP-Listed Only,"<strong>Darlington Theatre</strong><br/>Darlington, SC<br/>Listed: 5/30/24<br/>Type: NRHP-Listed Only"
34.191989421003,-82.161390037351,State Theatre,NRHP-Listed Only,"<strong>State Theatre</strong><br/>Greenwood, SC<br/>Listed: 5/23/24<br/>Type: NRHP-Listed Only"
32.868113705361,-81.107009901249,Palmetto Theatre,NRHP-Listed Only,"<strong>Palmetto Theatre</strong><br/>Hampton, SC<br/>Listed: 10/9/12<br/>Type: NRHP-Listed Only"
34.010412168694,-81.021543154969,Carver Theatre,NRHP-Listed Only,"<strong>Carver Theatre</strong><br/>Columbia, SC<br/>Listed: 7/17/03<br/>Type: NRHP-Listed Only"
33.999662294052,-81.030668952051,Town Theatre,NRHP-Listed Only,"<strong>Town Theatre</strong><br/>Columbia, SC<br/>Listed: 10/9/74<br/>Type: NRHP-Listed Only"
34.001309128479,-81.771054697116,Saluda Theatre,NRHP-Listed Only,"<strong>Saluda Theatre</strong><br/>Salude, SC<br/>Listed: 12/13/93<br/>Type: NRHP-Listed Only"
34.950335782464,-81.929600574975,Palmetto Theater,NRHP-Listed Only,"<strong>Palmetto Theater</strong><br/>Spartanburg, SC<br/>Listed: 4/12/96<br/>Type: NRHP-Listed Only"
43.175379938062,-101.735904338647,Inland Theater,NRHP-Listed Only,"<strong>Inland Theater</strong><br/>Martin, SD<br/>Listed: 7/30/13<br/>Type: NRHP-Listed Only"
43.149277979112,-97.71975298306,Scotland Royal Theater,NRHP-Listed Only,"<strong>Scotland Royal Theater</strong><br/>Scotland, SD<br/>Listed: 10/31/96<br/>Type: NRHP-Listed Only"
44.320335027469,-96.788368305066,Coolidge Sylvan Theatre,NRHP-Listed Only,"<strong>Coolidge Sylvan Theatre</strong><br/>Brookings, SD<br/>Listed: 2/26/87<br/>Type: NRHP-Listed Only"
43.8215498,-96.7033257,Dell Rapids Amphitheater,NRHP-Listed Only,"<strong>Dell Rapids Amphitheater</strong><br/>Dell Rapids, SD<br/>Listed: 2/15/02<br/>Type: NRHP-Listed Only"
43.550550613343,-96.727295078676,Orpheum Theatre,NRHP-Listed Only,"<strong>Orpheum Theatre</strong><br/>Sioux Falls, SD<br/>Listed: 6/23/83<br/>Type: NRHP-Listed Only"
44.049211910017,-96.592661261835,Crystal Theatre,NRHP-Listed Only,"<strong>Crystal Theatre</strong><br/>Flandreau, SD<br/>Listed: 10/12/00<br/>Type: NRHP-Listed Only"
43.171201978424,-97.081969947127,Glud Theatre,NRHP-Listed Only,"<strong>Glud Theatre</strong><br/>Viborg, SD<br/>Listed: 6/8/07<br/>Type: NRHP-Listed Only"
36.100282732444,-84.133206524017,Ritz Theatre and Hoskins Rexall Drug Store No. 2,NRHP-Listed Only,"<strong>Ritz Theatre and Hoskins Rexall Drug Store No. 2</strong><br/>Clinton, TN<br/>Listed: 12/4/98<br/>Type: NRHP-Listed Only"
36.001195603051,-88.428435776582,Court Theatre,NRHP-Listed Only,"<strong>Court Theatre</strong><br/>Huntingdon, TN<br/>Listed: 3/12/12<br/>Type: NRHP-Listed Only"
35.950526369667,-85.027775285565,Palace Theater,NRHP-Listed Only,"<strong>Palace Theater</strong><br/>Crossville, TN<br/>Listed: 1/7/94<br/>Type: NRHP-Listed Only"
35.047909684967,-85.310855622082,Tivoli Theater (Additional Documentation),NRHP-Listed Only,"<strong>Tivoli Theater (Additional Documentation)</strong><br/>Chattanooga, TN<br/>Listed: 4/11/73<br/>Type: NRHP-Listed Only"
35.964290807785,-83.917622272255,Burwell Building Tennessee Theater,NRHP-Listed Only,"<strong>Burwell Building Tennessee Theater</strong><br/>Knoxville, TN<br/>Listed: 4/1/82<br/>Type: NRHP-Listed Only"
35.242190069557,-87.334455400997,Crockett Theater,NRHP-Listed Only,"<strong>Crockett Theater</strong><br/>Lawrenceburg, TN<br/>Listed: 7/29/97<br/>Type: NRHP-Listed Only"
35.450268865307,-86.788337550493,Dixie Theatre,NRHP-Listed Only,"<strong>Dixie Theatre</strong><br/>Lewisburg, TN<br/>Listed: 10/28/21<br/>Type: NRHP-Listed Only"
36.424938988138,-89.056876929969,Capitol Theatre,LHAT Member Theater,"<strong>Capitol Theatre</strong><br/>Union City, TN<br/>Listed: 3/18/99<br/>Type: LHAT Member Theater"
35.140204329575,-90.055427472133,Orpheum Theatre,LHAT Member Theater,"<strong>Orpheum Theatre</strong><br/>Memphis, TN<br/>Listed: 8/15/77<br/>Type: LHAT Member Theater"
36.594471152217,-82.182623242113,Paramount Theatre and Office Building,NRHP-Listed Only,"<strong>Paramount Theatre and Office Building</strong><br/>Bristol, TN<br/>Listed: 4/4/85<br/>Type: NRHP-Listed Only"
35.563530924527,-89.647016222424,Ruffin Theater,NRHP-Listed Only,"<strong>Ruffin Theater</strong><br/>Covington, TN<br/>Listed: 3/26/92<br/>Type: NRHP-Listed Only"
36.343565628093,-88.851397758746,Varsity Theatre,NRHP-Listed Only,"<strong>Varsity Theatre</strong><br/>Martin, TN<br/>Listed: 7/16/10<br/>Type: NRHP-Listed Only"
31.338407826302,-94.728678378616,Pines Theatre,NRHP-Listed Only,"<strong>Pines Theatre</strong><br/>Lufkin, TX<br/>Listed: 12/22/88<br/>Type: NRHP-Listed Only"
28.402221067065,-97.749123590882,Rialto Theater,NRHP-Listed Only,"<strong>Rialto Theater</strong><br/>Beeville, TX<br/>Listed: 11/21/01<br/>Type: NRHP-Listed Only"
29.424740541458,-98.491265093205,Aztec Theater,NRHP-Listed Only,"<strong>Aztec Theater</strong><br/>San Antonio, TX<br/>Listed: 10/22/92<br/>Type: NRHP-Listed Only"
29.426337838837,-98.491060323311,Brady Building-Empire Theater,NRHP-Listed Only,"<strong>Brady Building-Empire Theater</strong><br/>San Antonio, TX<br/>Listed: 3/17/99<br/>Type: NRHP-Listed Only"
29.426343287074,-98.490162118566,Majestic Theatre,NRHP-Listed Only,"<strong>Majestic Theatre</strong><br/>San Antonio, TX<br/>Listed: 10/1/75<br/>Type: NRHP-Listed Only"
33.421095224253,-94.044218972021,Saenger Theater,NRHP-Listed Only,"<strong>Saenger Theater</strong><br/>Texarkana, TX<br/>Listed: 7/12/78<br/>Type: NRHP-Listed Only"
29.701403863589,-98.126605617873,Brauntex Theater,NRHP-Listed Only,"<strong>Brauntex Theater</strong><br/>New Braunfels, TX<br/>Listed: 3/24/08<br/>Type: NRHP-Listed Only"
32.763323570957,-96.774171626556,Forest Theatre,NRHP-Listed Only,"<strong>Forest Theatre</strong><br/>Dallas, TX<br/>Listed: 12/4/19<br/>Type: NRHP-Listed Only"
32.782763174168,-96.795027142761,Majestic Theatre,NRHP-Listed Only,"<strong>Majestic Theatre</strong><br/>Dallas, TX<br/>Listed: 11/14/77<br/>Type: NRHP-Listed Only"
32.743498986933,-96.825872797904,Texas Theatre,NRHP-Listed Only,"<strong>Texas Theatre</strong><br/>Dallas, TX<br/>Listed: 4/1/03<br/>Type: NRHP-Listed Only"
31.757122195213,-106.489095802647,Palace Theatre,LHAT Member Theater,"<strong>Palace Theatre</strong><br/>El Paso, TX<br/>Listed: 9/24/80<br/>Type: LHAT Member Theater"
31.759047015458,-106.48972402629,Plaza Theatre,NRHP-Listed Only,"<strong>Plaza Theatre</strong><br/>El Paso, TX<br/>Listed: 6/4/87<br/>Type: NRHP-Listed Only"
29.504033010222,-97.443398031147,Gonzales Memorial Museum and Amphitheater Historic District,NRHP-Listed Only,"<strong>Gonzales Memorial Museum and Amphitheater Historic District</strong><br/>Gonzales, TX<br/>Listed: 1/13/04<br/>Type: NRHP-Listed Only"
29.803173411546,-95.402885980626,Heights Theater,NRHP-Listed Only,"<strong>Heights Theater</strong><br/>Houston, TX<br/>Listed: 7/24/17<br/>Type: NRHP-Listed Only"
29.753241115135,-95.410342270234,River Oaks Theatre,NRHP-Listed Only,"<strong>River Oaks Theatre</strong><br/>Houston, TX<br/>Listed: 10/25/24<br/>Type: NRHP-Listed Only"
26.215013770375,-98.325965079953,Border Theater,NRHP-Listed Only,"<strong>Border Theater</strong><br/>Mission, TX<br/>Listed: 8/28/98<br/>Type: NRHP-Listed Only"
28.977477745608,-96.64785307676,Edna Theatre,NRHP-Listed Only,"<strong>Edna Theatre</strong><br/>Edna, TX<br/>Listed: 9/8/11<br/>Type: NRHP-Listed Only"
30.081958989651,-94.097777974837,Jefferson Theater,NRHP-Listed Only,"<strong>Jefferson Theater</strong><br/>Beaumont, TX<br/>Listed: 1/30/78<br/>Type: NRHP-Listed Only"
33.57833889014,-101.844577473516,Cactus Theater,LHAT Member Theater,"<strong>Cactus Theater</strong><br/>Lubbock, TX<br/>Listed: 5/8/98<br/>Type: LHAT Member Theater"
29.356769341676,-98.877647946997,Rainbow Theater,NRHP-Listed Only,"<strong>Rainbow Theater</strong><br/>Castroville, TX<br/>Listed: 12/3/24<br/>Type: NRHP-Listed Only"
27.798382014874,-97.39424797585,Ritz Theatre,NRHP-Listed Only,"<strong>Ritz Theatre</strong><br/>Corpus Christi, TX<br/>Listed: 1/26/24<br/>Type: NRHP-Listed Only"
32.728820011359,-97.415043980542,Ridglea Theatre,NRHP-Listed Only,"<strong>Ridglea Theatre</strong><br/>Fort Worth, TX<br/>Listed: 12/30/11<br/>Type: NRHP-Listed Only"
32.452097010078,-99.734548013534,Paramount Theater,NRHP-Listed Only,"<strong>Paramount Theater</strong><br/>Abilene, TX<br/>Listed: 12/27/82<br/>Type: NRHP-Listed Only"
30.269323149821,-97.741902329839,Paramount Theatre,LHAT Member Theater,"<strong>Paramount Theatre</strong><br/>Austin, TX<br/>Listed: 6/23/76<br/>Type: LHAT Member Theater"
34.153300483782,-99.28290693056,Plaza Theater,NRHP-Listed Only,"<strong>Plaza Theater</strong><br/>Vernon, TX<br/>Listed: 10/6/23<br/>Type: NRHP-Listed Only"
31.750791909066,-103.160512765672,Rig Theater,NRHP-Listed Only,"<strong>Rig Theater</strong><br/>Wink, TX<br/>Listed: 8/14/03<br/>Type: NRHP-Listed Only"
33.106097855189,-98.591655901909,National Theater,NRHP-Listed Only,"<strong>National Theater</strong><br/>Graham, TX<br/>Listed: 6/24/93<br/>Type: NRHP-Listed Only"
41.509256531256,-112.015300994746,Elberta Theatre,NRHP-Listed Only,"<strong>Elberta Theatre</strong><br/>Brigham City, UT<br/>Listed: 10/17/91<br/>Type: NRHP-Listed Only"
39.59939152915,-110.810751351905,Star Theatre,NRHP-Listed Only,"<strong>Star Theatre</strong><br/>Price, UT<br/>Listed: 8/9/82<br/>Type: NRHP-Listed Only"
40.711005254907,-112.108743240449,Empress Theatre,NRHP-Listed Only,"<strong>Empress Theatre</strong><br/>Magna, UT<br/>Listed: 5/9/85<br/>Type: NRHP-Listed Only"
40.665768683267,-111.887763213314,"Iris Theater, Apartments and Commercial Building",NRHP-Listed Only,"<strong>Iris Theater, Apartments and Commercial Building</strong><br/>Murray, UT<br/>Listed: 9/7/01<br/>Type: NRHP-Listed Only"
40.663833176095,-111.888038977928,Murray Theater,NRHP-Listed Only,"<strong>Murray Theater</strong><br/>Murray, UT<br/>Listed: 5/8/01<br/>Type: NRHP-Listed Only"
40.771479491548,-111.887928974191,Orpheum Theatre,NRHP-Listed Only,"<strong>Orpheum Theatre</strong><br/>Salt Lake City, UT<br/>Listed: 9/30/76<br/>Type: NRHP-Listed Only"
39.153971788079,-111.818515449678,Casino Theatre,NRHP-Listed Only,"<strong>Casino Theatre</strong><br/>Gunnison, UT<br/>Listed: 9/22/89<br/>Type: NRHP-Listed Only"
40.391912014527,-111.775373000418,Utah State Training School Amphitheater and Wall,NRHP-Listed Only,"<strong>Utah State Training School Amphitheater and Wall</strong><br/>American Fork, UT<br/>Listed: 10/7/94<br/>Type: NRHP-Listed Only"
37.188902,-112.998596,South Campground Amphitheater,NRHP-Listed Only,"<strong>South Campground Amphitheater</strong><br/>Springdale, UT<br/>Listed: 2/14/87<br/>Type: NRHP-Listed Only"
41.222340442291,-111.970607208508,Peery's Egyptian Theatre,NRHP-Listed Only,"<strong>Peery's Egyptian Theatre</strong><br/>Ogden, UT<br/>Listed: 12/12/78<br/>Type: NRHP-Listed Only"
37.528046563979,-79.679281189888,Buchanan Theatre,NRHP-Listed Only,"<strong>Buchanan Theatre</strong><br/>Buchanan, VA<br/>Listed: 4/15/19<br/>Type: NRHP-Listed Only"
38.47176349185,-77.996511197647,Pitts Theatre,NRHP-Listed Only,"<strong>Pitts Theatre</strong><br/>Culpeper, VA<br/>Listed: 5/15/08<br/>Type: NRHP-Listed Only"
37.928961165216,-76.858087143329,DAW Theatre,NRHP-Listed Only,"<strong>DAW Theatre</strong><br/>Tappahannock, VA<br/>Listed: 10/15/24<br/>Type: NRHP-Listed Only"
37.54348066521,-77.325490479043,Henrico Theatre,NRHP-Listed Only,"<strong>Henrico Theatre</strong><br/>Highland Springs, VA<br/>Listed: 11/9/05<br/>Type: NRHP-Listed Only"
37.304955170166,-77.287169339735,Beacon Theatre,NRHP-Listed Only,"<strong>Beacon Theatre</strong><br/>Hopewell (Independent City), VA<br/>Listed: 11/22/00<br/>Type: NRHP-Listed Only"
36.724837281147,-78.130445377031,Colonial Theatre,NRHP-Listed Only,"<strong>Colonial Theatre</strong><br/>South Hill, VA<br/>Listed: 5/19/03<br/>Type: NRHP-Listed Only"
36.856725948209,-76.278889288044,Attucks Theatre,NRHP-Listed Only,"<strong>Attucks Theatre</strong><br/>Norfolk (Independent City), VA<br/>Listed: 9/16/82<br/>Type: NRHP-Listed Only"
36.848848502547,-76.290050594271,Wells Theatre,NRHP-Listed Only,"<strong>Wells Theatre</strong><br/>Norfolk (Independent City), VA<br/>Listed: 5/19/80<br/>Type: NRHP-Listed Only"
36.835011824423,-76.301812332264,Commodore Theatre,LHAT Member Theater,"<strong>Commodore Theatre</strong><br/>Portsmouth (Independent City), VA<br/>Listed: 2/27/97<br/>Type: LHAT Member Theater"
37.050298575279,-80.779861819062,Dalton Theatre Building,NRHP-Listed Only,"<strong>Dalton Theatre Building</strong><br/>Pulaski, VA<br/>Listed: 5/7/79<br/>Type: NRHP-Listed Only"
37.552417869471,-77.477847327235,Byrd Theatre,NRHP-Listed Only,"<strong>Byrd Theatre</strong><br/>Richmond (Independent City), VA<br/>Listed: 9/24/79<br/>Type: NRHP-Listed Only"
37.541540003168,-77.437376984133,Loews Theatre,NRHP-Listed Only,"<strong>Loews Theatre</strong><br/>Richmond (Independent City), VA<br/>Listed: 11/20/79<br/>Type: NRHP-Listed Only"
37.541878925423,-77.43516893938,National Theater,NRHP-Listed Only,"<strong>National Theater</strong><br/>Richmond (Independent City), VA<br/>Listed: 4/2/03<br/>Type: NRHP-Listed Only"
36.833559533969,-81.519116648249,Lincoln Theatre,NRHP-Listed Only,"<strong>Lincoln Theatre</strong><br/>Marion, VA<br/>Listed: 12/17/92<br/>Type: NRHP-Listed Only"
36.676247472258,-82.048566770762,Moonlite Theatre,NRHP-Listed Only,"<strong>Moonlite Theatre</strong><br/>Abingdon, VA<br/>Listed: 8/8/07<br/>Type: NRHP-Listed Only"
47.840206780396,-120.017423238613,Ruby Theater,NRHP-Listed Only,"<strong>Ruby Theater</strong><br/>Chelan, WA<br/>Listed: 10/7/91<br/>Type: NRHP-Listed Only"
45.629276263355,-122.671265547476,Kiggins Theater,NRHP-Listed Only,"<strong>Kiggins Theater</strong><br/>Vancouver, WA<br/>Listed: 7/17/12<br/>Type: NRHP-Listed Only"
46.14099073061,-122.932297439606,Columbia Theater,NRHP-Listed Only,"<strong>Columbia Theater</strong><br/>Longview, WA<br/>Listed: 12/5/85<br/>Type: NRHP-Listed Only"
47.647431679477,-120.06993568731,Nifty Theatre,NRHP-Listed Only,"<strong>Nifty Theatre</strong><br/>Waterville, WA<br/>Listed: 7/27/99<br/>Type: NRHP-Listed Only"
46.977416415223,-123.885460162482,Seventh Street Theater,NRHP-Listed Only,"<strong>Seventh Street Theater</strong><br/>Hoquiam, WA<br/>Listed: 8/6/87<br/>Type: NRHP-Listed Only"
47.610689484333,-122.335561524302,Coliseum Theater,NRHP-Listed Only,"<strong>Coliseum Theater</strong><br/>Seattle, WA<br/>Listed: 7/7/75<br/>Type: NRHP-Listed Only"
47.611724314099,-122.341115289527,Moore Theatre and Hotel,NRHP-Listed Only,"<strong>Moore Theatre and Hotel</strong><br/>Seattle, WA<br/>Listed: 8/30/74<br/>Type: NRHP-Listed Only"
47.613533757447,-122.331455313755,Paramount Theatre,NRHP-Listed Only,"<strong>Paramount Theatre</strong><br/>Seattle, WA<br/>Listed: 10/9/74<br/>Type: NRHP-Listed Only"
47.65034401679899,-122.309072028058,Showboat Theatre,NRHP-Listed Only,"<strong>Showboat Theatre</strong><br/>Seattle, WA<br/>Listed: 4/25/86<br/>Type: NRHP-Listed Only"
46.686146624489,-123.733268961195,Raymond Theater,NRHP-Listed Only,"<strong>Raymond Theater</strong><br/>Raymond, WA<br/>Listed: 5/1/91<br/>Type: NRHP-Listed Only"
47.271629221398,-122.48851600219,Blue Mouse Theatre,NRHP-Listed Only,"<strong>Blue Mouse Theatre</strong><br/>Tacoma, WA<br/>Listed: 1/13/10<br/>Type: NRHP-Listed Only"
47.262787528924,-122.445566627404,Masonic Temple Building-Temple Theater,NRHP-Listed Only,"<strong>Masonic Temple Building-Temple Theater</strong><br/>Tacoma, WA<br/>Listed: 4/29/93<br/>Type: NRHP-Listed Only"
47.255052289579,-122.440174968187,Pantages Theatre,NRHP-Listed Only,"<strong>Pantages Theatre</strong><br/>Tacoma, WA<br/>Listed: 11/7/76<br/>Type: NRHP-Listed Only"
47.254946048956,-122.441565693562,Rialto Theater,NRHP-Listed Only,"<strong>Rialto Theater</strong><br/>Tacoma, WA<br/>Listed: 8/21/92<br/>Type: NRHP-Listed Only"
48.41763110292,-122.339242269443,Lincoln Theater and Commercial Block,NRHP-Listed Only,"<strong>Lincoln Theater and Commercial Block</strong><br/>Mt. Vernon, WA<br/>Listed: 11/5/87<br/>Type: NRHP-Listed Only"
47.657049916525,-117.42523812569,Clemmer Theater,NRHP-Listed Only,"<strong>Clemmer Theater</strong><br/>Spokane, WA<br/>Listed: 12/1/88<br/>Type: NRHP-Listed Only"
47.657115613939,-117.426759920782,Fox Theater,NRHP-Listed Only,"<strong>Fox Theater</strong><br/>Spokane, WA<br/>Listed: 11/30/01<br/>Type: NRHP-Listed Only"
47.693715546138,-117.425631823682,Garland Theater,NRHP-Listed Only,"<strong>Garland Theater</strong><br/>Spokane, WA<br/>Listed: 12/24/13<br/>Type: NRHP-Listed Only"
46.067491884375,-118.337406533927,Liberty Theater,NRHP-Listed Only,"<strong>Liberty Theater</strong><br/>Walla Walla, WA<br/>Listed: 4/29/93<br/>Type: NRHP-Listed Only"
48.752255830333,-122.477923455871,Mount Baker Theatre,LHAT Member Theater,"<strong>Mount Baker Theatre</strong><br/>Bellingham, WA<br/>Listed: 12/14/78<br/>Type: LHAT Member Theater"
46.730397118596,-117.181709388821,Cordova Theater,NRHP-Listed Only,"<strong>Cordova Theater</strong><br/>Pullman, WA<br/>Listed: 3/18/04<br/>Type: NRHP-Listed Only"
46.602399631684,-120.502280798043,Capitol Theatre,NRHP-Listed Only,"<strong>Capitol Theatre</strong><br/>Yakima, WA<br/>Listed: 4/11/73<br/>Type: NRHP-Listed Only"
39.458407121458,-77.96210717315,Apollo Theatre,NRHP-Listed Only,"<strong>Apollo Theatre</strong><br/>Martinsburg, WV<br/>Listed: 10/11/79<br/>Type: NRHP-Listed Only"
38.351171552241,-81.6350881377,Kearse Theater,NRHP-Listed Only,"<strong>Kearse Theater</strong><br/>Charleston, WV<br/>Listed: 11/28/80<br/>Type: NRHP-Listed Only"
38.350611966267,-81.63630881423,Plaza Theatre,NRHP-Listed Only,"<strong>Plaza Theatre</strong><br/>Charleston, WV<br/>Listed: 10/30/85<br/>Type: NRHP-Listed Only"
39.622180359478,-79.962600801027,Metropolitan Theatre,NRHP-Listed Only,"<strong>Metropolitan Theatre</strong><br/>Morgantown, WV<br/>Listed: 1/12/84<br/>Type: NRHP-Listed Only"
38.802391476371,-81.351307510096,Robey Theatre,NRHP-Listed Only,"<strong>Robey Theatre</strong><br/>Spencer, WV<br/>Listed: 3/29/89<br/>Type: NRHP-Listed Only"
39.266500430771,-81.560687786695,Smoot Theater,NRHP-Listed Only,"<strong>Smoot Theater</strong><br/>Parkersburg, WV<br/>Listed: 10/8/82<br/>Type: NRHP-Listed Only"
44.51376904478,-88.016272535555,Fox Theatre,NRHP-Listed Only,"<strong>Fox Theatre</strong><br/>Green Bay, WI<br/>Listed: 3/24/00<br/>Type: NRHP-Listed Only"
43.075233629474,-89.38871773397,Orpheum Theater,NRHP-Listed Only,"<strong>Orpheum Theater</strong><br/>Madison, WI<br/>Listed: 1/23/08<br/>Type: NRHP-Listed Only"
42.704144179791,-89.864144930394,Star Theatre,NRHP-Listed Only,"<strong>Star Theatre</strong><br/>Argyle, WI<br/>Listed: 11/7/80<br/>Type: NRHP-Listed Only"
45.09948520693,-87.629897309295,Bijou Theatre Building,NRHP-Listed Only,"<strong>Bijou Theatre Building</strong><br/>Marinette, WI<br/>Listed: 3/11/93<br/>Type: NRHP-Listed Only"
43.059470748091,-87.885474109969,Oriental Theatre,NRHP-Listed Only,"<strong>Oriental Theatre</strong><br/>Milwaukee, WI<br/>Listed: 2/1/23<br/>Type: NRHP-Listed Only"
43.041120959931,-87.910429634112,Pabst Theater,NRHP-Listed Only,"<strong>Pabst Theater</strong><br/>Milwaukee, WI<br/>Listed: 4/11/72<br/>Type: NRHP-Listed Only"
44.523447041644,-89.58290002755,Fox Theater,NRHP-Listed Only,"<strong>Fox Theater</strong><br/>Stevens Point, WI<br/>Listed: 7/26/82<br/>Type: NRHP-Listed Only"
42.715352593323,-87.797684151585,Uptown Theater,NRHP-Listed Only,"<strong>Uptown Theater</strong><br/>Racine, WI<br/>Listed: 3/1/82<br/>Type: NRHP-Listed Only"
43.471029150985,-89.743652944334,"Ringling, Al, Theatre",NRHP-Listed Only,"<strong>Ringling, Al, Theatre</strong><br/>Baraboo, WI<br/>Listed: 5/17/76<br/>Type: NRHP-Listed Only"
43.75367300294,-87.713406965003,Sheboygan Theater,NRHP-Listed Only,"<strong>Sheboygan Theater</strong><br/>Sheboygan, WI<br/>Listed: 12/22/99<br/>Type: NRHP-Listed Only"
43.424064802669,-88.182405795987,West Bend Theater,NRHP-Listed Only,"<strong>West Bend Theater</strong><br/>West Bend, WI<br/>Listed: NA<br/>Type: NRHP-Listed Only"
44.837923685479,-108.388135241525,"Hyart Theater, The",NRHP-Listed Only,"<strong>Hyart Theater, The</strong><br/>Lovell, WY<br/>Listed: 1/8/09<br/>Type: NRHP-Listed Only"
41.132428624436,-104.815890678342,Atlas Theatre,LHAT Member Theater,"<strong>Atlas Theatre</strong><br/>Cheyenne, WY<br/>Listed: 4/3/73<br/>Type: LHAT Member Theater"
42.848830671445,-106.324865569512,Rialto Theater,NRHP-Listed Only,"<strong>Rialto Theater</strong><br/>Casper, WY<br/>Listed: 2/11/93<br/>Type: NRHP-Listed Only"
