"facility_name","address","city","state","zip","county","lat","long","status","operator_name","mw","sizerank","community_pushback","mw_clean","local_gen_mw","pct_consumed","local_mw_capacity","pct_consumed_capped"
"Stak Energy Data Center","Dalton Hwy, 26 miles south of Deadhorse","North Slope Borough","AK",NA,"North Slope",69.90071,-148.81477,"Proposed","Stak","3000","Mega campus (>1,000 MW)","Unknown",3000,2664,9900.9900990099,30.3,100
"Prudhoe Bay Data Center","Dalton Hwy","Prudhoe Bay","AK","99734","North Slope",70.18478,-148.44,"Operating","Far North Digital, LLC","120","Hyperscale (100-999 MW)","Unknown",120,2664,396.039603960396,30.3,100
"Grant County Data Center","Just outside the city limits of Sheridan, Arkansas, in rural Grant County.","Sheridan","AK","72150","Grant",34.3065,-92.4045,"Proposed","Clean Cloud Energy","500","Hyperscale (100-999 MW)","Yes",500,898783.800000004,12.2865216857108,4069.5,12.2865216857108
"Project Marvel","Rock Mountain Lake Rd","Bessemer","AL","35022","Jefferson",33.342,-87.0341,"Proposed","Logistic Land Investments LLC","1200","Mega campus (>1,000 MW)","Yes",1200,929308.200000004,22.3330603737065,5373.2,22.3330603737065
"BHM01 Nebius Data Center","201 Milan Parkway","Birmingham","AL","35221","Jefferson",33.42746,-86.88143,"Proposed","Nebius","300","Hyperscale (100-999 MW)","Unknown",300,931032.600000004,5.41878149666745,5536.3,5.41878149666745
"DC Blox","433 6th St S","Birmingham","AL","35233","Jefferson",33.50051,-86.821,"Operating",NA,NA,"Unknown","Unknown",0,932139.200000004,0,6155.7,0
"Google Data Center","48809 Alabama 277","Bridgeport","AL","35740","Jackson",34.92019,-85.7446,"Operating","Google",NA,"Hyperscale (100-999 MW)","Unknown",0,946051.200000006,0,6762.6,0
"Western Hospitality Partners Data Center","Childersburg Industrial Park","Childersburg","AL","35044","Talladega",33.340885,-86.336205,"Proposed",NA,"500","Hyperscale (100-999 MW)","Yes",500,932154.800000005,7.08747359916084,7054.7,7.08747359916084
"DC Blox","333 Diamond Dr NW","Huntsville","AL","35806","Madison",34.71003,-86.693,"Operating",NA,NA,"Unknown","Unknown",0,949103.800000006,0,6029.3,0
"Meta Data Center","5400 Prosperity Dr NW","Huntsville","AL","35810","Madison",34.84065,-86.6295,"Operating","Meta",NA,"Unknown","Unknown",0,951359.900000007,0,6029.3,0
"Meta Data Center","~1125 Hyundai Blvd","Montgomery","AL","36105","Montgomery",32.27604,-86.3287,"Approved/Permitted/Under construction","Meta","100-200","Hyperscale (100-999 MW)","Unknown",100,914177.500000003,2.20366248705348,4537.9,2.20366248705348
"Wilsonville Data Center","Shleby County Highway 61","Wilsonville","AL","35186","Shleby",33.257,-86.495,"Proposed","Northpoint Development","1008","Mega campus (>1,000 MW)","Yes",1008,931540.000000005,11.3121156349598,8910.8,11.3121156349598
"Clarksville Data Center","North of Interstate 40","Clarksville","AR","72830","Johnson",35.454384,-93.44725,"Proposed","Serverfarm",NA,"Hyperscale (100-999 MW)","Yes",0,897829.600000004,0,2355.7,0
"Harrison Data Center","Graham Street 202","Harrison","AR","72601","Boone",36.21472,-93.0786,"Operating","Windstream",NA,"Small (0-10 MW)","Unknown",0,916085.300000005,0,813.5,0
"Avaio Digital Leo","near I-530 and 145th St","Little Rock","AR","72206","Pulaski",34.618,-92.26808,"Proposed","Avaio Digital","150-1,000","Hyperscale (100-999 MW)","Yes",150,913886.600000005,3.75977541608181,3989.6,3.75977541608181
"Data center","Little Rock Port","Little Rock","AR","72206","Pulaski",34.71681,-92.1737,"Proposed","Willowbend Capital LLC",NA,"Unknown","Unknown",0,916080.400000004,0,4138,0
"ForgeLight Ventures Data Center","Lollie Rd","Mayflower/ Conway","AR","72106","Faulkner",35.01258,-92.55369,"Proposed","ForgeLight Ventures, LLC",NA,"Unknown","Yes",0,917992.100000005,0,5234.8,0
"Brightspeed Data Center","214 S Denver Ave","Russellville","AR","72801","Pope",35.27746,-93.1372,"Operating",NA,NA,"Unknown","Unknown",0,899850.400000004,0,2353.7,0
"Groot LLC/ Google","Bollinger Rd","West Memphis/Proctor","AR","72376","Crittenden",35.11835,-90.2123,"Approved/Permitted/Under construction","Google",NA,"Hyperscale (100-999 MW)","Unknown",0,946062.800000005,0,3833.1,0
"Maricopa Data Center","2833rd Ave and W Patterson Rd","Buckeye","AZ","85326","Maricopa",33.192265,-112.67318,"Proposed","Fortescue",NA,"Unknown","Yes",0,396556.9,0,16824.8,0
"H5 Data Center","2600 W Germann Rd","Chandler","AZ","85286","Maricopa",33.27716,-111.886,"Operating","H5 Data Centers","32","Medium (11-50 MW)","Unknown",32,431708.900000001,0.358861064695921,8917.1,0.358861064695921
"Compass Data Center","850 S Bullard Ave","Goodyear","AZ","85338","Maricopa",33.44123,-112.377,"Approved/Permitted/Under construction","Compass Data Centers",NA,"Hyperscale (100-999 MW)","Unknown",0,413751.1,0,17416.2,0
"Microsoft Data Center","14250 W Broadway Rd","Goodyear","AZ","85338","Maricopa",33.410748,-112.36683,"Operating","Microsoft",NA,"Unknown","Unknown",0,413943.7,0,18121.6,0
"Stream Data Center","2950 S Litchfield Rd","Goodyear","AZ","85338","Maricopa",33.41965,-112.35942,"Approved/Permitted/Under construction","Stream Data Centers","200","Hyperscale (100-999 MW)","Unknown",200,413948.3,1.10365530637471,18121.6,1.10365530637471
"Vantage Data Center","45 S Bullard Ave","Goodyear","AZ","85338","Maricopa",33.44718,-112.373,"Approved/Permitted/Under construction","Vantage Data Centers","176","Hyperscale (100-999 MW)","Unknown",176,413751.1,1.01055339281818,17416.2,1.01055339281818
"Vintage Partners","Lower Buckeye Road and the Loop 202","Laveen, Phoenix","AZ","85043","Maricopa",33.421955,-112.19218,"Cancelled",NA,NA,"Unknown","Unknown",0,419415.500000001,0,17288.3,0
"Project Blue Marana","14990 W Hardin Rd","Marana","AZ","85653","Pima",32.4929,-111.28652,"Proposed","Beale Infrastructure","250-600","Hyperscale (100-999 MW)","Yes",250,432055.400000002,5.44093322886741,4594.8,5.44093322886741
"Apple Data Center","3740 S Signal Butte Rd","Mesa","AZ","85212","Maricopa",33.3471,-111.604,"Operating",NA,NA,"Unknown","Unknown",0,444921.500000001,0,8249.6,0
"Edged Mesa Data Center","8811 E Warner Rd","Mesa","AZ","85212","Maricopa",33.335514,-111.64406,"Operating","Edged","36","Medium (11-50 MW)","Unknown",36,443395.900000001,0.436384794414275,8249.6,0.436384794414275
"Mesa Amazon Data Center 1","10464 E Pecos Rd","Mesa","AZ","85212","Maricopa",33.29757,-111.607,"Proposed","Amazon",NA,"Hyperscale (100-999 MW)","Unknown",0,444199.600000001,0,8161.6,0
"Mesa Amazon Data Center 2","near Apple Data Center at Elliot/Signal Butte Rds","Mesa","AZ","85212","Maricopa",33.34263,-111.604,"Proposed","Amazon",NA,"Unknown","Unknown",0,444844.100000001,0,8249.6,0
"Meta Data Center","7610 E Elliot Rd","Mesa","AZ","85212","Maricopa",33.35076,-111.67,"Approved/Permitted/Under construction","Meta",NA,"Unknown","Unknown",0,441902.800000001,0,8289.6,0
"NTT Data Center","10256 Elliot Road","Mesa","AZ","85212","Maricopa",33.35061,-111.61,"Operating",NA,"240","Hyperscale (100-999 MW)","Unknown",240,444187.700000001,2.90923196276183,8249.6,2.90923196276183
"NTT Data Center","22000-21794 E Pecos Rd","Mesa","AZ","85212","Maricopa",33.29556,-111.614,"Approved/Permitted/Under construction","NTT Global Data Centers","200","Hyperscale (100-999 MW)","Unknown",200,443648.300000001,2.45049990198,8161.6,2.45049990198
"Page Data Center","Near Horseshoe Bend","Page","AZ","86046","Coconino",36.898376,-111.483154,"Proposed","Huntley LLC",NA,"Hyperscale (100-999 MW)","Yes",0,477660.000000001,0,1312,0
"Aligned","2500 W Union Hills Dr","Phoenix","AZ","85027","Maricopa",33.65898,-112.111,"Operating",NA,"180","Hyperscale (100-999 MW)","Unknown",180,422433.200000001,1.3563715553814,13270.7,1.3563715553814
"Expedient Data Center","2475 West Townley Avenue","Phoenix","AZ","85021","Maricopa",33.56452,-112.112,"Operating","Expedient","2","Medium (11-50 MW)","Unknown",2,421829.000000001,0.01356152865551,14747.6,0.01356152865551
"PHX1","2475 W Townley Ave","Phoenix","AZ","85021","Maricopa",33.56456,-112.112,"Operating",NA,"4","Small (0-10 MW)","Unknown",4,421829.000000001,0.0271230573110201,14747.6,0.0271230573110201
"QTS","120 E Van Buren St","Phoenix","AZ","85004","Maricopa",33.45193,-112.072,"Operating","QTS Data Centers","32","Medium (11-50 MW)","Unknown",32,423401.800000001,0.171280536108078,18682.8,0.171280536108078
"QTS","1200 N 40th St","Phoenix","AZ","85008","Maricopa",33.46237,-111.996,"Operating","QTS Data Centers","42","Hyperscale (100-999 MW)","Unknown",42,427203.400000001,0.391889748350797,10717.3,0.391889748350797
"Tract Phoenix Data Center","S. Johnson Rd and W. Southern Ave","Phoenix","AZ","85326","Maricopa",33.41019,-112.713,"Approved/Permitted/Under construction","Tract Data Centers",NA,"Mega campus (>1,000 MW)","Unknown",0,396280.1,0,16074.3,0
"MD-PHX1 Data Center","4801–4811 East Thistle Landing Drive","Phoeniz","AZ","85044","Maricopa",33.31197,-111.97816,"Proposed","Menlo Digital","180","Hyperscale (100-999 MW)","Yes",180,425311.000000001,1.36412207376869,13195.3,1.36412207376869
"Vermaland Data Center","near Hwy 10","Red Rock","AZ","85658","Pinal",32.55145,-111.452,"Proposed","Vermaland LLC","3000","Mega campus (>1,000 MW)","Unknown",3000,430320.000000001,65.2713110830686,4596.2,65.2713110830686
"Prime Data Center","3700 S Avondale Blvd","Tolleson","AZ","85353","Maricopa",33.41237,-112.30683,"Approved/Permitted/Under construction","Prime Data Centers","240","Hyperscale (100-999 MW)","Unknown",240,415183.5,1.34737598526869,17812.4,1.34737598526869
"Arizona Land Consulting Co.","near 33511 Indian School Rd","Tonopah","AZ","85354","Maricopa",33.49648,-112.775,"Proposed",NA,"1500","Mega campus (>1,000 MW)","Unknown",1500,394708.1,9.69925833004636,15465.1,9.69925833004636
"Data center: Davis-Monthan Air Force Base",NA,"Tucson","AZ","85707","Pima",32.164318,-110.86484,"Proposed",NA,NA,"Unknown","Unknown",0,434147.600000002,0,1367.2,0
"Project Blue Tucson","10098 E Brekke Rd","Tucson","AZ","85747","Pima",32.05091,-110.783,"Cancelled","Beale Infrastructure",NA,"Unknown","Unknown",0,434527.400000002,0,1445.5,0
"Aligned Data Centers Waddell Campus","8785-8907 N. Reems Road","Waddell","AZ","85355","Maricopa",33.57577,-112.45042,"Approved/Permitted/Under construction","Aligned Data Centers",NA,"Hyperscale (100-999 MW)","Unknown",0,413870.200000001,0,17015,0
"Takanock Data Center/Project Baccara","14707 W Olive Ave","Waddell","AZ","85355","Maricopa",33.56755,-112.37177,"Proposed","DigitalBridge","700","Hyperscale (100-999 MW)","Yes",700,414350.8,4.10528291263958,17051.2,4.10528291263958
"Guadalupe Quarry Redevelopment Project Data Center","near Quarry Rd","Brisbane","CA","94005","San Mateo",37.68586,-122.416,"Proposed",NA,NA,"Unknown","Unknown",0,251864.899999999,0,7867.8,0
"Coachella Valley Technology Campus","52nd Ave & Fillmore St","Coachella","CA","92274","Riverside",33.6714,-116.129,"Proposed",NA,"270-600","Hyperscale (100-999 MW)","Yes",270,316697.4,4.02240629283118,6712.4,4.02240629283118
"Edwards AFB Data Center",NA,"Edwards","CA","93524","Kern",34.912052,-117.93109,"Proposed",NA,NA,"Unknown","Unknown",0,299108.1,0,15470.3,0
"AWS Gilroy","8050 Camino Arroyo Dr","Gilroy","CA","95020","Santa Clara",37.018684,-121.56053,"Approved/Permitted/Under construction","Amazon","49-98","Large (51-99 MW)","Yes",49,256123.199999999,0.82100430608381,5968.3,0.82100430608381
"Imperial Data Center Project","N. 8th St and Clark Rd","Imperial","CA","92243","Imperial",32.81923,-115.56083,"Approved/Permitted/Under construction","Imperial Valley Computer Manufacturing, LLC","330","Hyperscale (100-999 MW)","Yes",330,304125.3,7.24033524946246,4557.8,7.24033524946246
"Buena Vista Biomass Power site Data Center","4655 Coal Mine Rd","Ione","CA","95640","Amador",38.277733,-120.91554,"Proposed",NA,"41","Medium (11-50 MW)","Unknown",41,259381.999999999,0.559276487198025,7330.9,0.559276487198025
"Monterey Park Data Center","1977 Saturn St","Monterey Park","CA","91755","Los Angeles",34.04039,-118.11365,"Suspended","HMC StratCorp and subsidiary DigiCo REIT",NA,"Hyperscale (100-999 MW)","Yes",0,289687.499999999,0,15485.3,0
"ECL","411 Clyde Ave","Mountain View","CA","94043","Santa Clara",37.39589,-122.047,"Operating",NA,NA,"Unknown","Unknown",0,253324.399999999,0,9427.8,0
"AWS","2964 Bradley St","Pasadena","CA","91107","Los Angeles",34.166836,-118.08752,"Proposed",NA,NA,"Unknown","Unknown",0,290642.199999999,0,18563,0
"EdgeConneX Edge Data Center","10980 Gold Center Dr.","Rancho Cordoba","CA","95670","Sacramento",38.59231,-121.277,"Operating",NA,"2-3","Small (0-10 MW)","Unknown",2,258819.999999999,0.0268806365334731,7440.3,0.0268806365334731
"Equinix","123 Great Oaks Blvd","San Jose","CA","95119","Santa Clara",37.23319,-121.78072,"Approved/Permitted/Under construction","Equinix","40","Medium (11-50 MW)","Unknown",40,255278.699999999,0.593788967400986,6736.4,0.593788967400986
"LBA Realty Data Center","350 W Trimble Rd","San Jose","CA","95131","Santa Clara",37.381,-121.935,"Proposed",NA,NA,"Unknown","Unknown",0,253870.399999999,0,9587.6,0
"Prologis","Zanker Rd and Hwy 237","San Jose","CA","95134","Santa Clara",37.423885,-121.94313,"Proposed","Prologis","396","Hyperscale (100-999 MW)","Unknown",396,253870.399999999,3.79019908116386,10448,3.79019908116386
"Colovore","1101 Space Park Drive","Santa Clara","CA","95054","Santa Clara",37.37668,-121.953,"Operating",NA,NA,"Unknown","Unknown",0,253618.399999999,0,9584.6,0
"Colovore","3060 Raymond Street","Santa Clara","CA","95054","Santa Clara",37.37739,-121.953,"Operating",NA,NA,"Unknown","Unknown",0,253618.399999999,0,9584.6,0
"CoreSite SV9","2915 Stender Way","Santa Clara","CA","95054","Santa Clara",37.37492,-121.969,"Proposed",NA,"34","Medium (11-50 MW)","Unknown",34,253618.399999999,0.354735721887194,9584.6,0.354735721887194
"Digital Realty SJC14","1500 Space Park Dr","Santa Clara","CA","95054","Santa Clara",37.37578,-121.95516,"Proposed","Digital Realty","9","Small (0-10 MW)","Unknown",9,253618.399999999,0.0939006322642573,9584.6,0.0939006322642573
"Digital Realty SJC37 Data Center","641 Walsh St","Santa Clara","CA","95050","Santa Clara",37.371067,-121.94693,"Approved/Permitted/Under construction","Digital Realty","100","Hyperscale (100-999 MW)","Unknown",100,253870.399999999,1.04334035849175,9584.6,1.04334035849175
"EdgeConneX Edge Data Center Santa Clara","1700 Richard Ave","Santa Clara","CA","95050","Santa Clara",37.36431,-121.959,"Operating",NA,NA,"Unknown","Unknown",0,253618.399999999,0,9584.6,0
"EdgeCore Data Center","3580 Juliette Ln","Santa Clara","CA","95054","Santa Clara",37.38413,-121.965744,"Operating","EdgeCore","72","Large (51-99 MW)","Unknown",72,253618.399999999,0.751205058114058,9584.6,0.751205058114058
"Walsh Bowers Technology Center: CoreSite","2805 and 2855 Bowers Ave and 2710 Walsh Ave","Santa Clara","CA","95051","Santa Clara",37.37316,-121.976166,"Expanding","CoreSite","72","Large (51-99 MW)","Unknown",72,253608.399999999,0.751205058114058,9584.6,0.751205058114058
"Nautilus Data Technology","1002 Embarcadero","Stockton","CA","95203","San Joaquin",37.96411,-121.369,"Operating",NA,NA,"Unknown","Unknown",0,258045.899999999,0,10980.7,0
"Cerebras Systems Data Center","1237 E Arques Ave","Sunnyvale","CA","94085","Santa Clara",37.38112,-121.993,"Operating",NA,NA,"Unknown","Unknown",0,253474.399999999,0,9567.6,0
"Menlo Equities Data Centere","894 Ross Dr","Sunnyvale","CA","94089","Santa Clara",37.400707,-122.03299,"Proposed",NA,"49","Medium (11-50 MW)","Unknown",49,253324.399999999,0.514203561646711,9529.29999999999,0.514203561646711
"Digital Data Center","4400 Pacific Blvd","Vernon","CA","90058","Los Angeles",34.00368,-118.229675,"Proposed","California Digital Realty","32","Medium (11-50 MW)","Unknown",32,287763.299999999,0.218780979728575,14626.5,0.218780979728575
"DEN1","7347 S. Revere Parkway Building C","Centennial","CO","80112","Arapahoe",39.58275,-104.841,"Operating",NA,"2","Small (0-10 MW)","Unknown",2,716609.400000001,0.0395507040025312,5056.8,0.0395507040025312
"Colorado Springs Data Center","1780 Jet Stream Drive","Colorado Springs","CO","80921","El Paso",38.99734,-104.792,"Operating","Flexential","3","Small (0-10 MW)","Unknown",3,716512.700000001,0.127086333982886,2360.6,0.127086333982886
"Project Taurus","1565 High Tech Way","Colorado Springs","CO","80907","El Paso",38.893997,-104.85778,"Proposed","Raeden","50","Medium (11-50 MW)","Yes",50,713748.400000001,1.26672071341711,3947.2,1.26672071341711
"CoreSite DE1 Data Center","910 15th Street","Denver","CO","80202","Denver",39.74566,-104.99561,"Operating","CoreSite",NA,"Medium (11-50 MW)","Unknown",0,710539.900000001,0,5093.6,0
"CoreSite DE2 Data Center","639 E 18th Ave","Denver","CO","80203","Denver",39.745472,-104.97931,"Operating","CoreSite",NA,"Small (0-10 MW)","Unknown",0,710948.900000001,0,5098.1,0
"CoreSite DE3 Data Center","4900 Race St","Elyria-Swansea (Denver)","CO","80216","Denver",39.785824,-104.962845,"Approved/Permitted/Under construction","CoreSite","75","Large (51-99 MW)","Yes",75,711130.000000001,1.46707875278745,5112.2,1.46707875278745
"Cielo Digital Infrastructure",NA,"Hudson","CO","80642","Weld",40.09549,-104.609,"Proposed",NA,"750","Hyperscale (100-999 MW)","Unknown",750,713230.200000001,13.4379703289615,5581.2,13.4379703289615
"Sterling Data Center","west of C.R. 9, roughly 21 miles northwest of Sterling","Sterling","CO","80747","Logan",40.85,-103.45,"Proposed","Granite Renewables","2000","Mega campus (>1,000 MW)","Yes",2000,729540.300000001,67.2065593601936,2975.9,67.2065593601936
"Global AI","2000 Howard Smith Avenue West","Windsor","CO","80550","Weld",40.458607,-104.87199,"Proposed",NA,"18-24","Medium (11-50 MW)","Unknown",18,708912.200000001,0.317538722083054,5668.6,0.317538722083054
"Atlas Capital Group","132 Griffin Rd N","Bloomfield","CT","06002","Hartford",41.88474,-72.7435,"Proposed",NA,NA,"Unknown","Unknown",0,529994.000000003,0,11719,0
"GotSpace Data Center","Bozrah St","Bozrah","CT","06334","New London",41.5586,-72.1706,"Proposed",NA,NA,"Unknown","Unknown",0,521345.300000003,0,12130.3,0
"NE Edge Data Center","adjacent to Millstone Nuclear Power Station","Waterford","CT","06385","New London",41.31387,-72.1673,"Proposed",NA,"1500","Mega campus (>1,000 MW)","Unknown",1500,522786.100000003,15.9117428662353,9427,15.9117428662353
"Starwood Digital Ventures","Governor Lea Rd","New Castle","DE","19720","New Castle",39.60745,-75.6397,"Suspended",NA,"1200","Mega campus (>1,000 MW)","Unknown",1200,654023.700000009,5.34475924086603,22451.9,5.34475924086603
"Fort Meade Data Center","Co Rd 700","Fort Meade","FL","33841","Polk",27.79178,-81.8185,"Approved/Permitted/Under construction",NA,NA,"Unknown","Yes",0,625741.400000001,0,20496.4,0
"Sentinel Grove Technology Park/ Project Jarvis","Minute Maid Rd & Orange Ave","Fort Pierce","FL","34945","St Lucie",27.45444,-80.55799,"Suspended",NA,"1000","Mega campus (>1,000 MW)","Unknown",1000,562060.900000002,11.7266288287443,8527.6,11.7266288287443
"Cielo Digital Infrastructure",NA,"Haines City","FL","33844","Polk",28.17875,-81.6457,"Proposed",NA,"300","Hyperscale (100-999 MW)","Unknown",300,659437.000000001,1.92908677032293,15551.4,1.92908677032293
"Project Tango","near 20125 Southern Blvd","Loxahatchee","FL","33470","Palm Beach",26.694838,-80.37178,"Approved/Permitted/Under construction",NA,NA,"Hyperscale (100-999 MW)","Yes",0,497582.900000003,0,15202.6,0
"HostDime Data Center","1 Innovative Pl","Maitland","FL","32751","Orange",28.6146,-81.3857,"Proposed",NA,NA,"Unknown","Unknown",0,670905.800000001,0,11110.7,0
"Iron Mountain Data Center","12300 NW 32nd Ave","Miami","FL","33167","Miami-Dade",25.88661,-80.2539,"Approved/Permitted/Under construction",NA,"16","Medium (11-50 MW)","Unknown",16,445559.900000003,0.228391977731782,7005.5,0.228391977731782
"Okee-One","7200 US-441","Okeechobee","FL","34972","Okeechobee",27.307442,-80.82401,"Cancelled",NA,NA,"Unknown","Yes",0,553394.100000002,0,8932.5,0
"H5 Data Center","655 North Franklin St","Tampa","FL","33602","Hillsborough",27.949581,-82.45849,"Proposed",NA,NA,"Unknown","Unknown",0,664100.200000002,0,19188.3,0
"Eagle Rock Jones County","approximately 3 miles southwest of the intersection of Highway 49 and Highway 18",NA,"GA",NA,"Jones",32.91274,-83.472046,"Suspended","Eagle Rock Partners LLC and Thomas & Hutton Engineering","900","Hyperscale (100-999 MW)","Yes",900,884739.900000006,15.8372633208981,5682.8,15.8372633208981
"Dixon Data Center/Project Sassy","Plainville Road and Ga-53","Adairsville","GA","30103","Floyd",34.37998,-85.034,"Proposed","Atlas Development","200","Hyperscale (100-999 MW)","Unknown",200,932849.800000006,2.12271410225114,9421.9,2.12271410225114
"Project Springbank","Perkins Mountain Rd","Adairsville","GA","30145","Bartow",34.30926,-84.9633,"Cancelled","Atlas Development","78","Large (51-99 MW)","Yes",78,931578.600000006,0.828262877894938,9417.3,0.828262877894938
"Alpharetta GA1","11650 Great Oaks Way","Alpharetta","GA","30022","Fulton",34.063183,-84.272896,"Operating","365 Data Centers","4","Small (0-10 MW)","Unknown",4,916764.800000006,0.0518860582161573,7709.2,0.0518860582161573
"ATL2","4905 North Point Pkwy","Alpharetta","GA","30009","Fulton",34.057144,-84.273,"Operating","Lincoln Rackhouse","12","Medium (11-50 MW)","Unknown",12,917055.100000006,0.155658174648472,7709.2,0.155658174648472
"Atlanta-Alpharetta","12655 Edison Dr","Alpharetta","GA","30005","Fulton",34.086994,-84.25179,"Operating","Flexential","6","Small (0-10 MW)","Unknown",6,916830.200000006,0.0709270161004327,8459.4,0.0709270161004327
"AT&T Data Center","21515 Innovation Way","Alpharetta","GA","30004","Fulton",34.086502,-84.27612,"Operating",NA,"11","Medium (11-50 MW)","Unknown",11,916765.400000006,0.142686660094433,7709.2,0.142686660094433
"Project JGK","White Oak Technology Park, Appling-Harlem Rd","Appling","GA","30814","Columbia",33.49546,-82.337,"Proposed",NA,NA,"Unknown","Unknown",0,868731.300000007,0,8400.7,0
"White Oak Technology Park","Off Morris Callaway Road & Innovation Parkway","Appling","GA","30802","Columbia",33.51421,-82.34112,"Proposed","Trammell Crow Company",NA,"Unknown","Unknown",0,868758.900000007,0,8400.7,0
"Athens Studio Data Center","900 Athena Dr","Athens","GA","30601","Clarke",33.970966,-83.31563,"Proposed",NA,NA,"Unknown","Yes",0,891271.400000007,0,4920.7,0
"Adair Park / West End Data Center","713 Ralph David Abernathy Blvd","Atlanta","GA","30310","Fulton",33.739025,-84.41105,"Proposed","Digital Realty",NA,"Hyperscale (100-999 MW)","Yes",0,920980.800000006,0,11396.8,0
"American Tower EDC Atlanta","2374 Fairburn Road Southwest","Atlanta","GA","30331","Fulton",33.68953,-84.51075,"Operating","American Tower Corporation","1","Small (0-10 MW)","Unknown",1,924221.800000006,0.00839799791729652,11907.6,0.00839799791729652
"ATL1","40 Perimeter Center E","Atlanta","GA","30346","DeKalb",33.926537,-84.32673,"Operating","Lincoln Rackhouse","15","Medium (11-50 MW)","Unknown",15,917993.100000006,0.190609314441832,7869.5,0.190609314441832
"ATL2 Colo Data Center","250 Williams Street NW (E-100)","Atlanta","GA","30303","Fulton",33.761627,-84.39127,"Operating","Hivelocity","3","Small (0-10 MW)","Unknown",3,920173.400000006,0.0263231784360522,11396.8,0.0263231784360522
"Atlanta","56 Marietta Street NW","Atlanta","GA","30303","Fulton",33.75543,-84.39146,"Operating","Corespace","3","Small (0-10 MW)","Unknown",3,920066.300000006,0.0263231784360522,11396.8,0.0263231784360522
"Atlanta AT1","55 Marietta Street","Atlanta","GA","30303","Fulton",33.75585,-84.39107,"Operating","CoreSite","10","Small (0-10 MW)","Unknown",10,920066.300000006,0.0877439281201741,11396.8,0.0877439281201741
"Atlanta ATL12","760 Doug Davis Dr","Atlanta","GA","30354","Fulton",33.657166,-84.41514,"Operating","Digital Realty",NA,"Unknown","Unknown",0,920769.300000006,0,11455.2,0
"Atlanta ATL13","56 Marietta Street NW","Atlanta","GA","30303","Fulton",33.75543,-84.39146,"Operating","Digital Realty","5","Small (0-10 MW)","Unknown",5,920066.300000006,0.043871964060087,11396.8,0.043871964060087
"Atlanta ATL14","250 Williams St NW","Atlanta","GA","30303","Fulton",33.76157,-84.3915,"Operating","Digital Realty","4","Small (0-10 MW)","Unknown",4,920173.400000006,0.0350975712480696,11396.8,0.0350975712480696
"Atlanta Metro DC1","1033 Jefferson Street NW","Atlanta","GA","30318","Fulton",33.775944,-84.421074,"Operating","QTS Data Centers","70","Large (51-99 MW)","Unknown",70,920782.100000006,0.61362600371682,11407.6,0.61362600371682
"Atlanta Metro DC2","1025 Jefferson Street NW","Atlanta","GA","30318","Fulton",33.77647,-84.41955,"Operating","QTS Data Centers","74","Large (51-99 MW)","Unknown",74,920782.100000006,0.648690346786353,11407.6,0.648690346786353
"Atlanta Metro DC3","953 Herndon Street","Atlanta","GA","30318","Fulton",33.78121,-84.42252,"Operating","QTS Data Centers",NA,"Unknown","Unknown",0,921268.600000006,0,11407.6,0
"Atlanta Metro DC4","1103 Herndon Street","Atlanta","GA","30318","Fulton",33.784534,-84.42251,"Operating","QTS Data Centers",NA,"Unknown","Unknown",0,921259.500000006,0,11407.6,0
"ATLDC 55 Marietta","55 Marietta Street (Suite 1740)","Atlanta","GA","30303","Fulton",33.75585,-84.39107,"Operating","ATLDC",NA,"Unknown","Unknown",0,920066.300000006,0,11396.8,0
"AT&T Southern Bell Telephone Company Building","51 Peachtree Center Ave NE","Atlanta","GA","30303","Fulton",33.7558,-84.3857,"Operating","AT&T",NA,"Unknown","Unknown",0,919796.000000006,0,11396.8,0
"Cogent Data Center Atlanta 1","55 Marietta Street NW (Suite 950)","Atlanta","GA","30303","Fulton",33.75585,-84.39107,"Operating","Cogent Communications",NA,"Unknown","Unknown",0,920066.300000006,0,11396.8,0
"Cogent Data Center Atlanta 2","1190 Allene Ave SW","Atlanta","GA","30310","Fulton",33.722496,-84.412796,"Operating","Cogent Communications",NA,"Unknown","Unknown",0,920980.800000006,0,11452.8,0
"Colo@ Atlanta Data Center #3","470 East Paces Ferry Rd","Atlanta","GA","30327","Fulton",33.83952,-84.37284,"Operating","Facility Gateway Corporation","3","Small (0-10 MW)","Unknown",3,920050.600000006,0.0263074818478375,11403.6,0.0263074818478375
"Coloblox SMY1 Data Center","1100 Circle 75 Pkwy","Atlanta","GA","30339","Cobb",33.88972,-84.465515,"Operating","Coloblox",NA,"Unknown","Unknown",0,922276.100000006,0,11832.8,0
"ColoCrossing GA1","34 Peachtree St","Atlanta","GA","30303","Fulton",33.755016,-84.389626,"Operating","ColoCrossing","2","Small (0-10 MW)","Unknown",2,919994.300000006,0.0175487856240348,11396.8,0.0175487856240348
"DataBank ATL1 Data Center","760 W Peachtree St NW","Atlanta","GA","30308","Fulton",33.775368,-84.387764,"Operating","DataBank","10","Small (0-10 MW)","Unknown",10,919916.700000006,0.0877023732262195,11402.2,0.0877023732262195
"DataBank ATL1 Midtown Atlanta Data Center","771 Spring Street","Atlanta","GA","30308","Fulton",33.77551,-84.38868,"Operating","Georgia Tech Foundation","14","Medium (11-50 MW)","Unknown",14,919916.700000006,0.122783322516707,11402.2,0.122783322516707
"DataBank ATL2 Data Center","1100 White St SW","Atlanta","GA","30310","Fulton",33.733864,-84.425735,"Operating","DataBank","4","Small (0-10 MW)","Unknown",4,921238.200000006,0.0350975712480696,11396.8,0.0350975712480696
"DataBank ATL3 Data Center","1150 White St SW","Atlanta","GA","30310","Fulton",33.73448,-84.4265,"Operating","DataBank","6","Small (0-10 MW)","Unknown",6,921238.200000006,0.0526214239357317,11402.2,0.0526214239357317
"DataBank ATL4 Data Center","200 Selig Drive SW","Atlanta","GA","30336","Fulton",33.750492,-84.54815,"Proposed","DataBank","40","Medium (11-50 MW)","Unknown",40,924746.800000006,0.338902633273461,11802.8,0.338902633273461
"Digital Realty 10 Forsyth Street NW Data Center","10 Forsyth St NW","Atlanta","GA","30303","Fulton",33.755455,-84.39201,"Proposed","Digital Realty","45","Medium (11-50 MW)","Unknown",45,920066.300000006,0.394847676540783,11396.8,0.394847676540783
"EDC ATL01","1003 Donnelly Avenue SW","Atlanta","GA","30310","Fulton",33.72936,-84.42015,"Operating","EdgeConnex","2","Small (0-10 MW)","Unknown",2,921000.600000006,0.0175487856240348,11396.8,0.0175487856240348
"EDC ATL02","1101 Donnelly Avenue","Atlanta","GA","30310","Fulton",33.731815,-84.42362,"Operating","EdgeConnex","14","Medium (11-50 MW)","Unknown",14,921238.200000006,0.122841499368244,11396.8,0.122841499368244
"EdgeConneX","Stonewall Tell Rd","Atlanta","GA","30349","Fulton",33.635,-84.5819,"Proposed",NA,"324","Hyperscale (100-999 MW)","Unknown",324,924219.600000006,3.00119492019971,10795.7,3.00119492019971
"Edged ATL01-1","1800 Thomas Street NW","Atlanta","GA","30318","Fulton",33.8084,-84.45469,"Operating","Edged","27","Medium (11-50 MW)","Unknown",27,922759.900000006,0.227740477074125,11855.6,0.227740477074125
"Edged ATL01-2","1760 Thomas Street NW","Atlanta","GA","30318","Fulton",33.8084,-84.45469,"Operating","Edged","100","Hyperscale (100-999 MW)","Unknown",100,922759.900000006,0.843483248422686,11855.6,0.843483248422686
"Edged ATL01-3","1740 Thomas Street NW","Atlanta","GA","30318","Fulton",33.8084,-84.45469,"Operating","Edged","42","Medium (11-50 MW)","Unknown",42,922759.900000006,0.354262964337528,11855.6,0.354262964337528
"Equinix Atlanta AT1","180 Peachtree Street NW (2nd & 6th floors)","Atlanta","GA","30303","Fulton",33.758602,-84.387856,"Operating","Equinix","4","Small (0-10 MW)","Unknown",4,919806.800000006,0.0350975712480696,11396.8,0.0350975712480696
"Equinix Atlanta AT2 AT3","56 Marietta Street NW (5th and 6th Floors)","Atlanta","GA","30303","Fulton",33.75543,-84.39146,"Operating","Equinix","1","Small (0-10 MW)","Unknown",1,920066.300000006,0.00877439281201741,11396.8,0.00877439281201741
"Equinix Atlanta AT4","450 Interstate Parkway North","Atlanta","GA","30339","Cobb",33.895363,-84.453636,"Operating","Equinix","12","Medium (11-50 MW)","Unknown",12,922266.100000006,0.101413021431952,11832.8,0.101413021431952
"FOGO Atlanta","56 Marietta Street","Atlanta","GA","30303","Fulton",33.75543,-84.39146,"Operating","FOGO Solutions",NA,"Unknown","Unknown",0,920066.300000006,0,11396.8,0
"H5 Atlanta","345 Courtland Street NE","Atlanta","GA","30308","Fulton",33.76513,-84.38366,"Operating","H5 Data Centers","8","Small (0-10 MW)","Unknown",8,919911.800000006,0.0701951424961393,11396.8,0.0701951424961393
"Intero Systems","1800 Phoenix Blvd (Suite 201)","Atlanta","GA","30349","Fulton",33.61318,-84.44704,"Operating","Intero Systems",NA,"Unknown","Unknown",0,921218.100000006,0,12050.9,0
"Lumen Atlanta 2","180 Peachtree Street NW (Third and Fourth Floors)","Atlanta","GA","30303","Fulton",33.758602,-84.387856,"Operating","Lumen",NA,"Unknown","Unknown",0,919806.800000006,0,11396.8,0
"Lumen Atlanta 5","953 Donnelly Avenue SW","Atlanta","GA","30310","Fulton",33.728493,-84.41872,"Operating","Lumen","0-.4","Small (0-10 MW)","Unknown",0,921000.600000006,0,11396.8,0
"Lumen Atlanta 6","874 Dekalb Avenue NE","Atlanta","GA","30307","Fulton",33.75479,-84.358734,"Operating","Lumen",NA,"Unknown","Unknown",0,917709.900000006,0,11398.2,0
"Lumen Doraville 1","6855 Crescent Dr","Atlanta","GA","30340","Gwinnett",33.90809,-84.236206,"Operating","Lumen",NA,"Unknown","Unknown",0,914482.600000006,0,8642.5,0
"Marrietta Data Center","2812 Spring Road SE (Suite 210)","Atlanta","GA","30339","Cobb",33.884117,-84.47229,"Operating","Coloblox",NA,"Unknown","Unknown",0,922775.100000006,0,11832.8,0
"Microsoft: Project Fulton","Ben Hill Rd","Atlanta","GA","30349","Fulton",33.64121,-84.5167,"Proposed","Microsoft",NA,"Unknown","Unknown",0,923925.000000006,0,11903.4,0
"QTS","1033 Jefferson Street NW","Atlanta","GA","30318","Fulton",33.77595,-84.421074,"Operating",NA,"0-275","Hyperscale (100-999 MW)","Unknown",0,920782.100000006,0,11407.6,0
"Southern Telecom Atlanta","270 Peachtree Street NE","Atlanta","GA","30303","Fulton",33.762527,-84.387886,"Operating","Southern Telecom","0-1","Small (0-10 MW)","Unknown",0,919911.800000006,0,11396.8,0
"Stonewall Tell Data Center","South of South Fulton Parkway and east of Stonewall Tell Road","Atlanta","GA","30349","Fulton",33.615124,-84.55222,"Proposed","RSC Investment Management LLC",NA,"Unknown","Unknown",0,924179.900000006,0,10799.8,0
"Sungard Availability Services Atlanta Data Center","1055 Spring Street NW","Atlanta","GA","30309","Fulton",33.78344,-84.38862,"Operating","Sunguard",NA,"Unknown","Unknown",0,919916.700000006,0,11402.2,0
"Vantage Data Centers Stacks Road Campus","5531 Mallory Rd","Atlanta","GA","30349","Fulton",33.60657,-84.5304,"Proposed",NA,NA,"Unknown","Unknown",0,923432.200000006,0,11421.7,0
"Vantage: Westlake Project","6605 Plummer Rd SW","Atlanta","GA","30331","Fulton",33.70682,-84.5833,"Proposed",NA,NA,"Unknown","Unknown",0,924602.000000006,0,10715.5,0
"Windstream Atlanta","1593 NE Expressway","Atlanta","GA","30329","Dekalb",33.835022,-84.32718,"Operating","Windstream","75","Large (51-99 MW)","Unknown",75,917782.700000006,0.950293323872635,7892.3,0.950293323872635
"T5: Project Eisenhower","2111 Powell Rd","Augusta","GA","30909","Richmond",33.43883,-82.1557,"Approved/Permitted/Under construction",NA,NA,"Unknown","Unknown",0,862176.100000007,0,7588.8,0
"Barnesville Amazon Data Center","unknown location","Barnesville","GA","30204","Lamar",33.05563,-84.1222,"Proposed","Amazon",NA,"Unknown","Unknown",0,904982.900000006,0,5413.8,0
"Trammell Crow Company Data Center","near 1530 US-41","Barnesville","GA","30204","Monroe",33.104168,-84.009544,"Approved/Permitted/Under construction","CBRE",NA,"Hyperscale (100-999 MW)","Unknown",0,903325.200000006,0,4934.7,0
"Project Blue Hole","Martha Berry Hwy","Blakely","GA","39823","Early",31.406675,-84.912994,"Proposed",NA,NA,"Unknown","Unknown",0,876063.300000003,0,4285,0
"Project Ruby","Just west of Talbot Energy Facility","Box Springs","GA","31801","Muscogee",32.581497,-84.71003,"Proposed",NA,NA,"Hyperscale (100-999 MW)","Unknown",0,905885.400000006,0,4614,0
"FOGO Carrollton","340 Tom Reeve Drive","Carrollton","GA","30177","Carroll",33.558292,-85.09067,"Operating","FOGO Solutions",NA,"Unknown","Unknown",0,925542.200000006,0,10836.1,0
"Project Bunkhouse","14 Taff Rd","Cartersville","GA","30120","Bartow",34.0998,-84.9167,"Proposed","Gaines Family Land LLC","1830","Mega campus (>1,000 MW)","Unknown",1830,928645.300000006,14.7508080702235,12406.1,14.7508080702235
"Switch","40 Bates Rd","Cartersville","GA","30120","Bartow",34.11429,-84.7938,"Proposed","Switch",NA,"Hyperscale (100-999 MW)","Unknown",0,927935.200000006,0,10221.1,0
"ATL Data Center","2380 Godby Park","College Park","GA","30349","Fulton",33.614918,-84.467186,"Operating","ATL Data Centers LLC","6","Small (0-10 MW)","Unknown",6,922671.000000006,0.0497929443397871,12049.9,0.0497929443397871
"Lumen College Park","4311 Best Rd","College Park","GA",NA,"Fulton",33.63764,-84.458496,"Operating","Lumen",NA,"Unknown","Unknown",0,921964.800000006,0,11459,0
"Microsoft Union City Data Center Campus","4810 Stonewall Tell Rd","College Park","GA","30349","Fulton",33.62499,-84.56204,"Approved/Permitted/Under construction","Microsoft","324","Hyperscale (100-999 MW)","Unknown",324,924189.900000006,3.00119492019971,10795.7,3.00119492019971
"Stacks/College Park","4380 Stacks Road","College Park","GA","30349","Fulton",33.708233,-84.52996,"Operating","Vantage Data Centers","105","Hyperscale (100-999 MW)","Unknown",105,924242.600000006,0.886060994751143,11850.2,0.886060994751143
"JMF IXP Farm Colombus","8 Corporate Ridge Pkwy","Columbus","GA","31907","Muscogee",32.498444,-84.883575,"Operating","JMF Solutions","13","Medium (11-50 MW)","Unknown",13,906267.900000005,0.29616804119014,4389.4,0.29616804119014
"DC BLOX Atlanta East Campus","1726 Farmer Road","Conyers","GA","30012","Rockdale",33.68936,-84.04566,"Approved/Permitted/Under construction","DC BLOX","216","Hyperscale (100-999 MW)","Unknown",216,909324.100000006,2.87440449258776,7514.6,2.87440449258776
"Rockdale Technology Park","1975 Sigman Rd","Conyers","GA","30012","Rockdale",33.68682,-84.05222,"Proposed","SDP Aquisitions LLC","126","Hyperscale (100-999 MW)","Unknown",126,909438.100000006,1.67673595400953,7514.6,1.67673595400953
"Project Splice","Old Nesbitt Rd","Cordele","GA",NA,"Crisp",31.97113,-83.7316,"Proposed","Red Wolf DCD",NA,"Unknown","Unknown",0,872951.700000006,0,1951.9,0
"Amazon Covington Data Center","Alcovy Rd near Hwy 142","Covington","GA","30014","Newton",33.63342,-83.833015,"Approved/Permitted/Under construction","Amazon",NA,"Hyperscale (100-999 MW)","Unknown",0,901475.200000006,0,7950.3,0
"Project Lighthouse","Off of Gregory Rd, near Flat Rock Rd","Covington","GA","30014","Newton",33.653538,-83.81398,"Proposed","Universal Planning and Development LLC, JBW Investments, LLC data center","360","Hyperscale (100-999 MW)","Unknown",360,901845.700000006,4.55194911932429,7908.7,4.55194911932429
"Serverfarm ATL2","10835 Hazelbrand Rd NE","Covington","GA","30014","Newton",33.61121,-83.83438,"Operating","Severfarm","75","Large (51-99 MW)","Unknown",75,901268.000000006,0.943360627900834,7950.3,0.943360627900834
"CORE DALTON 4","2768 Old Tilton Rd","Dalton","GA",NA,"Whitfield",34.68098,-84.94408,"Proposed","Core Scientific",NA,"Unknown","Unknown",0,932041.600000006,0,10640.4,0
"Core Scientific","Old Tilton Rd","Dalton","GA","30721","Whitfield",34.6883,-84.9408,"Operating","Core Scientific","195","Large (51-99 MW)","Yes",195,932041.600000006,1.83301686375515,10638.2,1.83301686375515
"Dalton","2205 Industrial South Rd","Dalton","GA","30721","Whitfield",34.71316,-84.95143,"Operating","Core Scientific","195","Hyperscale (100-999 MW)","Unknown",195,932617.700000006,1.83301686375515,10638.2,1.83301686375515
"Dalton 3","206 Boring Dr","Dalton","GA","30721","Whitfield",34.701214,-84.95039,"Proposed","Core Scientific","142","Hyperscale (100-999 MW)","Unknown",142,932518.700000006,1.33481228027298,10638.2,1.33481228027298
"Data center","615 South Thornton Avenue","Dalton","GA","30720","Whitfield",34.76418,-84.9711,"Operating",NA,NA,"Small (0-10 MW)","Unknown",0,932910.200000006,0,10631.5,0
"Atlanta-Douglasville 1","1700 North River Road","Douglasville","GA","30122","Douglas",33.73072,-84.61699,"Operating","Flexential","23","Medium (11-50 MW)","Unknown",23,924865.300000006,0.214534227536867,10720.9,0.214534227536867
"Atlanta-Douglasville 2","1750 North River Road","Douglasville","GA","30122","Douglas",33.730686,-84.61119,"Operating","Flexential","36","Medium (11-50 MW)","Unknown",36,924833.600000006,0.335792703970749,10720.9,0.335792703970749
"Douglasville Campus","1601 North River Road","Douglasville","GA","30122","Douglas",33.73178,-84.61917,"Operating","Microsoft","150","Hyperscale (100-999 MW)","Unknown",150,924860.300000006,1.39913626654479,10720.9,1.39913626654479
"Vantage Data Center","Roberts Rd","Douglasville","GA","30135","Douglas",33.71054,-84.6269,"Proposed",NA,NA,"Unknown","Unknown",0,924861.300000006,0,10715.5,0
"Project Eagle","7015 Adams Park Rd","Dry Branch","GA","31020","Twiggs",32.63236,-83.5072,"Proposed","Eagle Rock Partners LLC and Thomas & Hutton Engineering","900","Hyperscale (100-999 MW)","Yes",900,884092.600000006,17.5219998442489,5136.4,17.5219998442489
"East Point Campus","4165 Ben Hill Road","East Point","GA","30349","Fulton",33.642456,-84.514824,"Operating","Microsoft","38","Medium (11-50 MW)","Unknown",38,923925.000000006,0.319236520657963,11903.4,0.319236520657963
"Clayton Commerce III","4350 E Tanners Church Rd","Ellenwood","GA","30294","Clayton",33.6353,-84.30396,"Proposed","TA Realty/ EdgeconneX","180","Hyperscale (100-999 MW)","Unknown",180,915163.700000006,1.23037382858158,14629.7,1.23037382858158
"Conley Creek Data Center","4280 Loveless Pl","Ellenwood","GA","30294","Dekalb",33.64961,-84.294815,"Suspended","Telecad Wireless",NA,"Unknown","Yes",0,915009.800000006,0,14037,0
"Fairburn Technology Center","8125 Bohannon Drive","Fairburn","GA","30213","Fulton",33.532734,-84.58926,"Proposed","Bohannon Road Venture, LLC.",NA,"Unknown","Unknown",0,923508.200000006,0,11252.7,0
"T5 ATL IV","Gullatt Road","Fairburn","GA","30268","Fulton",33.52815,-84.6147,"Proposed",NA,NA,"Unknown","Unknown",0,923578.600000006,0,11258.1,0
"Crow Holdings Development","south of Roberts Rd and west of Hwy 85","Fayetteville","GA","30214","Fayette",33.484707,-84.43693,"Cancelled",NA,NA,"Unknown","Unknown",0,920243.000000006,0,11558.8,0
"Fairwater 2","north of GA-54","Fayetteville","GA","30214","Fayette",33.46006,-84.523994,"Operating","Microsoft","615-1100","Mega campus (>1,000 MW)","Unknown",615,921971.100000006,5.99765944997074,10254,5.99765944997074
"QTS Atlanta Fayetteville Campus/ Project Excalibur","1435 Hwy 54 West","Fayetteville","GA","30214","Fayette",33.447083,-84.52227,"Approved/Permitted/Under construction","QTS Data Centers","500","Hyperscale (100-999 MW)","Yes",500,921907.800000006,4.91062659595365,10182,4.91062659595365
"QTS ATL2 East","west of Veterans Parkway","Fayetteville","GA","30214","Fayette",33.454353,-84.51676,"Proposed","QTS Data Centers",NA,"Unknown",NA,0,921906.600000006,0,10182,0
"Digital Realty Fort Gillem Campus","Fort Gillem","Forest Park","GA","30294","Clayton",33.61974,-84.329025,"Proposed","Digital Realty",NA,"Unknown","Unknown",0,916967.100000006,0,14629.7,0
"Rumble Technology Campus","Rumble Rd","Forsyth","GA","31029","Monroe",32.99113,-83.8368,"Proposed","Google/Cloverleaf Infrastructure",NA,"Unknown","Unknown",0,896364.500000006,0,5322.1,0
"Project Turbo","24000 O’Kelly Rd","Gainesville","GA","30507","Hall",34.226425,-83.78167,"Proposed","Project Turbo, Inc",NA,"Hyperscale (100-999 MW)","Yes",0,904979.400000006,0,4954,0
"Eagle Rock Partners LLC and Thomas & Hutton Engineering Data Center","near 2349 GA-18","Gordon","GA","31031","Jones",32.91623,-83.382996,"Proposed",NA,NA,"Hyperscale (100-999 MW)","Unknown",0,884188.500000006,0,5095.6,0
"Crooked Creek Data Center","near Highway 18 and Highway 49","Gray","GA","31032","Jones",32.937828,-83.396965,"Cancelled","Eagle Rock Partners LLC and Thomas & Hutton Engineering",NA,"Unknown","Yes",0,884420.900000006,0,5095.6,0
"75 South Data Center Campus","~1201 Tomochichi Rd","Griffin","GA","30223","Spalding",33.256115,-84.14383,"Proposed",NA,NA,"Hyperscale (100-999 MW)","Unknown",0,907687.700000006,0,9707,0
"Project Spalding","High Falls Rd","Griffin","GA","30224","Spalding",33.24653,-84.2326,"Approved/Permitted/Under construction","Montana Property Group LLC",NA,"Hyperscale (100-999 MW)","Unknown",0,909660.800000006,0,11507.5,0
"Spalding Investments LLC Data Center","~2038 High Falls Rd","Griffin","GA","30223","Spaulding",33.24212,-84.19505,"Proposed",NA,NA,"Hyperscale (100-999 MW)","Unknown",0,908932.700000006,0,9390.5,0
"Wallace Jackson Data Center Campus","5745 Jackson Rd","Griffin","GA","30223","Spaulding",33.273514,-84.12198,"Proposed",NA,NA,"Mega campus (>1,000 MW)","Unknown",0,907130.100000006,0,8309.8,0
"0 Rocky Creek Data Center Campus","GA-20 & Rocky Creek Rd","Hampton","GA","30228","Henry",33.40101,-84.2243,"Proposed",NA,NA,"Unknown","Unknown",0,911090.600000006,0,11478.3,0
"Hampton Data Center","North of I-20 at McDonough St","Hampton","GA","30228","Henry",33.384445,-84.26329,"Proposed","Southeast Property Holdings LLC",NA,"Unknown","Yes",0,911816.200000006,0,11478.4,0
"Rocky Creek","SE intersection of Rocky Creek Road and GA Highway 20 W","Hampton","GA","30228","Henry",33.40127,-84.22438,"Proposed","Red Wolf DCD Properties, LLC",NA,"Unknown","Yes",0,911090.600000006,0,11478.3,0
"Project Pumpkin","north of Wrightsboro Rd","Harlem","GA","30814","Columbia",33.48528,-82.318,"Approved/Permitted/Under construction",NA,NA,"Unknown","Unknown",0,868120.100000007,0,8420.4,0
"Hogansville Data Center","Hightower Rd","Hogansville","GA","30230","Troup",33.14624,-84.94037,"Proposed",NA,"600","Hyperscale (100-999 MW)","Yes",600,919973.200000006,7.3437614746273,8170.2,7.3437614746273
"River Park","Logistics Pkwy","Jackson","GA","30233","Butts",33.276512,-84.09031,"Proposed","Interstate Health Systems, LLC",NA,"Unknown","Unknown",0,906296.900000006,0,8315.5,0
"Project Pegasus","411 Pegasus Parkway","LaGrange","GA","30240","Troup",32.98697,-85.05588,"Operating","Form8tion (Thor Equities), Google",NA,"Hyperscale (100-999 MW)","Unknown",0,916134.000000006,0,8881.4,0
"Project West","Interstate 85 and Hamilton Rd","LaGrange","GA","30240","Troup",32.96313,-85.0219,"Proposed","Economic Impact Group LLC","600","Hyperscale (100-999 MW)","Unknown",600,916822.100000006,7.23615181446507,8291.7,7.23615181446507
"Lamar County Amazon Data Center","near Van Mar Blvd and High Falls Road","Lamar County","GA",NA,"Lamar",33.1795,-84.0563,"Proposed","Amazon",NA,"Unknown","Unknown",0,905485.200000006,0,5502.3,0
"Data Bank ATL5 Data Center","4764 Bakers Ferry Rd SW","Litha Springs","GA","30122","Fulton",33.7474,-84.5403,"Proposed","DataBank","72","Large (51-99 MW)","Unknown",72,924749.100000006,0.608848599648221,11825.6,0.608848599648221
"Switch Atlanta - The KEEP Campus","1 Switch Way","Lithia","GA","30122","Douglas",33.770504,-84.590355,"Operating","Switch","110","Hyperscale (100-999 MW)","Unknown",110,924927.000000006,1.0255262814417,10726.2,1.0255262814417
"Atlanta ATL1a","375 Riverside Parkway Suite 100","Lithia Springs","GA","30122","Douglas",33.74414,-84.581215,"Operating","Centersquare","7","Small (0-10 MW)","Unknown",7,924879.600000006,0.0652546796927437,10727.2,0.0652546796927437
"Atlanta ATL1b","375 Riverside Parkway Suite 200","Lithia Springs","GA","30122","Douglas",33.74414,-84.581215,"Operating","Centersquare","18","Medium (11-50 MW)","Unknown",18,924879.600000006,0.167797747781341,10727.2,0.167797747781341
"DC BLOX Atlanta West Campus","1701 North River Road","Lithia Springs","GA","30122","Douglas",33.733944,-84.615234,"Operating","DC BLOX","120","Hyperscale (100-999 MW)","Unknown",120,925057.500000006,1.11930901323583,10720.9,1.11930901323583
"Digital Realty Atlanta ATL11 Data Center","101 Aquila Way","Lithia Springs","GA","30122","Douglas",33.74681,-84.5797,"Operating","Digital Realty",NA,"Unknown","Unknown",0,924879.600000006,0,10727.2,0
"Lithia Springs Google Data Center","300 Riverside Parkway","Lithia Springs","GA","30122","Douglas",33.749466,-84.584785,"Operating","Google","78","Large (51-99 MW)","Unknown",78,924879.600000006,0.727123573719144,10727.2,0.727123573719144
"Microsoft: FTY101","1601 N River Rd","Lithia Springs","GA","30122","Douglas",33.7318,-84.6192,"Proposed","Microsoft",NA,"Unknown","Unknown",0,924860.300000006,0,10720.9,0
"PWC Lithia Springs","2480 Rock House Rd","Lithia Springs","GA","30122","Douglas",33.74222,-84.59638,"Operating","PricewaterhouseCoopers",NA,"Unknown","Unknown",0,924911.400000006,0,10720.9,0
"Rock House Road Data Center","1971 Rock House Rd","Lithia Springs","GA","30122","Douglas",33.749,-84.6093,"Proposed","Amazon",NA,"Unknown","Unknown",0,925073.200000006,0,10720.9,0
"STACK Atlanta ATL02","808 Factory Shoals Rd","Lithia Springs","GA","30122","Douglas",33.76018,-84.6017,"Approved/Permitted/Under construction","STACK Infrastructure","160","Hyperscale (100-999 MW)","Unknown",160,925079.900000006,1.49241201764777,10720.9,1.49241201764777
"Switch Atlanta: The Keep Campus","580 Douglas Hills Rd","Lithia Springs","GA","30122","Douglas",33.756165,-84.59596,"Operating","Switch SUPERNAP","150","Hyperscale (100-999 MW)","Unknown",150,924915.900000006,1.39831456484451,10727.2,1.39831456484451
"T5 @ Atlanta III","1456 Trae Lane","Lithia Springs","GA","30122","Douglas",33.763447,-84.604774,"Operating","T5","300","Hyperscale (100-999 MW)","Unknown",300,925079.900000006,2.79827253308957,10720.9,2.79827253308957
"Bolingbroke Technology Campus",NA,"Macon","GA","31220","Monroe",32.94087,-83.8188,"Suspended",NA,"900","Hyperscale (100-999 MW)","Unknown",900,895818.800000006,15.0122600123434,5995.1,15.0122600123434
"Stream Data Center","Access is proposed to be from Jason Industrial Pkwy and N Baggett Rd","Macon","GA","31217","Douglas",33.738323,-84.80737,"Proposed","SDC ATLA, LLC",NA,"Unknown","Unknown",0,926189.500000006,0,10638,0
"Atlanta AT2","1130 Powers Ferry Place","Marietta","GA","30067","Cobb",33.925495,-84.48163,"Operating","CoreSite","2","Small (0-10 MW)","Unknown",2,922834.400000006,0.0161466112299681,12386.5,0.0161466112299681
"Grindcap","Bells Ferry Rd","Marietta","GA","30066","Cobb",33.99401,-84.5527,"Proposed",NA,"108","Hyperscale (100-999 MW)","Unknown",108,923968.300000006,0.983543854216945,10980.7,0.983543854216945
"Marietta Data Center","1751 Bells Ferry Rd","Marietta","GA","30066","Marrietta",33.994106,-84.552986,"Proposed","MMM Acquisitions LLC","180","Hyperscale (100-999 MW)","Unknown",180,923968.300000006,1.63923975702824,10980.7,1.63923975702824
"Northern Data",NA,"Maysville","GA","30558","Jackson",34.2525,-83.5614,"Proposed",NA,"120-180","Unknown","Unknown",120,897951.600000007,2.94175328495783,4079.2,2.94175328495783
"Central Coweta Industrial Phase II","between Amlajack Boulevard and Coweta Industrial Parkway","Newnan","GA","30265","Coweta",33.42518,-84.72857,"Proposed","Central Coweta Industrial LLC, Brent Holdings",NA,"Unknown","Unknown",0,923119.400000006,0,11293.4,0
"Project Sail","1534 Welcome Sargent Rd","Newnan","GA","30263","Coweta",33.43413,-84.8768,"Approved/Permitted/Under construction","Atlas Development","936","Hyperscale (100-999 MW)","Yes",936,923458.700000006,8.16882232811436,11458.2,8.16882232811436
"T5 @ Atlanta IV","299 Palmetto Tyrone Road","Newnan","GA","30265","Coweta",33.49088,-84.66487,"Operating","T5","200","Hyperscale (100-999 MW)","Unknown",200,922523.600000006,1.75251047125007,11412.2,1.75251047125007
"Atlanta-Norcross","2775 Northwoods Parkway NW","Norcross","GA","30071","Gwinnett",33.95475,-84.198616,"Operating","Flexential","2","Small (0-10 MW)","Unknown",2,914285.200000006,0.0252254524815539,7928.5,0.0252254524815539
"Equinix Atlanta AT5","2836 Peterson Place NW","Norcross","GA","30071","Gwinnett",33.938904,-84.2272,"Operating","Equinix",NA,"Unknown","Unknown",0,914028.900000006,0,7928.5,0
"Project Arrowhead","Between Ponderosa and Pinetta Rd","Ocilla","GA","31774","Irwin",31.59873,-83.37431,"Proposed",NA,"1250","Mega campus (>1,000 MW)","Unknown",1250,858368.600000005,95.8368473510695,1304.3,95.8368473510695
"Gregory Road Data Center","Gregory Rd and Flat Rock Rd","Oxford","GA","30054","Newton",33.65342,-83.8231,"Proposed",NA,NA,"Unknown","Unknown",0,901320.100000006,0,7908.7,0
"Palmetto Campus","8600 Tatum Rd","Palmetto","GA","30268","Fulton",33.52662,-84.636375,"Operating","Microsoft","38","Medium (11-50 MW)","Unknown",38,923579.200000006,0.33559714212539,11323.1,0.33559714212539
"Project Peach","300 Johnston Circle","Palmetto","GA","30263","Coweta",33.50277,-84.6692,"Proposed","North Coweta Investors, LLC",NA,"Unknown","Unknown",0,922972.600000006,0,11325.2,0
"T5","Palmetto Tyrone Rd","Palmetto","GA","30122","Coweta",33.49292,-84.6615,"Proposed",NA,NA,"Unknown","Unknown",0,922523.600000006,0,11412.2,0
"Atlas Battey Business Complex","Floyd County","Rome","GA","30161","Floyd",34.2664,-85.3029,"Proposed",NA,"500-900","Hyperscale (100-999 MW)","Yes",500,936000.500000006,7.28852349091121,6860.1,7.28852349091121
"Project Firecracker (Microsoft)","Huffaker Rd","Rome","GA","30161","Floyd",34.30175,-85.3087,"Proposed","Microsoft",NA,"Unknown","Unknown",0,936578.700000006,0,6861.2,0
"Project Gracie (Atlas Development)","Vann Rd NW","Rome","GA","30161","Floyd",34.26722,-85.2995,"Proposed",NA,NA,"Unknown","Unknown",0,936000.500000006,0,6860.1,0
"Project Sassy","Plainville Rd NE & Hwy 53","Rome","GA","30161","Floyd",34.36917,-85.0482,"Proposed",NA,"504","Hyperscale (100-999 MW)","Unknown",504,932848.500000006,5.35355788534464,9414.3,5.35355788534464
"Rome Campus","Huffaker Road NW","Rome","GA","30165","Floyd",34.300987,-85.30927,"Proposed","Microsoft",NA,"Unknown","Unknown",0,936578.700000006,0,6861.2,0
"Athens Shoals Crossing Data Center","0 Voyles Rd / 105 Old Elberton Rd","Shoals Crossing","GA","30601","Athens-Clark",33.988262,-83.30194,"Proposed","Brasfield & Gorrie",NA,"Unknown","Unknown",0,890790.300000006,0,4922.7,0
"Smyrna GA2","5600 United Drive","Smyrna","GA","30082","Cobb",33.841206,-84.522415,"Operating","365 Data Centers","4","Small (0-10 MW)","Unknown",4,924501.400000006,0.0338931349455168,11801.8,0.0338931349455168
"Verizon Atlanta","4000 Highland Parkway SE","Smyrna","GA","30082","Cobb",33.8291,-84.503174,"Operating","Verizon Communications Inc.","1","Small (0-10 MW)","Unknown",1,924461.500000006,0.00845108511932932,11832.8,0.00845108511932932
"0 Social Circle Parkway Data Center","0 Social Circle Pkwy","Social Circle","GA","30025","Walton",33.664944,-83.68987,"Proposed","Sailfish Investors Acquisitions, LLC",NA,"Unknown","Unknown",0,897242.100000006,0,7946.1,0
"Stanton Springs Data Center (Newton)","100 Move Fast Way","Social Circle","GA","30025","Newton",33.60278,-83.698616,"Expanding","Meta",NA,"Hyperscale (100-999 MW)","Yes",0,896785.300000006,0,7946.1,0
"Westlake","Plumber Road SW & Riverside Dr SW","South Fulton","GA","30331","Fulton",33.708332,-84.584564,"Operating","Vantage Data Centers","113","Hyperscale (100-999 MW)","Unknown",113,924603.500000006,1.05454715132285,10715.5,1.05454715132285
"Edge Presence","695 Brannen St","Statesboro","GA","30461","Bulloch",32.43269,-81.76039,"Operating","Ubiquity","0.1","Small (0-10 MW)","Unknown",0.1,832612.600000006,0.000870973923040744,11481.4,0.000870973923040744
"ATL1 - Atlanta Data Center","305 Satellite Blvd","Suwanee","GA","30024","Gwinnett",34.03615,-84.06378,"Operating","Server Farm Realty","12","Medium (11-50 MW)","Unknown",12,911492.600000006,0.149023893497591,8052.4,0.149023893497591
"Atlanta Suwanee DC1","300 Satellite Boulevard NW","Suwanee","GA","30024","Gwinnett",34.035347,-84.06126,"Operating","QTS Data Centers","26","Medium (11-50 MW)","Unknown",26,911492.600000006,0.322885102578113,8052.4,0.322885102578113
"Atlanta Suwanee DC2","120 Satellite Boulevard NW","Suwanee","GA","30024","Gwinnett",34.03704,-84.05765,"Operating","QTS Data Centers","30","Medium (11-50 MW)","Unknown",30,910464.400000006,0.372559733743977,8052.4,0.372559733743977
"QTS Suwanee","120-300 Satellite Blvd NW","Suwanee","GA","30024","Gwinnett",34.03671,-84.06008,"Operating",NA,NA,"Hyperscale (100-999 MW)","Unknown",0,911491.400000006,0,8052.4,0
"Project Bus","near Center Point Rd and Vaughn Rd","Temple","GA","30179","Carroll and Haralson",33.709145,-85.06483,"Suspended","Atlas Development",NA,"Hyperscale (100-999 MW)","Yes",0,927090.300000006,0,11781.9,0
"Upson County Megasite","795 Windsweep Farm Road","Thomaston","GA","30286","Upson",32.885147,-84.24026,"Proposed","Dominion Capital",NA,"Unknown","Unknown",0,901970.000000006,0,5626.4,0
"Project Azalea","2660-2358 Randall Hunt Rd","Thomson","GA","30824","McDuffie",33.453014,-82.39851,"Approved/Permitted/Under construction",NA,NA,"Unknown","Unknown",0,869307.400000007,0,8408.2,0
"Microsoft","GA-74","Tyrone","GA","30290","Fayette",33.518105,-84.578316,"Proposed",NA,NA,"Unknown","Unknown",0,922931.700000006,0,11317.7,0
"Project Rita Campus","2008 Joel Cowan Parkway","Tyrone","GA","30290","Fayette",33.517883,-84.57948,"Operating","Fayette County Development Authority","96","Large (51-99 MW)","Unknown",96,922921.500000006,0.848228880426235,11317.7,0.848228880426235
"ATL03/Red Oak","7170 Red Oak Rd","Union City","GA","30291","Fulton",33.56321,-84.5129,"Proposed","TA Realty LLC, Brightstar Commercial Properties LLC","150","Hyperscale (100-999 MW)","Unknown",150,922719.700000006,1.36668033347,10975.5,1.36668033347
"Union City Data Center","State Route 138 and Buffington Road","Union City","GA","30291","Fulton",33.562943,-84.5134,"Proposed",NA,NA,"Unknown","Unknown",0,922719.700000006,0,10975.5,0
"Valdosta Data Center","Near 4107 Quail Hollow cir","Valdosta","GA","31602","Lowndes",30.885855,-83.32822,"Proposed","Langdale Capital Assets",NA,"Unknown","Unknown",0,836890.600000003,0,1205.6,0
"Atlas","S. Van Wert Rd and NE Hickory Level Rd","Villa Rica","GA","30180","Carroll",33.70841,-84.9497,"Proposed",NA,NA,"Unknown","Unknown",0,925781.100000006,0,11802.9,0
"Avemore GA LLC Data Center","55 Goldworth Rd","Villa Rica","GA","30180","Carroll",33.70459,-84.94,"Proposed","Atlanta Development",NA,"Unknown","Unknown",0,925775.300000006,0,11802.9,0
"Hickman Property","I-20 and Clinton Rd","Villa Rica","GA","30180","Douglas",33.707703,-84.86278,"Proposed","East Village Donthan LLC",NA,"Unknown","Unknown",0,926751.500000006,0,10634.9,0
"Data center: Robins Air Force Base (3 sites)",NA,"Warner Robins","GA","31098","Houston",32.6389,-83.592094,"Proposed",NA,NA,"Unknown","Unknown",0,886107.900000006,0,5759.9,0
"Atlanta West (Stream Data Center)/ DC Blox","Between N. Baggett Rd and Jason Industrial Pkwy","Winston","GA","30187","Douglas",33.73446,-84.8097,"Proposed",NA,"240","Hyperscale (100-999 MW)","Unknown",240,926187.400000006,2.25606316976875,10638,2.25606316976875
"West Atlanta, GA (ATL) Campus",NA,"Winston","GA","30187","Douglas",33.739944,-84.80678,"Operating","Stream Data Centers","240","Hyperscale (100-999 MW)","Unknown",240,926189.500000006,2.25606316976875,10638,2.25606316976875
"Mililani Technology Park","100 Kahelu Ave","Mililani","HI","96789","Honolulu",21.480452,-158.02138,"Expanding",NA,NA,"Unknown","Unknown",0,3369.3,0,2239.6,0
"Applied Digital","~1260 Fallow Ave","Adair","IA","50002","Adair",41.46419,-94.6051,"Proposed",NA,"200","Hyperscale (100-999 MW)","Unknown",200,854689.100000004,5.52425146392664,3620.4,5.52425146392664
"Edged DSM01-1 Data Center","9100 SE Four Mile Dr","Ankeny","IA","50021","Polk",41.65646,-93.5616,"Approved/Permitted/Under construction",NA,"13","Medium (11-50 MW)","Unknown",13,878296.900000006,0.335103366499974,3879.4,0.335103366499974
"Simple Mining","Cascade Industrial Park","Cascade","IA",NA,"Dubuque",42.2922,-91.0185,"Proposed",NA,NA,"Unknown","Unknown",0,910012.200000007,0,1258.3,0
"Simple Mining","Viking Rd and S. Union Rd","Cedar Falls","IA","50613","Black Hawk",42.480602,-92.48979,"Proposed",NA,NA,"Unknown","Yes",0,898551.400000006,0,2977.6,0
"Cedar Rapids Google Data Center","5420 Edgewood Rd SW","Cedar Rapids","IA","52404","Linn",41.90651,-91.7155,"Proposed","Google",NA,"Unknown","Unknown",0,911577.100000006,0,2052.7,0
"Council Bluffs Google Data Center","1430 Veterans Memorial Hwy","Council Bluffs","IA","51501","Pottawattamie",41.22147,-95.864914,"Operating","Google",NA,"Unknown","Unknown",0,799997.600000002,0,4993.2,0
"Edged Data Center","2130 E Kanesville Blvd","Council Bluffs","IA","51503","Pottawattamie",41.27521,-95.8246,"Proposed",NA,"200","Hyperscale (100-999 MW)","Unknown",200,800459.100000002,4.00568807706944,4992.9,4.00568807706944
"Project Osmium (Microsoft)","5855 SW Kerry St","Cumming","IA","50061","Warren",41.49686,-93.7887,"Operating","Microsoft",NA,"Unknown","Unknown",0,878504.700000006,0,4042.1,0
"Project Ruthenium (Microsoft)","near 3320 110th St","Cumming","IA","50062","Madison",41.49467,-93.8046,"Proposed","Microsoft","100-200","Hyperscale (100-999 MW)","Unknown",100,878130.000000006,2.55963960274393,3906.8,2.55963960274393
"Cielo Digital Infrastructure",NA,"Des Moines","IA",NA,"Polk",41.57011,-93.5839,"Proposed",NA,"150","Hyperscale (100-999 MW)","Unknown",150,880137.100000006,3.8659793814433,3880,3.8659793814433
"Dubuque Data Center","3501 Digital Dr","Dubuque","IA","52003","Dubuque",42.44434,-90.679,"Operating","Windstream",NA,"Small (0-10 MW)","Unknown",0,900848.700000007,0,1378.9,0
"QTS Fairfax Data Center","~3400 76th Ave SW","Fairfax","IA","52228","Linn",41.89881,-91.7211,"Approved/Permitted/Under construction",NA,NA,"Unknown","Unknown",0,911572.000000006,0,2011.9,0
"Project West","South of Delaware St, west of Rt 28","Norwalk","IA","50211","Warren",41.458225,-93.70044,"Proposed","Tract Data Centers",NA,"Unknown","Yes",0,878122.700000005,0,3160.6,0
"IA01 Data Center","390 N Alice's Road","Waukee","IA","50263","Dallas",41.6204,-93.854,"Expanding","US Signal","2","Small (0-10 MW)","Unknown",2,875843.800000006,0.0466515826549416,4287.1,0.0466515826549416
"DSM14 (Microsoft)","3655 SE Soteria Ave","West Des Moines","IA","50265","Polk",41.51406,-93.7142,"Approved/Permitted/Under construction","Microsoft",NA,"Unknown","Unknown",0,877625.500000005,0,3924.5,0
"Project Alluvion (Microsoft)","550 White Crane Rd","West Des Moines","IA","50265","Polk",41.51533,-93.7107,"Operating","Microsoft",NA,"Unknown","Unknown",0,877627.800000006,0,3924.5,0
"Project Ginger East (Microsoft)","near 1475 Maffitt Lake Rd","West Des Moines","IA","50265","Polk",41.51475,-93.7212,"Proposed","Microsoft","200","Hyperscale (100-999 MW)","Unknown",200,877529.600000006,5.09619059752835,3924.5,5.09619059752835
"Project Ginger West (Microsoft) DSM 42 & 43","11100 Booneville Rd","West Des Moines","IA","50266","Dallas",41.5346,-93.8656,"Approved/Permitted/Under construction","Microsoft","200","Hyperscale (100-999 MW)","Unknown",200,877523.900000006,4.91448791035974,4069.6,4.91448791035974
"Project Mountain (Microsoft)","8855 Grand Ave","West Des Moines","IA","50266","Dallas",41.53982,-93.8242,"Operating","Microsoft",NA,"Unknown","Unknown",0,877616.300000006,0,4069.6,0
"Deep Atomic Data Center","Idaho National Laboratory","Idaho Falls","ID","83415","Bonneville",43.51967,-112.04594,"Proposed",NA,"60","Large (51-99 MW)","Yes",60,411430.1,7.577671129073,791.8,7.577671129073
"Edged Data Center","2835 Bilter Road","Aurora","IL","60502","DuPage",41.80707,-88.24102,"Approved/Permitted/Under construction","Edged","72","Large (51-99 MW)","Unknown",72,901926.100000008,0.380789185587129,18908.1,0.380789185587129
"US Signal Data Center","4267 Meridian Pkwy","Aurora","IL","60504","Kane",41.772236,-88.21706,"Operating",NA,"1.35-6","Small (0-10 MW)","Unknown",1.35,903956.300000008,0.00735682795376642,18350.3,0.00735682795376642
"Barrington Hills Data Center","Pond Gate Dr & Penny Rd","Barrington Hills","IL","60010","Cook",42.102898,-88.228096,"Cancelled",NA,NA,"Unknown","Yes",0,895854.800000008,0,11177.8,0
"Western Hospitality Partners Data Center","near Interstate 55 and Reed Rd","Braidwood/ Braceville","IL","60407","Will",41.256397,-88.2417,"Suspended",NA,NA,"Unknown","Unknown",0,931504.200000008,0,18059.1,0
"HydraVault Data Center","2538 S Wabash Ave","Chicago","IL","60616","Cook",41.84624,-87.6257,"Approved/Permitted/Under construction",NA,"20","Medium (11-50 MW)","Yes",20,898653.600000008,0.145713120009326,13725.6,0.145713120009326
"Karis Critical Data Center","E Gurler and S Peace Rds","Dekalb","IL","60115","DeKalb",41.894,-88.7222,"Proposed",NA,NA,"Unknown","Unknown",0,906246.000000008,0,17223.3,0
"Gail Technology Data Center","15244 E. 1700th Avenue","Effingham","IL","62401","Effingham",39.16273,-88.51865,"Proposed","Gail Technology",NA,"Unknown","Unknown",0,975872.200000008,0,2903.2,0
"Aligned","141 Northwest Point Blvd","Elk Grove Village","IL","60007","Cook",42.03674,-87.9827,"Proposed",NA,NA,"Unknown","Unknown",0,894833.100000008,0,13680,0
"Aligned","50 Northwest Point Blvd","Elk Grove Village","IL","60007","Cook",42.03374,-87.9824,"Proposed",NA,NA,"Unknown","Unknown",0,894833.100000008,0,13680,0
"Aligned","101 Northwest Point Blvd","Elk Grove Village","IL","60007","Cook",42.03573,-87.9766,"Proposed",NA,NA,"Unknown","Unknown",0,894834.100000008,0,13731,0
"Nexstar Media Group Data Center","720 Rohlwing Rd","Elk Grove Village","IL","60007","Cook",42.01142,-88.0317,"Proposed",NA,NA,"Unknown","Unknown",0,895203.700000008,0,13918.5,0
"Stream Data Center","700 Roppolo Dr","Elk Grove Village","IL","60007","Cook",42.01401,-87.95375,"Proposed",NA,NA,"Unknown","Unknown",0,894833.100000008,0,13905.7,0
"Stream Data Center: Chicago 1","2080 Lunt Ave","Elk Grove Village","IL","60007","Cook",42.00269,-87.9518,"Operating",NA,"15","Medium (11-50 MW)","Unknown",15,894833.100000008,0.10788107190633,13904.2,0.10788107190633
"Stream Data Center: Chicago 2","1925 Busse Road","Elk Grove Village","IL","60007","Cook",41.99923,-87.9578,"Operating",NA,"32","Medium (11-50 MW)","Unknown",32,894834.100000008,0.230146286733505,13904.2,0.230146286733505
"T5 Data Center","200 Innovation Dr","Elk Grove Village","IL","60007","Cook",42.02308,-87.9757,"Approved/Permitted/Under construction",NA,"36","Medium (11-50 MW)","Unknown",36,894833.100000008,0.262180467555167,13731,0.262180467555167
"Western Hospitality Partners Data Center","Lutticken Farm,  between IL Hwy 98 and Sheridan Rd","Groveland Twp","IL","61554","Tazewell",40.59457,-89.590225,"Cancelled",NA,NA,"Unknown","Unknown",0,957458.800000008,0,5837.4,0
"PowerHouse Data Centers","S Rowell Rd & W Bernhard Rd","Jackson Twp/ Joliet","IL","60421","Will",41.465225,-88.06284,"Proposed",NA,"1800","Mega campus (>1,000 MW)","Yes",1800,917956.800000008,9.58731917250783,18774.8,9.58731917250783
"PowerHouse Hillwood Holding","Schweitzer Rd and S Ridge Rd","Joliet","IL","60421","Will",41.46266,-88.05086,"Approved/Permitted/Under construction","PowerHouse Hillwood Holding","1800","Mega campus (>1,000 MW)","Unknown",1800,918404.900000008,9.58629798474713,18776.8,9.58629798474713
"Hut8 Data Center","Hwy 121","Latham/ Laenna Twp","IL","62548","Logan",39.97475,-89.19171,"Proposed","Hut 8","500","Hyperscale (100-999 MW)","Yes",500,962912.400000008,5.87550970046652,8509.9,5.87550970046652
"Cloud Centers Data Center","711 Ogden Avenue","Lisle","IL","60532","DuPage",41.801693,-88.06276,"Proposed","Cloud Centers","50","Medium (11-50 MW)","Yes",50,901514.000000008,0.275027502750275,18180,0.275027502750275
"CyrusOne Data Center","1850 Springer Dr","Lombard","IL","60148","DuPage",41.84915,-88.0291,"Approved/Permitted/Under construction",NA,"18","Medium (11-50 MW)","Unknown",18,899939.200000008,0.113207547169811,15900,0.113207547169811
"Cielo Digital Infrastructure",NA,"Minooka","IL","60447","Grundy",41.45592,-88.2842,"Proposed",NA,"500","Hyperscale (100-999 MW)","Unknown",500,920457.700000008,2.64340470526037,18915,2.64340470526037
"Tract Morris Data Center","Morris Technology Park, 7659-7471 County Rd 2000 E","Morris","IL","60450","Grundy",41.39786,-88.37636,"Proposed","Tract Data Centers","1,000","Mega campus (>1,000 MW)","Unknown",1000,921524.500000008,5.44439907445216,18367.5,5.44439907445216
"Karis Critical Data Center","1960 Lucent Lane","Naperville","IL","60563","DuPage",41.81113,-88.1191,"Cancelled",NA,"36","Medium (11-50 MW)","Yes",36,901682.000000008,0.194423291910371,18516.3,0.194423291910371
"Cielo Digital Infrastructure",NA,"New Lenox","IL","60541","Will",41.51055,-87.969,"Proposed",NA,"350","Hyperscale (100-999 MW)","Unknown",350,917180.800000008,1.89078808047194,18510.8,1.89078808047194
"ORD-01 Data Center","505 Northwest Ave","Northlake","IL","60164","Cook",41.91402,-87.9177,"Operating","Aligned Data Centers","42","Medium (11-50 MW)","Unknown",42,895798.400000008,0.268087958382536,15666.5,0.268087958382536
"ORD-02 Data Center","501 Northwest Ave","Northlake","IL","60164","Cook",41.91273,-87.9172,"Approved/Permitted/Under construction","Aligned Data Centers",NA,"Unknown","Unknown",0,895803.500000008,0,15666.5,0
"Troy Cloverleaf Data Center","between Collinsville and Formosa Rds","Troy","IL","62294","Madison",38.725338,-89.909645,"Proposed","Cloverleaf","500","Hyperscale (100-999 MW)","Yes",500,979013.200000008,9.82974875162191,5086.6,9.82974875162191
"CyrusOne","13251-13627 Thayer Rd","Waverly/ Talkington Twp","IL","62692","Sangamon",39.54828,-89.89837,"Approved/Permitted/Under construction",NA,"632","Hyperscale (100-999 MW)","Yes",632,962061.300000008,13.3170382232711,4745.8,13.3170382232711
"CyrusOne Data Center","Off Faxon and Beecher Rds","Yorkville","IL","60560","Kendall",41.68361,-88.4681,"Proposed",NA,NA,"Unknown","Unknown",0,908003.700000008,0,20648.4,0
"CyrusOne Data Center","~11709 Faxon Rd","Yorkville","IL","60545","Kendall",41.6759,-88.4834,"Approved/Permitted/Under construction",NA,NA,"Unknown","Unknown",0,909288.700000008,0,20640.4,0
"IND1","701 Congressional Blvd","Carmell","IN","46032","Hamilton",39.96264,-86.1456,"Operating",NA,"4.4","Small (0-10 MW)","Unknown",4.4,936284.400000008,0.131484580444657,3346.4,0.131484580444657
"Provident Realty Advisors","1110 Pearson Rd","Chesteron","IN","46304","Porter",41.59884,-87.094,"Cancelled",NA,NA,"Unknown","Yes",0,907841.300000008,0,10499.8,0
"DartPoints Data Center","2425 Technology Blvd","Columbus","IN","47201","Bartholomew",39.18256,-85.8968,"Operating",NA,NA,"Unknown","Unknown",0,935223.600000008,0,5512.8,0
"Karis Critical Data Center","E 101st Ave","Crown Point","IN","46307","Lake",41.43521,-87.3099,"Proposed",NA,NA,"Unknown","Unknown",0,915500.100000008,0,15763.4,0
"Wylie Capital Data Center","Broadway and E 93rd Ave","Crown Point","IN","46307","Lake",41.44693,-87.3319,"Proposed",NA,NA,"Unknown","Unknown",0,915436.000000008,0,16865.8,0
"Sabey Data Center","Kentucky Ave and Camby Rd","Decatur","IN","46221","Marion",39.666195,-86.30182,"Proposed",NA,"250","Hyperscale (100-999 MW)","Unknown",250,942723.300000008,8.14677224883501,3068.7,8.14677224883501
"Project Zodiac (Google)","near E Paulding Rd & Adams Ctr Rd","Fort Waye","IN","46816","Allen",41.03761,-85.0481,"Approved/Permitted/Under construction","Google","200-400","Hyperscale (100-999 MW)","Yes",200,871147.000000008,8.77154510767071,2280.1,8.77154510767071
"Logistix Data Center",NA,"Frankfort","IN","46041","Clinton",40.3066,-86.5855,"Suspended",NA,"300","Hyperscale (100-999 MW)","Unknown",300,934849.900000008,5.25513689631615,5708.7,5.25513689631615
"Granger Data Center Expansion","Granger area (near New Carlisle)","Granger","IN","46530","St. Joseph",41.72418,-86.1341,"Proposed","Microsoft",NA,"Unknown","Unknown",0,877433.300000008,0,6744.7,0
"Jumping Bison, LLC Data Center","near 2620 N County Rd 250 W","Greensburg","IN","47240","Decatur",39.37664,-85.5201,"Proposed",NA,NA,"Hyperscale (100-999 MW)","Yes",0,924190.700000008,0,6664.5,0
"CoreWeave","301 Digital Crossroads Dr","Hammond","IN","46320","Lake",41.70514,-87.5191,"Proposed",NA,"180","Hyperscale (100-999 MW)","Unknown",180,905173.000000008,1.04646903905074,17200.7,1.04646903905074
"Digital Crossroad Data Center","100 Digital Crossroad Drive","Hammond","IN","46320","Lake",41.70743,-87.5205,"Operating",NA,NA,"Unknown","Unknown",0,905173.000000008,0,17200.7,0
"Project Redline",NA,"Hancock County","IN",NA,"Hancock",39.82814,-85.7803,"Proposed",NA,NA,"Unknown","Unknown",0,920334.000000008,0,3957.1,0
"Sentinel Data Center: Project Shirley","Clay St and Hwy 2","Hebron","IN","46341","Lake",41.28743,-87.2737,"Proposed","Sentinel","500","Hyperscale (100-999 MW)","Yes",500,921139.500000008,3.44058792766508,14532.4,3.44058792766508
"Hobart Data Center","E 61st Ave and Colorado St","Hobart","IN","46342","Lake",41.50489,-87.28408,"Approved/Permitted/Under construction","Amazon","2400","Mega campus (>1,000 MW)","Yes",2400,913287.100000008,19.6519959058342,12212.5,19.6519959058342
"American Tower/ ATC Watertown LLC/ Edge Data Center","7701 Walnut Dr","Indianapolis","IN","46268","Marion",39.894096,-86.20275,"Suspended",NA,"4","Small (0-10 MW)","Yes",4,937531.400000008,0.119774823332136,3339.6,0.119774823332136
"Brightwood Data Center","2505 N Sherman Dr","Indianapolis","IN","46218","Marion",39.80434,-86.1023,"Approved/Permitted/Under construction","Metrobloks",NA,"Unknown","Yes",0,935480.400000008,0,3272.5,0
"Lifeline Data Center","401 Shadeland Ave","Indianapolis","IN","46219","Marion",39.77702,-86.0434,"Operating",NA,NA,"Unknown","Unknown",0,931336.400000008,0,3472.5,0
"Netrality Data Center","733 W Henry St # 100","Indianapolis","IN","46225","Marion",39.75977,-86.1723,"Operating",NA,NA,"Unknown","Unknown",0,939472.000000008,0,3272.5,0
"Thunderbird Commerce Center Project","Pennsy Trail & S Kitley Ave","Indianapolis","IN","46219","Marion",39.76848,-86.05339,"Proposed","DC Blox",NA,"Unknown","Unknown",0,931616.900000008,0,3472.5,0
"US Signal Data Center","6325 Morenci Trail","Indianapolis","IN","46268","Marion",39.87038,-86.2369,"Operating",NA,NA,"Unknown","Unknown",0,937848.200000008,0,3340.7,0
"Meta Data Center","behind 300 Corporate Dr Suite 300","Jeffersonville","IN","47130","Clark",38.36471,-85.66,"Approved/Permitted/Under construction","Meta",NA,"Hyperscale (100-999 MW)","Unknown",0,937800.700000007,0,7973.1,0
"Microsoft LaPorte Data Center","Radius Industrial Park, 300 Boyd Blvd","LaPorte","IN","46350","LaPorte",41.58093,-86.6924,"Proposed","Microsoft",NA,"Mega campus (>1,000 MW)","Unknown",0,905309.800000008,0,8923.2,0
"Project Domino (Meta)",NA,"Lebanon","IN","46052","Boone",40.05408,-86.538,"Approved/Permitted/Under construction","Meta","1000","Mega campus (>1,000 MW)","Unknown",1000,942061.200000008,17.0762111302744,5856.1,17.0762111302744
"Prologis","3375-3001 W 700 N","Leesburg","IN","46538","Kosciusko",41.334984,-85.90404,"Cancelled",NA,NA,"Hyperscale (100-999 MW)","Yes",0,883460.900000008,0,2546.6,0
"Jefferson Proving Ground Data Center","1661 W JPG Niblo Rd","Madison","IN","47250","Jefferson",38.83886,-85.413666,"Proposed",NA,NA,"Unknown","Unknown",0,931068.000000008,0,9003.3,0
"Surge Development LLC","N 400 W and W 500 N County Rds","McCordsville","IN","46055","Hancock",39.8564,-85.8785,"Cancelled",NA,NA,"Unknown","Unknown",0,922466.500000008,0,4030,0
"Province Group Data Center","Merrillville Technology Park (Harms Rd and Colorado St)","Merrillville","IN","46410","Lake",41.45333,-87.3033,"Proposed",NA,NA,"Unknown","Unknown",0,915394.600000008,0,11340.3,0
"Project Maize","402 Royal Rd","Michigan City","IN","46360","LaPorte",41.57408,-86.7276,"Proposed","Google",NA,"Unknown","Unknown",0,906565.700000008,0,8943.5,0
"Project Louie","between Keller Hill Road, North Antioch Road, Indiana 42, and West Union Church Rds","Monroe Township","IN","46158","Morgan",39.59592,-86.4602,"Proposed",NA,NA,"Unknown","Unknown",0,944150.600000008,0,2723,0
"Project Flo","South Post Road, East Troy Avenue, Davis Road and Vandergriff Rds","New Bethel/ Indianapolis","IN","46239","Marion",39.72007,-85.9992,"Suspended","Deep Meadow Ventures, LLC",NA,"Unknown","Unknown",0,933391.700000008,0,3244.3,0
"Mall-O-Manor LLC Data Center","South of Chicago Trail, east of Timothy rd, west of Spruce Rd","New Carlisle","IN","46553","St. Joseph",41.72029,-86.4905,"Suspended",NA,NA,"Hyperscale (100-999 MW)","Yes",0,887759.600000008,0,8991.9,0
"New Carlisle Data Center","Early and Walnut Rds","New Carlisle","IN","46552","St. Joseph",41.68848,-86.4736,"Operating","Amazon","2200","Mega campus (>1,000 MW)","Unknown",2200,891179.100000008,24.652898396441,8923.9,24.652898396441
"Radius Data Center","AllPoints Pkwy","Plainfield","IN","46123","Hendricks",39.741596,-86.36464,"Proposed",NA,NA,"Unknown","Yes",0,942953.300000008,0,2918,0
"Provident Realty Advisors Data Center","100 Worthington Dr","Porter","IN","46304","Porter",41.61319,-87.1014,"Proposed",NA,NA,"Unknown","Unknown",0,907581.200000008,0,10498,0
"Prologis","South of 3878 IN-44","Shelby","IN","46176","Shelby",39.529045,-85.71126,"Proposed",NA,"5,200-10,000","Mega campus (>1,000 MW)","Yes",5200,925780.100000008,155.823918971562,3337.1,100
"Jeremiah A QTS Data Center","Along W 450 N","Union Township","IN","43642","Porter",41.50386,-87.2014,"Suspended",NA,NA,"Unknown","Unknown",0,912909.900000008,0,12150.6,0
"Jeremiah B QTS Data Center","Along W 450 N","Union Township","IN","43642","Porter",41.49809,-87.1875,"Suspended",NA,NA,"Unknown","Unknown",0,913595.900000008,0,12155.2,0
"Agincourt","Between County Road 400 North and County Road 500 North","Valparaiso","IN","46383","Porter",41.50217,-87.01344,"Suspended",NA,NA,"Hyperscale (100-999 MW)","Yes",0,913199.400000008,0,10940,0
"Mount Sunflower Properties, LLC Data Center","~38362 W 103rd St","DeSoto","KS","66018","Johnson",38.94522,-95.0297,"Proposed",NA,NA,"Unknown","Unknown",0,850327.100000003,0,7517,0
"Project Pilot","Edgerton Rd, south of Hwy 10","DeSoto","KS","66018","Johnson",38.94633,-95.02935,"Approved/Permitted/Under construction","Beale Infrastructure",NA,"Unknown","Unknown",0,850332.100000003,0,7517,0
"Red Wolf Properties","13037 Parallel Pkwy","Kansas City","KS","66109","Wyandotte",39.12852,-94.8801,"Proposed",NA,"600","Hyperscale (100-999 MW)","Yes",600,866914.600000004,9.24299842869027,6491.4,9.24299842869027
"Alcove Development Data Center","Betw Hwy 169, 335th St., and Osawatomie Rd","Osawatomie","KS","66064","Miami",38.516045,-94.931076,"Proposed",NA,"50","Hyperscale (100-999 MW)","Unknown",50,856331.800000003,0.684715774482012,7302.3,0.684715774482012
"LFF Industrial","S Steward Rd","Rochelle","KS","61068","Ogle",41.899555,-89.04816,"Suspended",NA,"48","Hyperscale (100-999 MW)","Yes",48,906701.700000008,0.418749509277919,11462.7,0.418749509277919
"Colossus Data Center","191st St. and Renner Rd","Spring Hill","KS","66062","Johnson",38.781784,-94.77902,"Cancelled",NA,NA,"Unknown","Unknown",0,866881.700000004,0,7766.4,0
"Muskie Data Campus Data Center","Technology Dr","Ashland","KY","41102","Boyd and Greenup",38.399708,-82.79701,"Proposed","TeraWulf","500","Mega campus (>1,000 MW)","Unknown",500,871888.100000007,14.5446083136981,3437.7,14.5446083136981
"Ekron Data Center","25025 Joe Prather Hwy","Ekron","KY","40117","Meade",37.90755,-86.10922,"Cancelled",NA,NA,"Unknown","Yes",0,943162.000000007,0,2328.6,0
"TenKey LandCo","Steele Rd, Gateway 65 Industrial Park","Franklin","KY","24134","Simpson",36.66604,-86.57219,"Approved/Permitted/Under construction",NA,NA,"Unknown","Yes",0,961264.700000007,0,3821.4,0
"Mercer County Data Center","Bailey Pike and Handy Pike","Harrodsburg","KY","40330","Mercer",37.769886,-84.77884,"Proposed","Jones Lang Sallee","645","Hyperscale (100-999 MW)","Yes",645,922197.900000007,28.669215041337,2249.8,28.669215041337
"TeraWulf Data Center","1627 State Rte 3543","Hawesville","KY","42348","Hancock",37.941345,-86.78807,"Proposed","TeraWulf","480","Hyperscale (100-999 MW)","Unknown",480,967490.900000007,5.52950798898706,8680.7,5.52950798898706
"Project Lincoln: OC Data Center (first version)","3557 KY-53","La Grange","KY","40031","Oldham",38.444557,-85.397995,"Cancelled",NA,"600","Hyperscale (100-999 MW)","Yes",600,930788.300000007,6.99382212379065,8579,6.99382212379065
"Project Lincoln: OC Data Center (second version)","3210 D W. Griffith Ln","La Grange","KY","40031","Oldham",38.39444,-85.4094,"Proposed","WHP",NA,"Hyperscale (100-999 MW)","Yes",0,932331.800000007,0,8576.7,0
"Lexington Data center","151 Martin Luther King Blvd","Lexington","KY","40508","Fayette",38.04255,-84.4997,"Operating",NA,NA,"Unknown","Unknown",0,910146.900000007,0,2250.7,0
"PowerHouse Data Centers","6001 Camp Ground Rd","Louisville","KY","40216","Jefferson",38.19817,-85.8509,"Approved/Permitted/Under construction",NA,"130","Hyperscale (100-999 MW)","Unknown",130,939825.400000007,2.16652223185121,6000.4,2.16652223185121
"Steve Poe's Campground","6001 Camp Ground Rd","Louisville","KY","40216","Jefferson",38.196014,-85.859985,"Approved/Permitted/Under construction","PowerHouse Data Centers","400","Hyperscale (100-999 MW)","Yes",400,940040.800000007,6.61222600588488,6049.4,6.61222600588488
"Fortune 500  (company not disclosed)","Big Pond Rd, Valley Pike, Germantown Rd","Maysville","KY","41056","Mason",38.663574,-83.86959,"Proposed",NA,"400","Hyperscale (100-999 MW)","Unknown",400,890069.600000007,16.7105318126749,2393.7,16.7105318126749
"Project Sophie (Soluna)",NA,"Murray","KY",NA,"Calloway",36.61113,-88.3167,"Operating",NA,"25","Medium (11-50 MW)","Unknown",25,973822.200000007,0.392822350020427,6364.2,0.392822350020427
"Riot 1","5600 Commerce Dr","Paducah","KY","42001","McCracken",37.08831,-88.70305,"Expanding","Riot",NA,"Hyperscale (101-999 MW)","Unknown",0,980011.000000007,0,2636.7,0
"Riot 2","Coleman Rd","Paducah","KY","42001","McCracken",37.088593,-88.676155,"Expanding","Riot","60","Large (51-99 MW)","Unknown",60,979689.500000007,2.27557173739902,2636.7,2.27557173739902
"State Line Project Data Center campus","North of Blanchard, near Hwy 1","Blanchard","LA","71107","Caddo",32.656498,-93.904144,"Proposed","TXLAAR LLC",NA,"Unknown","Unknown",0,849989.800000004,0,5585.9,0
"TXLAAR LLC Data Center","Hwy 3","Bossier Parish","LA",NA,"Bossier",32.725018,-93.72789,"Proposed","TXLAAR LLC",NA,"Unknown","Unknown",0,850013.100000004,0,2413.7,0
"MS Solar Grid Data","Interstate 10 and Read Blvd","New Orleans East","LA","70127","Orleans",30.037401,-89.97886,"Suspended",NA,NA,"Unknown","Unknown",0,807353.000000003,0,7223.4,0
"Meta RPL-10X Hyperion/Project Sucre","Burn Rd","Rayville","LA","71269","Richland",32.50788,-91.6349,"Expanding","Meta","1,500-2,200","Mega campus (>1,000 MW)","Yes",1500,867243.900000004,44.1813201378457,3395.1,44.1813201378457
"DartPoints Data Center","601 Milam St","Shreveport","LA","71101","Caddo",32.51101,-93.7498,"Operating",NA,NA,"Unknown","Unknown",0,848964.300000004,0,1486.2,0
"Shreveport Data Center","7340 Greenwood Rd","Shreveport","LA","71119","Caddo",32.45425,-93.9052,"Proposed",NA,NA,"Unknown","Unknown",0,846581.200000004,0,5538.4,0
"River Bend Campus","off Louisiana Highway 964","St. Francisville","LA","70748","East Feliciana",30.751701,-91.27455,"Approved/Permitted/Under construction","Hut 8","300","Hyperscale (100-999 MW)","Unknown",300,830821.200000004,4.88177957137975,6145.3,4.88177957137975
"River Bend Data Center Campus","near River Bend Rd, West Feliciana Parish","St. Francisville","LA","70775","West Feliciana",30.764305,-91.337296,"Proposed","Fluidstack, Anthropic, Google","245","Hyperscale (100-999 MW)","Unknown",245,831286.600000004,3.98678664996013,6145.3,3.98678664996013
"Markely Data Center","1 Summer St","Boston","MA","02110","Suffolk",42.354603,-71.05991,"Operating",NA,"30","Medium (11-50 MW)","Unknown",30,478534.500000003,0.270956204445489,11071.9,0.270956204445489
"Everett Data Center","Everett Docklands Innovation District","Everett","MA","02149","Middlesex",42.39638,-71.05932,"Proposed",NA,NA,"Unknown","Unknown",0,478522.700000003,0,9171.49999999998,0
"Markely Data Center","1 Markley Way","Lowell","MA","01852","Middlesex",42.6302,-71.304825,"Expanding",NA,NA,"Unknown","Yes",0,479725.900000003,0,9177.89999999998,0
"Medford Data Center","1 Cabot Rd","Medford","MA","02155","Middlesex",42.40601,-71.0752,"Operating",NA,"3.2","Small (0-10 MW)","Unknown",3.2,478739.600000003,0.0343255564494503,9322.49999999998,0.0343255564494503
"Servistar Data Center","199 Servistar Industrial Way","Westfield","MA","01085","Hampden",42.15831,-72.74108,"Proposed",NA,"300","Hyperscale (100-999 MW)","Unknown",300,525797.900000003,3.75840944112452,7982.09999999999,3.75840944112452
"Tidepoint","1050 Hull Street, Suite 150","Baltimore","MD","21230","Baltimore",39.27421,-76.5911,"Operating",NA,"1.5","Small (0-10 MW)","Unknown",1.5,686131.60000001,0.0117024762439732,12817.8,0.0117024762439732
"Mag Partners Data Centers",NA,"Baltimore Peninsula/ Port Covington","MD","21230","Baltimore",39.26509,-76.6127,"Proposed",NA,NA,"Unknown","Unknown",0,686164.60000001,0,14503.8,0
"Dickerson Data Centers","21200 Martinsburg Rd","Dickerson","MD","20842","Montgomery",39.209373,-77.46454,"Proposed",NA,"300","Mega campus (>1,000 MW)","Yes",300,719187.50000001,3.43331921857655,8737.9,3.43331921857655
"Aligned IAD-06","Near 5601 Manor Woods Rd","Frederick","MD","21703","Frederick",39.33511,-77.46484,"Approved/Permitted/Under construction",NA,"72","Large (51-99 MW)","Unknown",72,719462.40000001,1.43306397038334,5024.2,1.43306397038334
"Quantum Frederick","5601 Manor Woods Rd","Frederick","MD","21703","Frederick",39.3343,-77.4679,"Proposed",NA,"264-2,400","Mega campus (>1,000 MW)","Yes",264,719462.40000001,5.2545678914056,5024.2,5.2545678914056
"Brightseat Tech Park Data Center","site of former Landover Mall","Hyattsville","MD","20785","Prince George's",38.91977,-76.8565,"Suspended",NA,"820","Hyperscale (100-999 MW)","Yes",820,698822.00000001,7.84606405067409,10451.1,7.84606405067409
"Harrison Street Asset Management","9800 S Eternal Rings Dr","Laurel","MD","20723","Prince George's",39.13352,-76.85197,"Proposed",NA,NA,"Unknown","Unknown",0,695949.00000001,0,8758.3,0
"Amazon Lusby Data Center","Adjacent to Calvert Cliffs Nuclear Power Plant. 1650 Calvert Cliffs Pkwy","Lusby","MD","20657","Calvert",38.42979,-76.45836,"Proposed","Amazon",NA,"Unknown","Unknown",0,686932.50000001,0,6913.5,0
"Morgantown Data Center","12620 Crain Highway","Newburg","MD","20664","Charles",38.3596,-76.9757,"Proposed","TeraWulf, Inc.","210-500","Hyperscale (100-999 MW)","Yes",210,700479.30000001,1.7056530214425,12312,1.7056530214425
"TeraWulf Data Center","12620 Crain Hwy","Newburg","MD","20664","Charles",38.365482,-76.96935,"Proposed","TeraWulf","500-1,000","Hyperscale (100-999 MW)","Unknown",500,700348.40000001,4.06107862248213,12312,4.06107862248213
"BWI1","11155 Red Run Blvd #200","Owings Mills","MD","21117","Baltimore",39.42716,-76.8118,"Operating",NA,"0.8","Small (0-10 MW)","Unknown",0.8,692100.50000001,0.00536052908422061,14923.9,0.00536052908422061
"Harrison Street Asset Management","7665 Sandy Farm Rd","Severn","MD","21144","Anne Arundel",39.14969,-76.679955,"Proposed",NA,NA,"Unknown","Unknown",0,689734.10000001,0,15225,0
"Prosperity Drive Data Center","12401 Prosperity Dr","Silver Spring","MD","20904","Montgomery",39.05859,-76.9644,"Operating",NA,"5-100","Unknown","Unknown",5,701321.50000001,0.0570821869327457,8759.3,0.0570821869327457
"Security Land and Development LLC Data Center",NA,"Woodlawn","MD",NA,"Baltimore",39.319317,-76.74747,"Proposed",NA,"150","Hyperscale (100-999 MW)","Unknown",150,690975.50000001,1.0379329910461,14451.8,1.0379329910461
"DeepGreen Western Passage SPV LLC  Data Center","Western Passage","Eastport","ME","04631","Washington",44.94704,-67.01703,"Proposed","DeepGreen Western Passage SPV LLC","51","Large (51-99 MW)","Unknown",51,297347.200000001,23.2134729176149,219.7,23.2134729176149
"Tier III AI Data Center","140 Mill Street","Lewiston","ME","04240","Androscoggin",44.094273,-70.21859,"Cancelled","MillCompute LLC",NA,"Unknown","Yes",0,429292.000000003,0,2759.1,0
"Yankee Nuclear Power Plant Data Center","321 Old Ferry Rd","Wicasset","ME","04578","Lincoln",43.95572,-69.69428,"Proposed",NA,NA,"Unknown","Unknown",0,412384.600000003,0,2236.9,0
"Solstice Data Center","Enterprise Drive","Allen Park","MI",NA,"Wayne",42.268654,-83.208176,"Suspended","Solstice","26","Medium (11-50 MW)","Yes",26,774943.20000001,0.326284746188116,7968.5,0.326284746188116
"Oppidan Data Center","Btwn Pilot Knob Rd, 150th St, and Flagstaff Ave","Apple Valley","MI","55124","Dakota",44.72743,-93.18794,"Cancelled",NA,"250-300","Hyperscale (100-999 MW)","Unknown",250,753050.700000006,4.28390280681312,5835.8,4.28390280681312
"Thor Equities Data Center","Between Milan-Oakville Rd and Arkona Rds","Augusta Township","MI","48160","Washtenaw",42.091705,-83.63743,"Proposed",NA,NA,"Hyperscale (100-999 MW)","Yes",0,792770.10000001,0,9595.7,0
"US Signal Data Center","9275 Haggerty Road","Belleville","MI","48111","Wayne",42.23536,-83.4441,"Expanding",NA,"1.5","Small (0-10 MW)","Unknown",1.5,782426.90000001,0.0176273576590869,8509.5,0.0176273576590869
"Microsoft Caledonia Data Center","4100 68th St SE","Caledonia","MI","49316","Kent",42.839203,-85.56194,"Proposed","Microsoft",NA,"Unknown","Unknown",0,804187.300000009,0,4124.3,0
"Switch Pyramid Data Center","6100 E Paris Ave SE","Caledonia","MI","49316","Kent",42.852547,-85.560104,"Approved/Permitted/Under construction","Switch","320","Hyperscale (100-999 MW)","Unknown",320,803717.100000009,7.75889241810732,4124.3,7.75889241810732
"Microsoft Dorr Data Center","near 144th Ave and Hwy 131","Dorr","MI","49323","Allegan",42.737343,-85.68578,"Proposed","Microsoft",NA,"Unknown","Unknown",0,810970.40000001,0,4637,0
"Hyperscale Data, Inc.","415 East Prairie Ronde Street","Dowagiac","MI","49047","Cass",41.992455,-86.098976,"Operating",NA,"30-340","Hyperscale (100-999 MW)","Unknown",30,857255.800000008,0.465542123803169,6444.1,0.465542123803169
"Cloverleaf Infrastructure Data Center","~15398 Day Rd","Dundee","MI","48131","Monroe",41.997276,-83.66742,"Suspended",NA,NA,"Unknown","Yes",0,798607.60000001,0,9605,0
"Southfield Data Center","Inkster Road between 11 Mile and 696","Farmington Hills","MI","48334","Oakland",42.488056,-83.31892,"Proposed","Metrobloks","100","Hyperscale (100-999 MW)","Yes",100,765895.80000001,1.08302467130201,9233.4,1.08302467130201
"Howell Data Center","5781 Grand River Ave","Fowlerville","MI","48836","Livingston",42.655422,-84.02875,"Cancelled","Santec Consulting",NA,"Hyperscale (100-999 MW)","Yes",0,772206.80000001,0,2858.8,0
"Microsoft Grand Rapids Data Center","7174 Patterson Ave SE","Grand Rapids","MI","49512","Kent",42.85125,-85.54604,"Proposed","Microsoft",NA,"Unknown","Unknown",0,803047.000000009,0,4142.8,0
"Kalamazoo County Data Center","S 26th Street and E N Avenue","Kalamazoo","MI","49048","Kalamazoo",42.243793,-85.51012,"Suspended",NA,NA,"Unknown","Yes",0,823026.30000001,0,4780.2,0
"Rocklocker LLC","Island Lake and South River Rds","Kalkaska Township","MI","49646","Kalkaska",44.728703,-85.21632,"Cancelled",NA,"1000","Mega campus (>1,000 MW)","Yes",1000,724605.100000011,121.995852141027,819.7,100
"Deep Green Data Center","229 S Cedar St","Lansing","MI","48912","Ingham",42.731003,-84.545654,"Cancelled","Deep Green","24","Medium (11-50 MW)","Unknown",24,778486.800000009,0.691284060141713,3471.8,0.691284060141713
"Lowell Covenant Business Park Data Center","4714-4400 Bancroft Ave SE","Lowell","MI","49331","Kent",42.880783,-85.376175,"Suspended","Franklin Partners",NA,"Hyperscale (100-999 MW)","Yes",0,798345.600000009,0,4597.2,0
"Lower Peninsula Data Center","Lower Peninsula","Lower Peninsula","MI",NA,"Isabella",43.66056,-84.6665,"Proposed",NA,"1000","Mega campus (>1,000 MW)","Unknown",1000,753506.20000001,17.7616738601446,5630.1,17.7616738601446
"Alterra Development Corporation Data Center","Brooks Industrial Park","Marshall","MI","49068","Calhoun",42.239025,-84.955826,"Proposed","Alterra Development",NA,"Mega campus (>1,000 MW)","Unknown",0,815198.10000001,0,2069.8,0
"Lyon Township Data Center/ Project Flex","29134-29282 Milford Rd","New Hudson","MI","48165","Oakland",42.50185,-83.61119,"Approved/Permitted/Under construction","Verrus","200-525","Hyperscale (100-999 MW)","Yes",200,769750.40000001,2.80076741027041,7140.9,2.80076741027041
"Related Digital/The Barn","NW side of US-12, near Willow Rd","Saline","MI","48176","Washtenaw",42.112755,-83.88956,"Approved/Permitted/Under construction","Related Digital","1400","Mega campus (>1,000 MW)","Yes",1400,795399.20000001,15.7915515199368,8865.5,15.7915515199368
"Panattoni Project Cannoli","along I-94 from Haggerty to Hannan Roads","Van Buren Township","MI","48111","Wayne",42.22704,-83.43421,"Proposed","Google","1000","Mega campus (>1,000 MW)","Yes",1000,782501.30000001,11.743291644648,8515.5,11.743291644648
"Washington Township Data Center","on the south side of 32 Mile Road, between M-53 and Powell Road","Washington Township","MI","48095","Macomb",42.80183,-82.99235,"Proposed","Prologis",NA,"Unknown","Yes",0,753595.600000011,0,5441.2,0
"University of Michigan Los Alamos Data Center","10221 Textile Road","Ypsilanti","MI","48197","Washtenaw",42.20446,-83.5551,"Proposed","Los Alamos National Laboratory",NA,"Unknown","Unknown",0,785009.70000001,0,8525.5,0
"Amazon Becker Data Center",NA,"Becker","MN","55308","Sherburne",45.38527,-93.8805,"Suspended","Amazon",NA,"Unknown","Unknown",0,675224.100000003,0,5346.7,0
"TRACT Data Center","betw Rochester Blvd and Hwy 52","Cannon Falls","MN","55065","Dakota",44.53196,-92.9268,"Proposed",NA,NA,"Unknown","Unknown",0,786378.700000005,0,5691.4,0
"Cielo Digital Infrastructure",NA,"Chisago","MN","55013","Chisago",45.3618,-92.9186,"Proposed",NA,"300","Hyperscale (100-999 MW)","Unknown",300,709021.400000005,4.61943550498129,6494.3,4.61943550498129
"MSP1 Data Center","610 Opperman Dr","Eagan","MN","55123","Dakota",44.82953,-93.1176,"Approved/Permitted/Under construction",NA,"12","Medium (11-50 MW)","Unknown",12,745600.300000006,0.184484826123051,6504.6,0.184484826123051
"TRACT Data Center","near 2800 220th St W","Farmington","MN","55024","Dakota",44.62754,-93.1229,"Proposed",NA,NA,"Unknown","Unknown",0,769023.500000006,0,5752.6,0
"Project Loon","~3688 Co Hwy 13","Hermantown","MN","55810","St. Louis",46.77741,-92.28186,"Suspended","Google",NA,"Hyperscale (100-999 MW)","Yes",0,633922.600000003,0,251.8,0
"US Internet Data Center","3819 W Broadway","Minneapolis","MN","55422","Hennepin",45.02485,-93.3328,"Proposed",NA,NA,"Unknown","Unknown",0,723154.900000005,0,8526.5,0
"Monitcello Data Center","south of 85th Street and east of Highway 25","Monticello","MN","55362","Wright",45.275093,-93.81535,"Proposed","Monticello Tech, LLC,",NA,"Unknown","Yes",0,686419.000000004,0,5855,0
"Project Skyway","49199-49821 195th Ave","Pine Island","MN","55963","Goodhue",44.22483,-92.6442,"Proposed","Ryan Companies US, Inc.","1200-19600","Mega campus (>1,000 MW)","Yes",1200,815079.800000005,26.4363764540007,4539.2,26.4363764540007
"Geronimo Power Data Center","Between 190th and 200th St","Reading","MN","56165","Nobles",43.711044,-95.6839,"Suspended",NA,"400-500","Hyperscale (100-999 MW)","Unknown",400,736815.600000002,8.19269211863018,4882.4,8.19269211863018
"Columbia Data Center","3815 N Hinkson Creek Rd","Columbia","MO","65202","Boone",38.989983,-92.2809,"Proposed",NA,NA,"Unknown","Yes",0,947194.200000005,0,3768.3,0
"Festus Data Center","Old England Rd & US-67","Festus","MO","63028","Jefferson",38.19273,-90.41881,"Proposed","CRG",NA,"Hyperscale (100-999 MW)","Yes",0,976743.800000006,0,6101.6,0
"Nebius Data Center","2501 E Necessary Rd","Independence","MO","64057","Jackson",39.073467,-94.332855,"Approved/Permitted/Under construction","Patmos","880","Hyperscale (100-999 MW)","Yes",880,877744.100000004,14.556522314487,6045.4,14.556522314487
"Wildwood Ranch Data Center","W 20th St","Joplin","MO","64804","Jasper",37.06882,-94.60008,"Approved/Permitted/Under construction",NA,"200","Hyperscale (100-999 MW)","Yes",200,882477.900000004,10.8672027820039,1840.4,10.8672027820039
"Cielo Digital Infrastructure",NA,"Kansas City","MO",NA,"Jackson",39.01764,-94.5668,"Proposed",NA,"500","Hyperscale (100-999 MW)","Unknown",500,876250.400000004,6.41477965231894,7794.5,6.41477965231894
"Meta Data Kansas City Center","1800 NW 128 St","Kansas City","MO","64165","Platte",39.32488,-94.6011,"Operating","Meta",NA,"Unknown","Unknown",0,876151.600000004,0,6530,0
"Project Kestrel (Port KC)","State Rte 92 & N Winan Rd","Kansas City","MO","64079","Platte",39.35368,-94.6967,"Proposed",NA,NA,"Unknown","Unknown",0,875685.600000004,0,6541.3,0
"Project Micah (Google)","NE corner I-435 and Hwy 169/ Rocky Branch Creek Technology Park","Kansas City","MO","64165","Clay",39.31801,-94.5773,"Approved/Permitted/Under construction","Google","700","Hyperscale (100-999 MW)","Unknown",700,876792.200000004,10.2366119739113,6838.2,10.2366119739113
"Revitalization Unlimited Data Center","304 W. 10th Street","Kansas City","MO","64105","Jackson",39.102562,-94.58718,"Proposed",NA,"30","Medium (11-50 MW)","Unknown",30,876260.200000004,0.442641091848026,6777.5,0.442641091848026
"Shenandoah Computing Data Center","NE of Parvin Rd and Arlington Ave","Kansas City","MO","64161","Clay",39.17474,-94.46181,"Proposed","Google",NA,"Unknown","Unknown",0,876992.300000004,0,6682.7,0
"Metrobloks data center","2515 Old Hughes Rd","Liberty","MO","64068","Clay",39.207073,-94.45517,"Proposed",NA,NA,"Unknown","Unknown",0,877006.300000004,0,6672.7,0
"Metrobloks/ Lincoln Data Center","2515 Old Hughes Rd","Liberty","MO","64068","Clay",39.207115,-94.45515,"Proposed",NA,"150","Hyperscale (100-999 MW)","Unknown",150,877006.300000004,2.24796559114002,6672.7,2.24796559114002
"Lumon Solutions Data Center","Rifle Range Rd","Marshfield","MO","65706","Webster",37.366604,-92.883446,"Proposed",NA,NA,"Small (0-10 MW)","Yes",0,927854.600000006,0,845.9,0
"Swarm Systems Data Center","630 George Rd","Marshfield","MO","65706","Webster",37.331158,-92.921234,"Proposed",NA,"20","Medium (11-50 MW)","Unknown",20,927726.800000006,2.32045480914259,861.9,2.32045480914259
"ReLoad Data Center","Southern Nodaway County, possibly off Galaxy Rd","Maryville","MO",NA,"Nodaway",40.255207,-94.97283,"Proposed","ReLoad",NA,"Hyperscale (100-999 MW)","Yes",0,859538.600000004,0,4585.7,0
"Project Tiger Zou","5223 State Hwy AA","Moberly","MO","65270","Randolph",39.345898,-92.44693,"Proposed",NA,NA,"Unknown","Unknown",0,940284.700000005,0,2591.6,0
"Project Green (Amazon)","Lands west of Fairview and Ellis Rds","New Florence","MO","63363","Montgomery",38.905663,-91.41777,"Proposed","NorthPoint Development",NA,"Hyperscale (100-999 MW)","Yes",0,958989.700000006,0,5313.4,0
"Project Spade (Google)","Old Hwy 19","New Florence","MO","63363","Montgomery",38.8889,-91.440025,"Proposed","Related Digital","1200","Mega campus (>1,000 MW)","Yes",1200,958959.300000006,22.5844092294952,5313.4,22.5844092294952
"BLE Landholdings Data Center","684 Phelan Rd","Pacific","MO","63069","Franklin",38.434536,-90.75512,"Proposed",NA,NA,"Unknown","Yes",0,970684.700000006,0,4229.4,0
"Project Harper","Harper Road Technology Park, 203rd St and Harper St","Peculiar","MO","64012","Cass",38.74797,-94.4821,"Cancelled","Diode Ventures",NA,"Hyperscale (100-999 MW)","Yes",0,877543.400000004,0,6200.6,0
"Sarcoxie Data Center","County Rd 20, near the Liberty Energy Park near Fir Road and County Road 30","Sarcoxie","MO","64862","Jasper",37.13561,-94.09406,"Proposed",NA,NA,"Unknown","Yes",0,893790.300000005,0,2282.8,0
"Project Cumulus","Elm Point Ave","St Charles","MO","63301","St. Charles",38.81535,-90.5454,"Proposed",NA,NA,"Unknown","Unknown",0,973207.500000006,0,4355.2,0
"St Charles Data Center","Hwy 370","St Charles","MO",NA,"St. Charles",38.82242,-90.5378,"Proposed",NA,NA,"Unknown","Unknown",0,973601.000000006,0,4357.2,0
"Netrality Data Centers St. Louis - 210 North Tucker","210 N Tucker Blvd Suite 1030","St. Louis","MO","63101","St. Louis",38.62937,-90.1973,"Operating",NA,NA,"Unknown","Unknown",0,971439.500000007,0,7196.4,0
"Netrality Data Centers St. Louis - 900 Walnut","900 Walnut St","St. Louis","MO","63102","St. Louis",38.62554,-90.1953,"Operating",NA,NA,"Unknown","Unknown",0,971439.500000007,0,7196.4,0
"Tierpoint Data Center","3660 Market St","St. Louis","MO","63110","St Charles County",38.63161,-90.2377,"Proposed",NA,NA,"Unknown","Unknown",0,971469.300000006,0,7194.4,0
"TierPoint - St Louis Data Center","1111 Olive St","St. Louis","MO","63101","St. Louis",38.62968,-90.1963,"Operating",NA,NA,"Unknown","Unknown",0,971442.400000007,0,7196.4,0
"Provident Data Center/ Gateway Digital Campus","near 409 Nova Pl and Robertsville Rd","Villa Ridge","MO","63089","Franklin",38.480186,-90.8453,"Proposed",NA,NA,"Unknown","Yes",0,971036.800000006,0,4201.2,0
"AVAIO Digital","East Metropolitan Center Business and Industrial Park","Brandon","MS","39042","Rankin",32.26581,-90.015,"Approved/Permitted/Under construction",NA,"116","Hyperscale (100-999 MW)","Yes",116,889304.700000004,8.97277227722772,1292.8,8.97277227722772
"Amazon Madison Mega Site","1600 West Peace St","Canton","MS","39046","Madison",32.595337,-90.09618,"Operating","Amazon","341-819","Hyperscale (100-999 MW)","Unknown",341,894837.000000004,25.9335310670013,1314.9,25.9335310670013
"Clarksville Data Center","Between E. Tallahachie St and Sunflower River","Clarksville","MS","38614","Coahoma",34.148582,-90.541466,"Proposed",NA,NA,"Unknown","Unknown",0,919154.100000005,0,1647.1,0
"Amazon Clinton Data Center","1001 Industrial Park Dr","Clinton","MS","39056","Hinds",32.34915,-90.36636,"Proposed",NA,NA,"Hyperscale (100-999 MW)","Unknown",0,889195.000000004,0,2242.9,0
"Project Atlas",NA,"Madison","MS","39110","Madison",32.49415,-90.1675,"Proposed","Amazon","1,000+","Mega campus (>1,000 MW)","Unknown",1000,892218.600000004,76.0514107536695,1314.9,76.0514107536695
"Amazon Ridgeland","west of Highland Colony Pkwy","Ridgeland","MS","39157","Madison",32.41277,-90.190216,"Approved/Permitted/Under construction","Amazon","1000","Mega campus (>1,000 MW)","Unknown",1000,889727.600000004,116.877045348294,855.6,100
"xAI","2400 Stateline Rd","Southaven","MS",NA,"DeSoto",34.992947,-90.03358,"Proposed",NA,NA,"Medium (11-50 MW)","Yes",0,944317.700000005,0,5626.4,0
"Project Steamboat",NA,"Vicksburg","MS",NA,"Warren",32.256226,-90.9371,"Proposed","Amazon",NA,"Unknown","Unknown",0,876150.500000003,0,1914.6,0
"Quantica LLC Big Sky Campus","Buffalo Trail Rd","Broadview","MT","59015","Yellowstone",45.89389,-108.88078,"Proposed","Meta, Google, Amazon","1000","Mega campus (>1,000 MW)","Yes",1000,424817.299999999,230.467849734962,433.9,100
"Butte Data Center","155 W Granite St","Butte","MT","59701","Silver Bow",45.997078,-112.666306,"Proposed","Sabey Data Centers","50-250","Hyperscale (100-999 MW)","Yes",50,349493.9,26.5533722782793,188.3,26.5533722782793
"TAC Data Centers: Project Cardinal","North of Perimeter Rd","Great Falls","MT","59401","Cascade",47.52962,-111.179,"Proposed",NA,"500-600","Hyperscale (100-999 MW)","Unknown",500,321136.199999999,110.570544007077,452.2,100
"Krambu","9314 Bonner Mill Rd","Missoula","MT","59808","Missoula",46.872646,-113.86772,"Proposed",NA,"10","Small (0-10 MW)","Unknown",10,310439.799999999,NA,0,NA
"Quantica Data Center","Buffalo Trail Road and Hwy 3","Yellowstone County","MT","59015","Yellowstone",46.04485,-108.273,"Proposed",NA,"500-1,000","Mega campus (>1,000 MW)","Unknown",500,434029.299999999,120.423892100193,415.2,100
"DartPoints Data Center","100 Technology Dr, STE C","Asheville","NC","28803","Buncombe",35.48821,-82.5582,"Operating",NA,NA,"Unknown","Unknown",0,879553.800000007,0,5080.1,0
"CLT10 Data Center","113 N Myers St","Charlotte","NC","28202","Mecklenburg",35.2219,-80.8356,"Operating",NA,"2","Small (0-10 MW)","Unknown",2,839039.600000008,0.0137551581843191,14540,0.0137551581843191
"Digital Reality Charlotte Data Center","12899 Moores Chapel Road","Charlotte","NC","28214","Mecklenburg",35.255707,-80.99796,"Proposed",NA,"400","Hyperscale (100-999 MW)","Yes",400,841631.700000008,2.52122556774849,15865.3,2.52122556774849
"Project Agate/ Lyle Creek Data Center (Microsoft)","100 Northern Dr NW","Conover","NC","28613","Catawba",35.73274,-81.2088,"Approved/Permitted/Under construction","Microsoft",NA,"Unknown","Unknown",0,848164.800000007,0,15320.9,0
"Kingsboro Data Center Project","Kingsboro Business Park between Rocky Mount and Tarboro","Edgecombe County","NC","27801","Edgecombe",35.924713,-77.65831,"Proposed","Energy Storage Solutions","900","Hyperscale (100-999 MW)","Yes",900,705305.50000001,18.2622458504119,4928.2,18.2622458504119
"Facebook Forest City Data Center","480 Social Circle","Forest City","NC","28043","Rutherford",35.31632,-81.8251,"Operating",NA,NA,"Unknown","Unknown",0,862752.800000008,0,10019.8,0
"Fort Bragg Data Center",NA,"Fort Bragg","NC","28310","Cumberland and Harnett",35.155334,-79.022064,"Proposed",NA,NA,"Unknown","Unknown",0,741211.30000001,0,5068.39999999999,0
"DC Blox: High Point","~4156 Sheraton Ct","Greensboro","NC","27409","Guilford",36.05276,-79.9516,"Proposed",NA,"10","Small (0-10 MW)","Unknown",10,794665.600000009,0.156460243452139,6391.4,0.156460243452139
"Amazon Hamlet Data Center","1761 Airport Road","Hamlet","NC","28345","Richmond",34.82899,-79.72932,"Approved/Permitted/Under construction","Amazon",NA,"Hyperscale (100-999 MW)","Unknown",0,778832.200000008,0,5438.39999999999,0
"Natelli Investments Data Center","US-158 Business, between Pine Meadow Trail and Horseshoe Bend Rd","Henderson","NC","27537","Vance",36.30721,-78.47415,"Suspended",NA,NA,"Unknown","Yes",0,743129.30000001,0,7040.29999999999,0
"T5 Data Center","335 Countryside Rd","Kings Mountain","NC","28086","Cleveland",35.25142,-81.397,"Operating",NA,NA,"Unknown","Unknown",0,852039.100000007,0,13750.1,0
"Google Lenoir Data Center","708 Lynhaven Dr","Lenoir","NC","28645","Caldwell",35.89313,-81.5461,"Expanding","Google",NA,"Unknown","Unknown",0,856000.200000008,0,9043.5,0
"Enovum Data Center","805 Island Dr","Madison","NC","27025","Rockingham",36.40271,-79.9882,"Proposed",NA,"99-200","Hyperscale (100-999 MW)","Unknown",99,793464.700000009,2.25790265930758,4384.6,2.25790265930758
"Apple Maiden Data Center","5977 Startown Rd","Maiden","NC","28650","Catawba",35.58726,-81.2595,"Operating",NA,NA,"Unknown","Unknown",0,848627.000000007,0,14760.6,0
"Project Yoga/ Boyd Farms Data Center (Microsoft)","1400 Zeb Haynes Rd","Maiden","NC","28650","Catawba",35.58554,-81.2315,"Approved/Permitted/Under construction","Microsoft",NA,"Unknown","Unknown",0,848336.200000007,0,15430.6,0
"Project Accelerate","East John St","Matthews","NC","28105","Mecklenburg",35.10738,-80.71056,"Cancelled",NA,NA,"Unknown","Unknown",0,830627.400000008,0,14876.8,0
"Tract Data Center","Mooresville Technology Park, Patterson Farm Rd","Mooresville","NC","28115","Iredell",35.51575,-80.7532,"Cancelled",NA,NA,"Unknown","Yes",0,830420.000000008,0,13527.2,0
"Project Pine (Microsoft)","Tate Blvd","near Pringle","NC","28602","Catawba",35.71945,-81.2758,"Proposed","Microsoft",NA,"Unknown","Unknown",0,849423.700000007,0,14717.7,0
"Natelli Investments LLC ""New Hill Digital Campus""","Old US Hwy 1, adjacent to the Shearon Harris Nuclear Plant","New Hill","NC","27562","Wake",35.667305,-78.95606,"Cancelled",NA,"250","Hyperscale (100-999 MW)","Yes",250,745701.60000001,11.677331963193,2140.9,11.677331963193
"New Hill Digital Campus","4308 Shearon Harris Rd","New Hill","NC","27562","Wake",35.66446,-78.9558,"Proposed",NA,NA,"Unknown","Unknown",0,745678.00000001,0,2140.9,0
"Newton Data Center","Hickory Lincolnton Hwy","Newton","NC","28658","Catawba",35.60278,-81.3073,"Proposed","Microsoft",NA,"Unknown","Unknown",0,849716.800000007,0,14633.3,0
"Project Rockforge (Microsoft)","Stover Court","Newton","NC","28658","Catawba",35.62656,-81.3118,"Proposed","Microsoft",NA,"Unknown","Unknown",0,849290.700000008,0,14637,0
"American Tower Edge Data Center","6011 Chapel Hill Rd","Raleigh","NC","27607","Wake",35.78814,-78.7265,"Proposed",NA,"4","Small (0-10 MW)","Unknown",4,742666.30000001,0.0990344144590244,4039,0.0990344144590244
"Apple Reserch Triangle Park Data Center","along Little Drive","Research Triangle Park","NC","27519","Wake",35.850254,-78.87698,"Suspended","Apple",NA,"Hyperscale (100-999 MW)","Unknown",0,745207.90000001,0,5182.19999999999,0
"Person County Mega Site","Edwin Robertson Rd","Roxboro","NC","27574","Person",36.479218,-78.9898,"Proposed","Microsoft",NA,"Hyperscale (100-999 MW)","Unknown",0,753298.30000001,0,8237.6,0
"Drox Group Data Center","8084 Glade St","Rural Hall","NC",NA,"Forsyth",36.24073,-80.30469,"Proposed",NA,NA,"Hyperscale (100-999 MW)","Yes",0,808308.200000008,0,6047.9,0
"Deep River Data AI Data Center","Near Lee/ Chatham County Line, south of Rt 421","Sanford","NC","27330","Lee",35.53914,-79.25537,"Proposed","Deep River Data",NA,"Unknown","Unknown",0,754995.60000001,0,2323.9,0
"Compass Data Center","Stamey Farm Rd","Statesville","NC","28677","Iredell",35.77436,-80.9749,"Approved/Permitted/Under construction",NA,NA,"Unknown","Yes",0,839530.900000007,0,10868.8,0
"Project Delta","North and south of Hwy 311","Walnut Cove","NC","27052","Stokes",36.324413,-80.09938,"Suspended","Engineered Land Solutions",NA,"Hyperscale (100-999 MW)","Yes",0,797985.700000009,0,6034.8,0
"Aurum Capital Ventures","E. Main Ave","Bismark","ND","58501","Burleigh",46.81102,-100.721,"Proposed",NA,NA,"Unknown","Unknown",0,467082.1,0,3974,0
"Applied Digital: Polaris Forge 1","9685 87th Ave SE","Ellendale","ND","58436","Dickey",46.01259,-98.5707,"Operating",NA,"400-1,000","Mega campus (>1,000 MW)","Unknown",400,532306.9,51.0204081632653,784,51.0204081632653
"Applied Digital: Polaris Forge 2","Cass County, outside Fargo","Harwood","ND","58102","Cass",46.97181,-96.8542,"Approved/Permitted/Under construction",NA,"280","Hyperscale (100-999 MW)","Unknown",280,492009.7,104.555638536221,267.8,100
"CoreWeave/ Applied Digital","2671 HWY 20 SE","Jamestown","ND","58401","Stutsman",47.02708,-98.6796,"Operating",NA,"100","Hyperscale (100-999 MW)","Unknown",100,468868.3,12.15953307393,822.4,12.15953307393
"Atlas Power","near 5000-5068 143rd Ave NW","Williston","ND","58801","Williams",48.1455,-103.77432,"Operating",NA,"240-700","Hyperscale (100-999 MW)","Yes",240,365274.199999999,22.5394440270473,1064.8,22.5394440270473
"Project Fighting Pike","56th Street NW and US Highway 2","Williston","ND","58801","Williams",48.221992,-103.62824,"Operating","Critical Data House","455","Hyperscale (100-999 MW)","Unknown",455,363307.999999999,42.7310293012772,1064.8,42.7310293012772
"TierPoint Omaha, NE – Bellevue Data Center","1001 Fort Crook Rd N","Bellevue","NE","68005","Sarpy",41.17724,-95.9248,"Operating",NA,NA,"Unknown","Unknown",0,797253.100000002,0,5013.5,0
"Sequitor Edge Data Center","TechoNE Crossing Technology Park","Kearney","NE","68847","Buffalo",40.726894,-99.042984,"Proposed",NA,NA,"Unknown","Unknown",0,756251.000000001,0,1130.3,0
"H5 Data Center","10917 Harry Watanabe Parkway","La Vista","NE","68128","Sarpy",41.180862,-96.08503,"Operating",NA,"17","Medium (11-50 MW)","Unknown",17,793530.800000002,0.331170981629751,5133.3,0.331170981629751
"Google Lincoln Data Center","Near intersection of I-80 and Hwy 77","Lincoln","NE","68528","Lancaster",40.82278,-96.7574,"Approved/Permitted/Under construction","Google",NA,"Unknown","Unknown",0,784837.900000002,0,2291.9,0
"Lincoln Data Centers","206 S 13th St Ste 605","Lincoln","NE","68508","Lancaster",40.81206,-96.7024,"Operating",NA,NA,"Unknown","Unknown",0,788462.200000002,0,2223.5,0
"Omaha Data Center","West of Hwy 133","Omaha","NE","68142","Douglas",41.344105,-96.09118,"Operating",NA,"198-474","Hyperscale (100-999 MW)","Unknown",198,791405.300000002,5.62356215740294,3520.9,5.62356215740294
"TierPoint Midlands Data Center","11425 S 84th St","Papillion","NE","68046","Sarpy",41.13467,-96.0391,"Operating",NA,NA,"Unknown","Unknown",0,795552.400000002,0,5277.9,0
"Meta Data Center","14734 Friend Plz","Springfield","NE","68059","Sarpy",41.11734,-96.1425,"Operating","Meta",NA,"Unknown","Unknown",0,790589.500000002,0,5127.9,0
"First Light Data Center","8 Commerce Dr","Bedford","NH","3110","Hillsborough",42.928246,-71.46393,"Operating",NA,NA,"Small (0-10 MW)","Unknown",0,480738.000000002,0,5689.5,0
"Comcast Data Center","92 W Main St","Clinton","NJ","08809","Hunterdon",40.63284,-74.9191,"Proposed",NA,NA,"Unknown","Unknown",0,627526.500000009,0,21118,0
"QTS","159 Princeton-Hightstown Rd","East Windsor","NJ","8520","Mercer",40.275524,-74.5491,"Operating",NA,"14","Medium (11-50 MW)","Yes",14,627361.600000009,0.0531085576853773,26361.1,0.0531085576853773
"Joint Base McGuire-Dix-Lakehurst","3021 McGuire Blvd","Fort Dix","NJ","08641","Burlington",40.01661,-74.608765,"Proposed",NA,NA,"Unknown","Unknown",0,627502.400000009,0,14954.9,0
"DataVerge","111 Town Square Place","Jersey City","NJ","7310","Hudson",40.726536,-74.03348,"Operating","DataVerge",NA,"Unknown","Unknown",0,589819.800000008,0,23261.4,0
"Tower Gate Project","Route 130 and Kinkora Rd","Mansfield Twp","NJ","8505","Burlington",40.118675,-74.751205,"Cancelled",NA,NA,"Unknown","Unknown",0,630435.700000009,0,20221.7,0
"Comcast Data Center","650 Centerton Rd","Moorestown","NJ","08057","Burlington",39.98939,-74.8896,"Proposed",NA,NA,"Unknown","Unknown",0,634951.500000009,0,17667,0
"New Brunswick Data Center","~100 Jersey Ave","New Brunswick","NJ","8901","Middlesex",40.48662,-74.45843,"Cancelled",NA,NA,"Unknown","Yes",0,619240.200000008,0,26649.2,0
"Newton Data Center","248 Stickles Pond Rd","Newton","NJ","7860","Sussex",41.02557,-74.758255,"Cancelled",NA,NA,"Unknown","Yes",0,602653.000000008,0,24172.5,0
"GI Partners Data Center","492 River Rd","Nutley","NJ","07110","Essex",40.82151,-74.1342,"Operating",NA,NA,"Unknown","Unknown",0,588058.700000008,0,23930.5,0
"Prism Capital Partners Data Center","Cathedral Ave & Kingsland St","Nutley","NJ","07110","Essex",40.8294,-74.1536,"Proposed",NA,NA,"Unknown","Unknown",0,589331.500000008,0,25635.1,0
"Nebius Data Center","Lincoln and Sheridan Aves","Vineland","NJ","08361","Cumberland",39.43012,-75.0131,"Approved/Permitted/Under construction",NA,"300-2,000","Mega campus (>1,000 MW)","Yes",300,641913.200000009,2.52748641476052,11869.5,2.52748641476052
"NJFX","1410 Wall Church Rd","Wall","NJ","7719","Monmouth",40.161446,-74.05334,"Operating",NA,"10","Small (0-10 MW)","Unknown",10,616670.100000008,0.0466002768056442,21459.1,0.0466002768056442
"bigbyte.cc Corp. Data Center","123 Central Ave NW","Albuquerque","NM","87102","Bernalillo",35.08452,-106.649,"Operating",NA,NA,"Unknown","Unknown",0,584219.799999998,0,1781.9,0
"Centersquare Albuquerque Data Center","400 Tijeras Ave NW","Albuquerque","NM","87102","Bernalillo",35.0862,-106.652,"Operating",NA,NA,"Unknown","Unknown",0,584219.799999998,0,1781.9,0
"H5 Data Center","505 Marquette Ave NW","Albuquerque","NM","87102","Bernalillo",35.08857,-106.652,"Operating",NA,NA,"Unknown","Unknown",0,584219.799999998,0,1781.9,0
"Hobbs Data Center","320 N Shipp St","Hobbs","NM","88240","Lea",32.70361,-103.137,"Operating",NA,NA,"Unknown","Unknown",0,614222.499999998,0,3342.4,0
"Aerospace Data Facility Southwest","12400 NASA Rd","Las Cruces","NM","88012","Doña Ana",32.49551,-106.614,"Operating",NA,NA,"Unknown","Unknown",0,525641.400000002,0,1739.4,0
"New Era Energy & Digital Data Center","Near powerlines and energy sources","Lea County","NM",NA,"Lea County",32.882626,-103.42699,"Proposed",NA,"7000","Mega campus (>1,000 MW)","Unknown",7000,616543.799999998,264.160911732518,2649.9,100
"Zenith Volts Data Center",NA,"Roswell","NM",NA,"Chaves",33.38971,-104.536,"Proposed",NA,"1240","Hyperscale (100-999 MW)","Unknown",1240,590912.699999998,659.223817118554,188.1,100
"Project Jupiter","adj to Pete V Domenici Hwy","Santa Teresa","NM","88008","Doña Ana County",31.81646,-106.678,"Approved/Permitted/Under construction","Oracle/ Open AI","700","Mega campus (>1,000 MW)","Yes",700,512078.500000002,32.3624595469256,2163,32.3624595469256
"Green Data Center","West of Socorro Peak, north of Hwy 60","Socorro","NM",NA,"Socorro",34.077454,-107.02448,"Proposed",NA,"2000","Mega campus (>1,000 MW)","Yes",2000,548468.700000002,979.431929480901,204.2,100
"Townsite Solar 2 LLC","West of US-95, south of I-11","Boulder City","NV","89005","Clark",35.94159,-114.913795,"Proposed","Townsite Solar 2 LLC","170","Hyperscale (100-999 MW)","Unknown",170,354681.9,1.18676132833497,14324.7,1.18676132833497
"Novva Data Center","6115 Nicco Way","Las Vegas","NV","89115","Clark",36.2705,-115.048,"Operating",NA,"100","Hyperscale (100-999 MW)","Unknown",100,352938.9,0.717133759788876,13944.4,0.717133759788876
"Novva Data Center (site 2)","I-15 (Apex Industrial Park, North Los Vegas)","Las Vegas","NV","89115","Clark",36.33975,-114.943,"Proposed",NA,NA,"Unknown","Unknown",0,356016.5,0,12711.7,0
"Switch Data Center","Apex Industrial Park, 10020 W Cheyenne Ave","Las Vegas","NV","89129","Clark",36.219105,-115.3135,"Proposed",NA,NA,"Unknown","Unknown",0,344308.8,0,14300.7,0
"Switch Las Vegas CORE campus","7135 S Decatur Blvd","Las Vegas","NV","89118","Clark",36.0603,-115.2119,"Operating","Switch","495","Hyperscale (100-999 MW)","Unknown",495,344854.6,3.42603230852286,14448.2,3.42603230852286
"Jet.AI","Curocee Rd","Moapa","NV","89025","Clark",36.688816,-114.62739,"Proposed",NA,"50","Medium (11-50 MW)","Unknown",50,362787.1,0.487490981416844,10256.6,0.487490981416844
"Centra","265 Keystone Ave","Reno","NV","89503","Washoe",39.525772,-119.82659,"Approved/Permitted/Under construction",NA,"12","Medium (11-50 MW)","Unknown",12,264675.399999999,0.636233497693654,1886.1,0.636233497693654
"Lumen Technologies mini Data Center","148 Gardner St","Reno","NV","89503","Washoe",39.52402,-119.827,"Operating",NA,"2","Small (0-10 MW)","Unknown",2,264675.399999999,0.106038916282276,1886.1,0.106038916282276
"Oppidan Data Center","9745 N Virginia St","Reno","NV","89507","Washoe",39.61418,-119.877,"Approved/Permitted/Under construction",NA,"8","Small (0-10 MW)","Unknown",8,264570.399999999,0.492156259612427,1625.5,0.492156259612427
"Webb Data Center","9805 N Virginia St","Reno","NV","89506","Washoe",39.61473,-119.879,"Approved/Permitted/Under construction",NA,"28","Medium (11-50 MW)","Unknown",28,264570.399999999,1.72254690864349,1625.5,1.72254690864349
"Tract Data Center","USA Parkway","Silver Springs","NV","89429","Storey County",39.47083,-119.40618,"Approved/Permitted/Under construction","Fleet","1200","Mega campus (>1,000 MW)","Unknown",1200,270170.7,68.1740711282809,1760.2,68.1740711282809
"Tract Data Center","off Alt-95","Silver Springs","NV","89429","Lyon County",39.42805,-119.232,"Proposed",NA,"1600","Mega campus (>1,000 MW)","Unknown",1600,272232.799999999,90.8987615043745,1760.2,90.8987615043745
"Apple Data Center","21905 Reno Technology Pkwy E","Sparks","NV","89434","Washoe",39.56298,-119.551,"Operating",NA,NA,"Unknown","Unknown",0,266530.299999999,0,1782.8,0
"NV11–NV14 Data Center Campus","100 Electric Ave","Sparks","NV","89437","Storey",39.55287,-119.474,"Proposed",NA,"224","Hyperscale (100-999 MW)","Unknown",224,267104.399999999,12.0107238605898,1865,12.0107238605898
"Tract Data Center","1995 Peru Dr","Sparks","NV","89434","Storey County",39.53511,-119.497,"Proposed",NA,"810","Hyperscale (100-999 MW)","Unknown",810,267063.499999999,45.4341485304016,1782.8,45.4341485304016
"STAMP Data Center","1249 Stamp Dr","Alabama","NY","14013","Genesee County",43.08677,-78.3978,"Proposed","Genesee County Economic Development Corporation (GCEDC)","500","Hyperscale (100-999 MW)","Yes",500,649587.10000001,11.1405717341414,4488.1,11.1405717341414
"Kenwood Commons","100 Kenwood Rd","Albany","NY","12202","Albany",42.628124,-73.77215,"Proposed","Edge","100","Hyperscale (100-999 MW)","Yes",100,550739.800000006,1.54012012937009,6493,1.54012012937009
"Lake Mariner Data Center","7725 Lake Rd","Barker","NY","14012","Niagara",43.35908,-78.6068,"Operating","TeraWulf","500","Hyperscale (100-999 MW)","Unknown",500,644552.20000001,13.6195249509697,3671.2,13.6195249509697
"Camp Monterey Data Center","2150 Evergreen Hill Rd","Beaver Dams","NY","14812","Schuyler",42.337475,-77.019035,"Proposed","FLX Gateway",NA,"Unknown","Unknown",0,640701.10000001,0,1403,0
"DataVerge/ Industry City Data Center","882 3rd Avenue","Brooklyn","NY","11232","Kings",40.65775,-74.004974,"Operating","DataVerge","10","Small (0-10 MW)","Unknown",10,589595.700000008,0.0430507482220041,23228.4,0.0430507482220041
"Holtec Decommissioning International (HDI)","450 Broadway","Buchanan","NY","10511","Westchester",41.265106,-73.9493,"Proposed",NA,"200","Hyperscale (100-999 MW)","Unknown",200,577469.100000007,0.770353707904984,25962.1,0.770353707904984
"350 Main Street (H5 Data Centers BU1)","350 Main Street, 18th/19th Floors, Suite 102","Buffalo","NY","14202","Erie",42.88409,-78.875725,"Operating",NA,"1","Small (0-10 MW)","Unknown",1,665812.00000001,0.0231722859460086,4315.5,0.0231722859460086
"Tesla Dojo Supercomputer","1339 South Park Ave","Buffalo","NY","14220","Erie",42.86061,-78.84132,"Cancelled",NA,NA,"Unknown","Unknown",0,666254.60000001,0,4330.5,0
"Greenidge Generation Yates County facility","590 Plant Rd","Dresden","NY","14441","Yates",42.67687,-76.94491,"Operating",NA,"55","Large (51-99 MW)","Yes",55,627274.50000001,2.91251853420885,1888.4,2.91251853420885
"Global AI","1701 North St","Endicott","NY","13760","Broome",42.104294,-76.04444,"Operating",NA,"32","Medium (11-50 MW)","Unknown",32,611576.700000009,1.85679470813508,1723.4,1.85679470813508
"Treetop Development Project","near 7 Donovan Dr","Hopewell Junction","NY","12533","Dutchess",41.5234,-73.81024,"Proposed","onovan Drive Holdings LLC","1000","Mega campus (>1,000 MW)","Unknown",1000,571058.100000007,8.14617496354586,12275.7,8.14617496354586
"Former Remington Gun Factory Data Center","14 Hoefler Ave","Ilion","NY","13357","Herkimer",43.01354,-75.033745,"Proposed",NA,"200","Hyperscale (100-999 MW)","Yes",200,572372.600000007,10.3257783055398,1936.9,10.3257783055398
"Lake Hawkeye Data Center","Miliken Station Rd","Lansing","NY","14882","Tompkins County",42.60211,-76.635,"Proposed","TeraWulf","150","Hyperscale (100-999 MW)","Yes",150,619673.100000008,14.2585551330799,1052,14.2585551330799
"H5 Data Center","5365 Crown Dr and 5319 Enterprise Dr","Lockport","NY","14094","Niagara",43.169827,-78.74797,"Operating",NA,"44","Medium (11-50 MW)","Unknown",44,652959.600000009,1.11212213123041,3956.4,1.11212213123041
"Ranalli Super DC, LLC Data Center","Hencle Blvd and Rt 48","Lysander","NY","13027","Onondaga",43.18687,-76.35703,"Proposed",NA,"300","Hyperscale (100-999 MW)","Unknown",300,598920.400000009,4.3232026285072,6939.3,4.3232026285072
"Ranalli Super DC, LLC Data Center","Hencle Blvd and Rt 48","Lysander","NY","13027","Onondaga",43.18687,-76.35703,"Proposed",NA,"300","Hyperscale (100-999 MW)","Yes",300,598920.400000009,4.3232026285072,6939.3,4.3232026285072
"Former Sears Data Center","6100 St Lawrence Centre SR 37","Massena","NY","13662","St. Lawrence",44.948536,-74.84243,"Proposed",NA,NA,"Unknown","Unknown",0,537092.400000004,0,1855.2,0
"New York State Artificial Intelligence Data Center/ ZeroC Data Centers, LLC","Rt 42 and Horton Rd","Massena","NY","13662","St. Lawrence",44.95557,-74.853615,"Cancelled",NA,"300","Hyperscale (100-999 MW)","Unknown",300,537093.400000004,16.1777394305436,1854.4,16.1777394305436
"North Country Data Center","1814 State Hwy 131","Massena","NY","13662","St. Lawrence",44.961773,-74.8913,"Proposed",NA,"176","Hyperscale (100-999 MW)","Unknown",176,537093.400000004,9.4745908699397,1857.6,9.4745908699397
"St Lawrence Data and Agricultural Center","417 County Route 42","Massena","NY","13662","St. Lawrence",44.954838,-74.84906,"Proposed","Petawatt Holdings","200","Hyperscale (100-999 MW)","Unknown",200,537093.400000004,10.7851596203624,1854.4,10.7851596203624
"LGA1","60 Hudson Street Suite #1903","New York","NY","10013","New York",40.717728,-74.00832,"Operating","DataBank","0.74","Small (0-10 MW)","Unknown",0.74,589636.400000008,0.00311255241916827,23774.7,0.00311255241916827
"LGA2","111 8th Avenue","New York","NY","10011","New York",40.740993,-74.00215,"Operating","DataBank","0.68","Small (0-10 MW)","Unknown",0.68,589219.800000008,0.00284927741486736,23865.7,0.00284927741486736
"Oxford Quantum Circuits (OQC)","111 8th Avenue","New York","NY","10011","New York",40.74102,-74.0021,"Operating",NA,NA,"Unknown","Unknown",0,589219.800000008,0,23865.7,0
"Telehouse: Chelsea","85 10th Ave","New York","NY","10011","New York",40.743084,-74.007866,"Operating",NA,"4","Small (0-10 MW)","Unknown",4,589238.600000008,0.0167500680471514,23880.5,0.0167500680471514
"9Lives (Globe Digital Holdings)","3807 Highland Ave","Niagara Falls","NY","14305","Erie",43.12389,-79.04118,"Proposed",NA,"600","Hyperscale (100-999 MW)","Unknown",600,664972.80000001,16.675004168751,3598.2,16.675004168751
"BlockFusion aka North East Data Center LLC","5380 Frontier Ave.","Niagara Falls","NY","14304","Niagara",43.083187,-79.00317,"Operating",NA,"50+","Large (51-99 MW)","Unknown",50,664191.60000001,1.3080102548004,3822.6,1.3080102548004
"Niagara Digital Campus","Rainbow Blvd & John B Daly Blvds","Niagara Falls","NY","14303","Niagara",43.084515,-79.05135,"Approved/Permitted/Under construction",NA,"140","Hyperscale (100-999 MW)","Unknown",140,664997.40000001,3.78726397229887,3696.6,3.78726397229887
"North Tonawanda Data Center","1070 Erie Ave","North Tonawanda","NY","14120","Niagara",43.06086,-78.85376,"Operating",NA,"46","Medium (11-50 MW)","Yes",46,658651.00000001,1.13903677107837,4038.5,1.13903677107837
"Oneonta Data Center","357 County Highway 9","Oneonta","NY","13820","Otsego",42.45303,-75.1168,"Suspended",NA,NA,"Small (0-10 MW)","Yes",0,581368.600000008,0,1757.4,0
"Bloomberg-RDC 8/ Sentinel NY-1","155 Corporate Dr","Orangeburg","NY","10962","Rockland",41.03556,-73.9866,"Operating",NA,"7","Small (0-10 MW)","Unknown",7,578647.100000007,0.0246414666600956,28407.4,0.0246414666600956
"DataBank LGA3 and LGA4","2000 Corporate Dr","Orangeburg","NY","10962","Rockland",41.03986,-73.9899,"Operating",NA,"40","Medium (11-50 MW)","Unknown",40,578798.100000008,0.140756849580193,28417.8,0.140756849580193
"Orangeburg Data Center","1 Ramland Rd","Orangeburg","NY","10962","Rockland",41.0345,-73.9758,"Operating",NA,"24","Medium (11-50 MW)","Unknown",24,578544.100000007,0.0828677775552624,28961.8,0.0828677775552624
"IBM Data Center","2455 South Road (Route 9)","Poughkeepsie","NY","12601","Dutchess",41.660404,-73.93994,"Approved/Permitted/Under construction",NA,"100","Hyperscale (100-999 MW)","Unknown",100,570374.500000006,1.31800927878532,7587.2,1.31800927878532
"Telehouse: Teleport","7 Teleport Dr","Staten Island","NY","10311","Richmond",40.60713,-74.174934,"Operating",NA,"10","Small (0-10 MW)","Unknown",10,601258.600000008,0.0405278345167461,24674.4,0.0405278345167461
"Riverview Innovation & Technology Campus","3800-3875 River Rd","Tonawanda","NY","14150","Erie",42.978775,-78.93396,"Suspended",NA,"600","Hyperscale (100-999 MW)","Unknown",600,663901.00000001,14.1961433810481,4226.5,14.1961433810481
"Brookhaven Logistics Center","1001 Expressway Dr N","Yaphank","NY","11980","Suffolk",40.82991,-72.94618,"Proposed",NA,"176","Hyperscale (100-999 MW)","Unknown",176,556397.200000006,1.59228465707074,11053.3,1.59228465707074
"Aberdeen Data Center","Former Dayton Power and Light Stuart landfill, 745 US-52","Aberdeen","OH","45101","Adams",38.638145,-83.69277,"Proposed",NA,"400-1100","Mega campus (>1,000 MW)","Yes",400,887902.200000008,10.5845307083697,3779.1,10.5845307083697
"Viking Data Centers","428 Seiberling St","Akron","OH","44306","Summit",41.050426,-81.4743,"Operating",NA,"150-400","Hyperscale (100-999 MW)","Unknown",150,780798.500000011,5.82252930673084,2576.2,5.82252930673084
"EdgeConneX Ashville Data Center","Btwn Rt 752 and Weigand Rd","Ashville","OH","43103","Pickaway",39.733818,-82.97449,"Proposed","EdgeConneX","200","Hyperscale (100-999 MW)","Yes",200,853679.100000008,9.16548279180606,2182.1,9.16548279180606
"Project Triton","3700 Limestone Dr","Barberton","OH","44203","Summit",41.014168,-81.6502,"Proposed",NA,NA,"Hyperscale (100-999 MW)","Yes",0,786106.600000011,0,2523.4,0
"Meta Bowling Green Data Center/ Project Accordion","20750 Midstar Dr","Bowling Green","OH","43402","Wood",41.45447,-83.6489,"Approved/Permitted/Under construction","Meta","514","Hyperscale (100-999 MW)","Yes",514,815876.90000001,5.79403011993868,8871.2,5.79403011993868
"Canton Data Center","4726 Hills and Dales Rd NW","Canton","OH","44708","Stark",40.8489,-81.4408,"Operating","Ark Data Centers","1.5","Small (0-10 MW)","Yes",1.5,781366.700000011,0.0466795294703429,3213.4,0.0466795294703429
"DartPoints Data Center","302 W. Third St.","Cincinnati","OH","45202","Hamilton",39.09831,-84.5179,"Approved/Permitted/Under construction",NA,NA,"Unknown","Unknown",0,899084.500000007,0,9715.5,0
"H5 Data Center","925 Dalton Avenue","Cincinnati","OH","45203","Hamilton",39.10586,-84.5366,"Operating",NA,"2-6","Small (0-10 MW)","Unknown",2,900832.300000007,0.0205856620863568,9715.5,0.0205856620863568
"CLE1","15166 Neo Pkwy","Cleveland","OH","44128","Cuyahoga",41.42835,-81.574,"Operating",NA,"4.7","Small (0-10 MW)","Unknown",4.7,767897.000000011,0.154199475065617,3048,0.154199475065617
"CLE2","15248 NEO Parkway","Cleveland","OH","44128","Cuyahoga",41.42939,-81.5739,"Operating",NA,"2","Small (0-10 MW)","Unknown",2,767897.000000011,0.0656167979002624,3048,0.0656167979002624
"Lakeland Equity Group Data Center","3560 E 55th St","Cleveland","OH","44105","Cuyahoga",41.461937,-81.65161,"Cancelled",NA,"150","Hyperscale (100-999 MW)","Yes",150,768617.300000011,4.98156819766862,3011.1,4.98156819766862
"Slavic Village Data Center","3560 E. 55th St.","Cleveland","OH","44105","Cuyahoga",41.4646,-81.6521,"Proposed","Lakeland Equity Group","150","Hyperscale (100-999 MW)","Yes",150,768617.300000011,4.98156819766862,3011.1,4.98156819766862
"COL 1 (Cologix)","535 Scherers Ct","Columbus","OH","43085","Franklin",40.11592,-83.0025,"Operating",NA,"30","Medium (11-50 MW)","Unknown",30,846464.100000009,1.14495076711701,2620.2,1.14495076711701
"COL 2 (Cologix)","555 Scherers Ct","Columbus","OH","43085","Franklin",40.11582,-83.0025,"Operating",NA,"30","Medium (11-50 MW)","Unknown",30,846464.100000009,1.14495076711701,2620.2,1.14495076711701
"COL 3 (Cologix)","585 Scherers Ct","Columbus","OH","43085","Franklin",40.11585,-83.0023,"Operating",NA,"18+","Medium (11-50 MW)","Unknown",18,846464.100000009,0.686970460270208,2620.2,0.686970460270208
"COL 4 (Cologix)","7500 Alta View Blvd","Columbus","OH","43085","Franklin",40.11852,-82.9993,"Operating",NA,"33","Medium (11-50 MW)","Unknown",33,846253.100000009,1.25944584382872,2620.2,1.25944584382872
"Columbus Data Center","5076 S High St","Columbus","OH","43207","Franklin",39.85241,-82.9974,"Operating","Google",NA,"Unknown","Unknown",0,850542.800000008,0,2508.9,0
"Microsoft Columbus Data Center",NA,"Columbus","OH",NA,"Franklin",39.96418,-83.0171,"Suspended","Microsoft",NA,"Unknown","Unknown",0,849438.800000008,0,2521.2,0
"Microsoft Licking County Data Center",NA,"Columbus","OH",NA,"Franklin",39.96418,-83.0171,"Cancelled","Microsoft",NA,"Unknown","Unknown",0,849438.800000008,0,2521.2,0
"Aligned Data Center","Conesville Industrial Park, 47201 Co Rd 273","Conesville","OH","43811","Coshocton",40.18911,-81.8728,"Proposed",NA,NA,"Unknown","Unknown",0,807381.10000001,0,3999.9,0
"CMH2","5700 Innovation Dr","Dublin","OH","43016","Franklin",40.09205,-83.1436,"Operating",NA,"4.8","Small (0-10 MW)","Unknown",4.8,849651.100000008,0.173322741388026,2769.4,0.173322741388026
"DartPoints Data Center","565 Metro Pl S #300","Dublin","OH","43017","Franklin",40.09327,-83.1337,"Operating",NA,NA,"Unknown","Unknown",0,849651.100000008,0,2769.4,0
"PRSM Data Center","Off Orphans Rd","Eaton","OH","45320","Preble",39.8307,-84.7197,"Proposed",NA,NA,"Hyperscale (100-999 MW)","Unknown",0,897972.600000008,0,5528.3,0
"Franklin Furnace Data Center","Franklin Furnace Area","Franklin Furnace","OH",NA,"Scioto",38.59737,-82.84261,"Proposed","Google",NA,"Unknown","Yes",0,871834.900000007,0,7917.8,0
"Amazon Sunbury Data Center","11793 Vans Valley Rd","Galena","OH","43021","Delaware",40.21813,-82.8478,"Approved/Permitted/Under construction",NA,NA,"Unknown","Unknown",0,838173.900000009,0,2595.2,0
"Logistix Data Center","1380 University Blvd","Hamilton","OH","45011","Butler",39.38385,-84.56061,"Proposed","Logistix Property Group","200","Hyperscale (100-999 MW)","Yes",200,899505.700000007,2.97889453223909,6713.9,2.97889453223909
"Mara Holdings","Long Ridge Energy Station, 43840 OH-7","Hannibal","OH","43931","Monroe",39.704994,-80.8452,"Proposed",NA,"200","Hyperscale (100-999 MW)","Unknown",200,789612.500000011,1.55426724070937,12867.8,1.55426724070937
"Amazon Hilliard Data Center","5109 Hayden Run Rd","Hilliard","OH","43026","Franklin",40.06241,-83.1344,"Expanding","Amazon","73","Large (51-99 MW)","Yes",73,849651.100000008,2.59712537355913,2810.8,2.59712537355913
"Ravel Data Center","1476 County Rd 1A","Ironton","OH","45638","Lawrence",38.56767,-82.782684,"Proposed","Strata",NA,"Unknown","Yes",0,871033.400000007,0,7936.5,0
"Amazon Jeffersonville Data Center","along Interstate 71 between State Route 729 and U.S. 35","Jeffersonville","OH","43128","Fayette",39.62815,-83.57187,"Proposed","Amazon","1184","Mega campus (>1,000 MW)","Unknown",1184,870873.000000008,21.2616948300321,5568.7,21.2616948300321
"CyrusOne COL-1","12181 Jug St","Johnstown","OH","43031","Licking",40.09545,-82.7181,"Approved/Permitted/Under construction",NA,NA,"Unknown","Unknown",0,837337.900000009,0,2912.1,0
"EdgeConneX New Albany Data Center","9850 Innovation Campus Way W","Johnstown","OH","43031","Licking",40.08851,-82.7583,"Approved/Permitted/Under construction","EdgeConneX","120-766","Hyperscale (100-999 MW)","Unknown",120,838530.200000009,4.12073761203255,2912.1,4.12073761203255
"Johnstown Data Center (Beech Rd.)","4200 Beech Rd NW","Johnstown","OH","43031","Licking",40.11718,-82.7506,"Proposed",NA,NA,"Unknown","Unknown",0,837638.100000009,0,2913.6,0
"Johnstown Data Center (Beech Rd)","2801 Beech Rd NW","Johnstown","OH","43031","Licking",40.09769,-82.7533,"Proposed","Amazon",NA,"Unknown","Unknown",0,838139.100000009,0,2913.6,0
"Johnstown Data Center (Beech Rd NW)","2570 Beech Rd NW","Johnstown","OH","43031","Licking",40.09421,-82.7514,"Proposed","Amazon",NA,"Unknown","Unknown",0,838143.900000009,0,2913.6,0
"Johnstown Data Center (Harrison Rd)","2186 Harrison Rd NW","Johnstown","OH","43031","Licking",40.08953,-82.7346,"Proposed","Amazon",NA,"Unknown","Unknown",0,838113.900000009,0,2912.1,0
"Karis Critical Data Center","4500 Beech Rd NW","Johnstown","OH","43031","Licking",40.12115,-82.7517,"Proposed",NA,"36","Medium (11-50 MW)","Unknown",36,837638.100000009,1.25711492125572,2863.7,1.25711492125572
"Lancaster Data Center","104 Whiley Rd.","Lancaster","OH","43130","Fairfield",39.72647,-82.6823,"Proposed","Google",NA,"Unknown","Unknown",0,850251.500000008,0,3643.8,0
"CMH3","281 E. Powell Rd","Lewis Center","OH","43085","Delaware",40.15455,-83.0143,"Operating",NA,"7","Small (0-10 MW)","Unknown",7,846220.800000009,0.271844660194175,2575,0.271844660194175
"COL 5 (Cologix)","6787 Green Meadows Drive","Lewis Center","OH","43085","Delaware",40.19086,-83.0113,"Proposed",NA,"25","Medium (11-50 MW)","Unknown",25,845852.400000009,0.969593546385355,2578.4,0.969593546385355
"Bistrozzi LLC Data Center","950 W Bluelick Rd","Lima","OH","45801","Allen",40.7965,-84.121,"Proposed",NA,NA,"Unknown","Unknown",0,862499.700000008,0,3062.2,0
"Project BOSC","W Bluelick and N Cole Rd","Lima","OH","45801","Allen",40.80032,-84.11909,"Proposed","Google",NA,"Unknown","Unknown",0,862499.700000008,0,3082.2,0
"Project Cosmos","14684 Industrial Pkwy","Marysville","OH","43040","Union",40.2203,-83.3259,"Proposed","Amazon",NA,"Unknown","Yes",0,850895.400000008,0,2882.8,0
"Vantage Data Center","State Routes 204 and 37/ 11894-11998 Lancaster-Newark Rd NE","Millersport","OH","43046","Fairfield",39.89945,-82.5619,"Proposed","Vantage","800","Hyperscale (100-999 MW)","Unknown",800,837469.300000009,33.6247478143914,2379.2,33.6247478143914
"Monclova Data Center",NA,"Monclova Township","OH","43537","Lucas",41.546165,-83.71574,"Proposed",NA,NA,"Unknown","Yes",0,813777.20000001,0,9035.6,0
"Pacifico Data Center","London Rd","Muhlenburg","OH",NA,"Pickaway",39.697655,-83.11986,"Proposed",NA,NA,"Unknown","Yes",0,857752.000000008,0,2182.1,0
"Google New Albany Data Center","~4632 Babbitt Rd","New Albany","OH","43054","Franklin",40.058273,-82.766945,"Approved/Permitted/Under construction","Google","543-679","Hyperscale (100-999 MW)","Unknown",543,840600.400000009,18.6764807044094,2907.4,18.6764807044094
"New Albany Meta Data Center/Prometheus","1 Community Cir","New Albany","OH","43054","Darke",40.06873,-82.75027,"Operating","Meta","691-1,400","Mega campus (>1,000 MW)","Unknown",691,838774.400000009,23.7285807492875,2912.1,23.7285807492875
"Oregon Data Center","Corduroy and N. Wynn Rds","Oregon","OH","43616","Lucas",41.66384,-83.4237,"Proposed",NA,NA,"Unknown","Unknown",0,804102.00000001,0,9419,0
"SoftBank Data Center/PORTS Technology Campus","Former Portsmouth Gaseous Diffusion Site","Piketon","OH","45661","Pike",39.01315,-83.00055,"Proposed","Softbank","9200","Mega campus (>1,000 MW)","Unknown",9200,868337.100000008,98.0507092689893,9382.9,98.0507092689893
"J5 LLC (dba Shaytura LLC) Data Center","Farrington and Washington Rds","Piqua","OH","45356","Miami",40.10546,-84.259926,"Proposed","Cleanview",NA,"Hyperscale (100-999 MW)","Unknown",0,881638.100000008,0,4960.7,0
"Aligned NEO-01","2509 Hayes Avenue","Sandusky","OH","44870","Erie",41.43093,-82.7172,"Proposed",NA,NA,"Unknown","Unknown",0,795946.60000001,0,8342.2,0
"Amazon Project Galaxy","North side of West Millcreek Rd","Sidney","OH","45365","Shelby",40.26942,-84.19626,"Proposed","Amazon",NA,"Unknown","Unknown",0,871655.100000008,0,3472.1,0
"Project Mila","Kennel Rd Corridor","Trenton","OH","45067","Butler",39.455215,-84.45998,"Proposed","Prologis","240","Hyperscale (100-999 MW)","Yes",240,896996.700000007,3.57297047833142,6717.1,3.57297047833142
"CMH1","5000 Arlington Centre Blvd Building One, Arlington Centre Blvd","Upper Arlington","OH","43220","Franklin",40.05789,-83.0785,"Operating",NA,"1.6","Small (0-10 MW)","Unknown",1.6,849441.200000008,0.0599925009373828,2667,0.0599925009373828
"Urbana Technology Hub","Lewis B Moore Dr","Urbana","OH","43078","Champaign",40.08692,-83.77341,"Proposed","Thor Equities","100","Hyperscale (100-999 MW)","Yes",100,867133.200000008,2.59524551022527,3853.2,2.59524551022527
"Stargate Data Center","2369 Ellsworth Bailey Rd","Warren","OH","44481","Trumbull",41.15324,-80.8803,"Proposed","Bristolville 25 Developer LLC","1500","Mega campus (>1,000 MW)","Yes",1500,770422.300000011,19.3683340650259,7744.6,19.3683340650259
"Wilmington Data Center","1488 US-68","Wilmington","OH","45177","Clinton",39.42304,-83.845474,"Suspended","Amazon","400-600","Hyperscale (100-999 MW)","Yes",400,882347.600000008,5.84726932522512,6840.8,5.84726932522512
"Sammis Power Plant Data Center","OH-7","Stratton","OH","43961","Jefferson",40.528168,-80.62949,"Proposed",NA,NA,"Unknown","Unknown",0,774495.300000011,0,10676.4,0
"Waterville Data Center",NA,"Waterville","OH","43566","Lucas",41.498295,-83.75243,"Proposed",NA,NA,"Hyperscale (100-999 MW)","Yes",0,817145.90000001,0,9043,0
"Data center","Creek Tpke and Hwy 51","Broken Arrow","OK",NA,"Wagoner",36.03942,-95.74154,"Proposed",NA,NA,"Unknown","Unknown",0,857606.400000004,0,8785.6,0
"Project Anthem","E 11th St","Cartoosa","OK","74015","Wagoner",36.14817,-95.7338,"Approved/Permitted/Under construction",NA,NA,"Unknown","Unknown",0,858934.100000004,0,8675.4,0
"Project Mustang","Claremore Industrial Park","Claremore","OK","74017","Rogers",36.343464,-95.60581,"Proposed",NA,NA,"Unknown","Yes",0,864785.700000004,0,8716.4,0
"Google Pryor Data Center","4581 Webb St","Lusta","OK","74361","Mayes",36.240967,-95.33059,"Operating","Google","195-584","Hyperscale (100-999 MW)","Unknown",195,866777.700000004,2.11965737640767,9199.6,2.11965737640767
"Luther Data Center","NE 206th St corridor","Luther","OK","73054","Oklahoma",35.684746,-97.21583,"Proposed",NA,NA,"Unknown","Yes",0,821314.900000002,0,4611.7,0
"Cerebras Systems Data Center","600 NW 62nd St","Oklahoma City","OK","73118","Oklahoma",35.53575,-97.5223,"Operating",NA,"10","Small (0-10 MW)","Unknown",10,810347.300000002,0.211922775340666,4718.7,0.211922775340666
"Valor C3 Data Center","4442 Newcastle Rd","Oklahoma City","OK","73119","Oklahoma",35.42508,-97.5998,"Operating",NA,NA,"Unknown","Unknown",0,805537.700000002,0,6234.7,0
"Project Atlas","6192 State Highway 51B","Porter","OK","74454","Wagoner",35.89665,-95.60666,"Cancelled","Beale Infrastructure",NA,"Unknown","Yes",0,863413.800000004,0,8875.4,0
"Project Spring","5615 OK-97","Sand Springs","OK","74063","Osage",36.24621,-96.10994,"Approved/Permitted/Under construction",NA,NA,"Hyperscale (100-999 MW)","Yes",0,838631.600000003,0,6735.9,0
"Project Clydesdale","SW of E 86th St N and Sheridan Ave","Sperry","OK","74073","Tulsa",36.26513,-95.9034,"Approved/Permitted/Under construction","Beale Infrastructure",NA,"Unknown","Unknown",0,847320.800000003,0,8492.7,0
"Cherokee Data Center","7400 N Lakewood Ave","Tulsa","OK","74117","Tulsa",36.26277,-95.9097,"Operating",NA,NA,"Unknown","Unknown",0,847318.900000003,0,8492.7,0
"Tierpoint Data Center","12151 E. State Farm Blvd","Tulsa","OK","74146","Tulsa",36.09664,-95.8402,"Operating",NA,NA,"Unknown","Unknown",0,855215.800000004,0,8560.2,0
"Arlington Data Center","mesa above Arlington","Arlington","OR",NA,"Gilliam",45.72153,-120.189,"Proposed","Amazon",NA,"Unknown","Unknown",0,258981.099999999,0,12293.6,0
"Amazon Boardman Data Center","79388 Olson Rd","Boardman","OR","97818","Morrow",45.836727,-119.689735,"Proposed","Amazon",NA,"Hyperscale (100-999 MW)","Unknown",0,263087.099999999,0,11619.8,0
"Roundhouse Data Center","Cascade Locks area","Cascade Locks","OR","97014","Hood River",45.67192,-121.886,"Cancelled",NA,NA,"Unknown","Yes",0,238596.899999999,0,4379.5,0
"Crane Data Centers","2975 Heather St","Forest Grove","OR","97113","Washington",45.51303,-123.05,"Approved/Permitted/Under construction",NA,NA,"Unknown","Unknown",0,221765.699999999,0,2738.8,0
"Amazon Data Center","OR-207","Heppner","OR","97836","Morrow",45.604702,-119.573364,"Proposed","Amazon","1,200","Mega campus (>1,000 MW)","Unknown",1200,264068.299999999,16.0827726700083,7461.4,16.0827726700083
"Adobe Data Center","4455 NE Dawson Creek Dr","Hillsboro","OR","97124","Washington",45.550182,-122.93266,"Operating",NA,NA,"Unknown","Unknown",0,223592.499999999,0,4219.2,0
"Flexential Hillsboro 1","7273, 3935 NE NW Aloclek Pl","Hillsboro","OR","97124","Washington",45.55948,-122.938,"Operating",NA,"12","Medium (11-50 MW)","Unknown",12,223015.099999999,0.284414106939704,4219.2,0.284414106939704
"Flexential Hillsboro 2","5737 NE Huffman St","Hillsboro","OR","97124","Washington",45.54989,-122.891,"Operating",NA,"12–20","Medium (11-50 MW)","Unknown",12,224036.199999999,0.281478701444924,4263.2,0.281478701444924
"Flexential Hillsboro 3","5419 NE Starr Blvd","Hillsboro","OR","97124","Washington",45.55947,-122.938,"Operating",NA,"12–20","Medium (11-50 MW)","Unknown",12,223015.099999999,0.284414106939704,4219.2,0.284414106939704
"Flexential Hillsboro 4","4915 NE Starr Blvd","Hillsboro","OR","97124","Washington",45.55543,-122.939,"Operating",NA,"12–20","Medium (11-50 MW)","Unknown",12,223011.499999999,0.284414106939704,4219.2,0.284414106939704
"Flexential Hillsboro 5","4975 NE Starr Blvd","Hillsboro","OR","97124","Washington",45.55651,-122.939,"Operating",NA,"36","Medium (11-50 MW)","Unknown",36,223015.099999999,0.853242320819113,4219.2,0.853242320819113
"Flexential Hillsboro 6",NA,"Hillsboro","OR","97124","Washington",45.54841,-122.89,"Proposed",NA,"27","Medium (11-50 MW)","Unknown",27,224213.599999999,0.633000422000282,4265.4,0.633000422000282
"Portland Edge Data Center (EDC) campus (POR01, POR02, & POR03)","6327 NE Evergreen Pkwy, Bldg C, Suite C-300","Hillsboro","OR","97124","Washington",45.55167,-122.915,"Operating",NA,"9+","Small (0-10 MW)","Unknown",9,223592.499999999,0.213310580204778,4219.2,0.213310580204778
"Stack Infrastructure POR01A","3145 NE Brookwood Pkwy","Hillsboro","OR","97124","Washington",45.54944,-122.92765,"Expanding","Stack","4","Small (0-10 MW)","Unknown",4,223592.499999999,0.0947552944520776,4221.4,0.0947552944520776
"Stack Infrastructure, POR03A, 3B, 3C, 3D","~25300 NE Evergreen Rd","Hillsboro","OR","97124","Washington",45.5502,-122.941696,"Expanding","Stack","25","Hyperscale (100-999 MW)","Unknown",25,223161.499999999,0.632031348754899,3955.5,0.632031348754899
"La Pine Data Center","William Foss Rd/ Reed Rd","La Pine","OR","97739","Deschutes",43.66909,-121.4879,"Suspended","Box Miner","20","Unknown","Yes",20,256108.399999999,8.5726532361766,233.3,8.5726532361766
"Apple Prineville Data Center",NA,"Prineville","OR",NA,"Crook",44.28842,-120.876,"Operating",NA,NA,"Unknown","Unknown",0,260304.699999999,0,733.7,0
"Meta Prineville Data Center","735 SW Connect Way","Prineville","OR","97754","Crook",44.295624,-120.88721,"Operating","Meta",NA,"Hyperscale (100-999 MW)","Unknown",0,260304.699999999,0,733.7,0
"Google Dalles Data Center","4200 Columbia Road","The Dalles","OR","97058","Wasco",45.63318,-121.2,"Proposed","Google",NA,"Unknown","Unknown",0,251087.799999999,0,8547.2,0
"Aliquippa Data Center Campus","81 Franklin Avenue","Aliquippa","PA","15001","Beaver",40.630177,-80.23629,"Approved/Permitted/Under construction","Five 9s Digital","496","Hyperscale (100-999 MW)","Unknown",496,764222.600000011,3.96134494049996,12521,3.96134494049996
"Atlas Industrial Data Center","2493 N Cedar Crest Blvd","Allentown","PA","18104","Lehigh",40.643616,-75.53651,"Proposed",NA,NA,"Unknown","Yes",0,639916.20000001,0,13622.3,0
"Data Centric LLC Data Center","18000 Russell Rd","Allenwood","PA","17810","Union",41.13256,-76.9053,"Suspended",NA,NA,"Unknown","Unknown",0,674297.40000001,0,8121.1,0
"Archbald I Data Center Campuses (Project Scott)","Btwn Eynon-Jermyn Rd and Scranton-Carbondale Hwy","Archbald","PA","18403","Lackawanna",41.516857,-75.564445,"Proposed",NA,NA,"Mega campus (>1,000 MW)","Unknown",0,610532.500000008,0,7458.7,0
"Project Gravity Data Center","near Scranton-Carbondale Hwy","Archbald","PA","18403","Lackawanna",41.52497,-75.561554,"Proposed","Archbald 25 Developer LLC",NA,"Hyperscale (100-999 MW)","Yes",0,610532.500000008,0,7458.7,0
"Project Green Mountain Data Center","North of Salem Rd, east of Casey Hwy","Archbald","PA","18403","Lackawanna",41.51297,-75.52613,"Proposed",NA,NA,"Unknown","Unknown",0,609404.400000008,0,7470.9,0
"Project North","South of Gibson St","Archbald","PA","18403","Lackawanna",41.524982,-75.554184,"Proposed",NA,NA,"Unknown","Unknown",0,610508.600000008,0,7460.7,0
"Wildcat Ridge Data Center","Scranton-Carbondale Hwy corridor","Archbald","PA","18403","Lackawanna",41.50318,-75.58995,"Suspended",NA,NA,"Mega campus (>1,000 MW)","Yes",0,610916.100000008,0,7453.9,0
"Nautilus crypto mine","1375 Electron Ave","Berwick","PA","18603","Luzerne",41.08303,-76.1527,"Operating",NA,"50","Medium (11-50 MW)","Unknown",50,653377.70000001,0.45041393040204,11100.9,0.45041393040204
"QTS Salem","West of Susquehanna Nuclear Power Plant","Berwick","PA","18603","Luzerne",41.092793,-76.16732,"Proposed",NA,NA,"Hyperscale (100-999 MW)","Unknown",0,653843.70000001,0,11100.9,0
"Tierpoint Bethlehem Data Center","3864 Courtney Street, Ste 130","Bethlehem","PA","18017","Northampton",40.67062,-75.37491,"Operating","Tierpoint",NA,"Unknown","Unknown",0,636266.60000001,0,13799.1,0
"Tierpoint Lehigh Valley (LVQ) Data Center","3949 Schelden Circle","Bethlehem","PA","18107","Northampton",40.675163,-75.37803,"Operating","Tierpoint",NA,"Unknown","Unknown",0,636266.60000001,0,13684.8,0
"Switch","Unknown","Big Beaver Borough","PA",NA,"Beaver",40.826195,-80.36533,"Proposed",NA,NA,"Unknown","Unknown",0,766151.500000011,0,9465.4,0
"Switch","Unknown","Big Beaver Borough","PA",NA,"Beaver",40.826195,-80.36533,"Proposed",NA,NA,"Unknown","Unknown",0,766151.500000011,0,9465.4,0
"Blakely Data Center","Terrace Dr corridor","Blakely","PA","18447","Lackawanna",41.48713,-75.59684,"Cancelled",NA,"1500","Mega campus (>1,000 MW)","Yes",1500,616050.600000008,20.1290945933252,7451.9,20.1290945933252
"Iron Mountain (WPA-1)","1137 Branchton Rd","Boyers","PA","16020","Beaver",41.09156,-79.913376,"Operating",NA,"15.5","Medium (11-50 MW)","Unknown",15.5,749879.900000011,0.190377930898952,8141.7,0.190377930898952
"Tierpoint Allentown TekPark Data Center","9999 Hamilton Blvd","Breinigsville","PA","18031","Lehigh",40.543934,-75.64966,"Operating","Tierpoint",NA,"Unknown","Unknown",0,648370.800000009,0,14326,0
"Starpointe Industrial Park Data Center","Starpointe Blvd","Burgettstown","PA","15021","Washington",40.431973,-80.42476,"Proposed",NA,NA,"Hyperscale (100-999 MW)","Unknown",0,770630.500000011,0,11969.5,0
"PAX-1 Data Center","Country Club Rd corridor","Carlisle","PA","17015","Cumberland",40.2481,-77.1092,"Approved/Permitted/Under construction","PowerHouse Data Centers / Pennsylvania Data Center Partners","1350-1800","Mega campus (>1,000 MW)","Unknown",1350,694866.70000001,20.77338544632,6498.7,20.77338544632
"Clarks Summit Data Center","near 980 Newton Rd","Clarks Summit","PA","18411","Lackawanna",41.450073,-75.7125,"Proposed",NA,NA,"Unknown","Unknown",0,619493.600000008,0,7656.2,0
"Project Gold Data Center","along Rt 380 between Covington and Clifton","Clifton Twship","PA","18424","Lackawanna",41.24829,-75.5166,"Proposed",NA,"1500","Mega campus (>1,000 MW)","Yes",1500,623218.300000009,14.1635034842219,10590.6,14.1635034842219
"Flexential Collegeville Data Center","101 Troutman Rd","Collegeville","PA","19426","Montgomery",40.152084,-75.476875,"Operating","Flexential","7.2","Small (0-10 MW)","Unknown",7.2,649529.300000009,0.0306853051483123,23464,0.0306853051483123
"Plymouth Township Data Center","900 Conshohocken Rd","Conshohocken (Plymouth Township)","PA","19428","Montgomery",40.087204,-75.31887,"Cancelled",NA,NA,"Hyperscale (100-999 MW)","Yes",0,645327.700000009,0,18023.7,0
"Energy Capital Partners","near 1055 Pikes Peak Rd","Delta","PA","17314","York",39.75768,-76.2754,"Proposed","Calpine (Energy Capital Parners)","828","Hyperscale (100-999 MW)","Unknown",828,675618.70000001,3.26832214288252,25334.1,3.26832214288252
"MRP","Betw Amity Rd, Susquehanna Trail, and Hwy 322/22","Duncannon","PA","17020","Perry",40.432003,-77.006775,"Proposed",NA,NA,"Hyperscale (100-999 MW)","Unknown",0,690992.00000001,0,7740.6,0
"Smithfield Gateway Data Center","Mosier Farm Dr corridor, Smithfield Township","East Stroudsburg","PA","18301","Monroe",41.00482,-75.14695,"Proposed","Gateway Development",NA,"Hyperscale (100-999 MW)","Yes",0,622613.000000009,0,7796.79999999999,0
"viLogics Ebensburg","378 Industrial Park Rd","Ebensburg","PA","15931","Cambria",40.45876,-78.758766,"Operating","viLogics","3","Small (0-10 MW)","Unknown",3,738557.300000011,0.039817370991718,7534.4,0.039817370991718
"Sentinel Data Center","Swedesford Rd, east of Valley Creek Blvd","Exton","PA","19341","Chester",40.039886,-75.5847,"Proposed","Sentinel",NA,"Unknown","Unknown",0,655548.800000009,0,26281.1,0
"Archbald Data Center","Former Highway Auto Parts site","Eynon","PA","18403","Lackawanna",41.51232,-75.5583,"Proposed","PDC Realty LLC",NA,"Unknown","Yes",0,610528.500000008,0,7460.7,0
"Fairview Crossroads Data Center","I-83 & Lewisberry Rd","Fairview Township","PA","17070","York",40.206436,-76.871,"Proposed","Fairview Crossroads LLC",NA,"Unknown","Unknown",0,692541.70000001,0,11597.7,0
"Ark Pittsburgh Data Center","161 Armstrong Drive","Freeport","PA","16229","Armstrong",40.752384,-79.63733,"Operating","Ark Data Centers","1.5","Small (0-10 MW)","Unknown",1.5,748175.700000011,0.0128648249954973,11659.7,0.0128648249954973
"CloudHQ Berks 61 Hyperscale Campus","Berks 61 Industrial Park (near PA-61/I-78)","Hamburg","PA","19526","Berks",40.57368,-76.01037,"Proposed","CloudHQ",NA,"Hyperscale (100-999 MW)","Unknown",0,658930.40000001,0,18150.8,0
"Harrisburg Data Center","650 S Harrisburg St","Harrisburg","PA","17113","Dauphin",40.22755,-76.8093,"Proposed","Provident Realty (Harrisburg I, LLC)",NA,"Unknown","Unknown",0,692047.00000001,0,13607.7,0
"Project Hazelnut","Humboldt North Industrial Park, N Park Dr","Hazelton","PA","18202","Luzerne",40.9272,-76.0426,"Cancelled","NorthPoint Development",NA,"Unknown","Yes",0,650383.200000009,0,15018.1,0
"Homer City Energy Campus","1750 Power Plant Rd","Homer City","PA","15748","Indiana",40.51395,-79.1967,"Approved/Permitted/Under construction","Homer City Redevelopment (with Kiewit as contractor/partner)","4500","Mega campus (>1,000 MW)","Yes",4500,743307.400000011,52.0020800832033,8653.5,52.0020800832033
"Breaker Street Associates LLC (aka Catalyst Commercial Dev?) Data Center","off Breaker St","Jessup","PA","18434","Lackawanna",41.47588,-75.5564,"Proposed","Breaker Street Associates LLC","600","Hyperscale (100-999 MW)","Unknown",600,612625.600000008,8.04084750532706,7461.9,8.04084750532706
"Catalyst Commercial Development LLC","Sunnyside Rd and Alberigi Dr","Jessup","PA","18435","Lackawanna",41.46812,-75.5516,"Proposed",NA,NA,"Unknown","Unknown",0,612438.600000008,0,7464.8,0
"Jim Thorpe Data Center","460 Maury Rd","Jim Thorpe","PA","8229","Carbon",40.895737,-75.68105,"Proposed",NA,NA,"Unknown","Yes",0,642521.50000001,0,14263.7,0
"Bitfarm Scrubgrass","2151 Lisbon Road","Kennerdell","PA","16374","Venango",41.26942,-79.81057,"Operating",NA,"63","Large (51-99 MW)","Unknown",63,740005.400000011,1.40252454417952,4491.9,1.40252454417952
"DaSTOR (King of Prussia) Data Center","3400 Horizon Drive","King of Prussia","PA","19406","Montgomery",40.08822,-75.339264,"Operating","DaSTOR","4","Small (0-10 MW)","Unknown",4,645339.900000009,0.0222155575549557,18005.4,0.0222155575549557
"CoreWeave Lancaster 1","216 Greenfield Rd","Lancaster","PA","17601","Lancaster",40.0485,-76.2598,"Proposed","Chirisa Technology Parks and Machine Investment Group","100-300","Hyperscale (100-999 MW)","Yes",100,675848.10000001,0.518110554430104,19300.9,0.518110554430104
"CoreWeave Lancaster 2","1375 Harrisburg Pike","Lancaster","PA","17601","Lancaster",40.05947,-76.33,"Proposed","Chirisa Technology Parks and Machine Investment Group","100-300","Hyperscale (100-999 MW)","Yes",100,677386.60000001,0.545327632841811,18337.6,0.545327632841811
"Lumen: Lancaster 1 Data Center","1720 Hempstead Rd","Lancaster","PA","17601","Lancaster",40.049385,-76.25195,"Operating","Lumen",NA,"Unknown","Unknown",0,675785.70000001,0,18426.9,0
"AWS Data Center","Lofty Rd","McAdoo/ Kline Twp","PA","18237","Schuylkill",40.86813,-76.024254,"Proposed","Amazon",NA,"Hyperscale (100-999 MW)","Unknown",0,652046.400000009,0,15697.2,0
"Northern Data/ Ardent Data Center","615 McMichael Rd","McKees Rock","PA","15136","Allegheny",40.43956,-80.1421,"Operating","Northern Data","20","Medium (11-50 MW)","Unknown",20,767477.200000011,0.155586327073577,12854.6,0.155586327073577
"Mawson Midland Data Center","950 10th St","Midland","PA","15059","Beaver",40.632298,-80.45189,"Expanding","Mawson Infrastructure Group","100","Hyperscale (100-999 MW)","Unknown",100,767679.400000011,1.10083663584324,9084,1.10083663584324
"Robena Mine Data Center/ Project Hummingbird","Former Robena Mine site","Monongahela Township","PA","15338","Greene",39.83526,-79.942505,"Approved/Permitted/Under construction","Essential Utilities/ International Electric Power of Pittsburgh","910","Hyperscale (100-999 MW)","Yes",910,769901.700000011,7.72541662068205,11779.3,7.72541662068205
"Amazon Falls Township Data Center","1000 S Pennsylvania Ave","Morrisville","PA","19067","Bucks",40.15494,-74.744415,"Proposed","Amazon",NA,"Hyperscale (100-999 MW)","Unknown",0,630242.300000009,0,22944.2,0
"Dorrance Township Data Center","S Main Rd corridor","Mountain Top","PA","18707","Luzerne",41.080692,-75.95785,"Proposed","Brewster Land Company, LLC",NA,"Hyperscale (100-999 MW)","Yes",0,646712.800000009,0,14390.8,0
"Bitfarm Bitcoin Panther Creek","4 Dennison Rd","Nesquehoning","PA","18240","Carbon",40.8556,-75.8781,"Operating","BitFarms/T5","60-80","Large (51-99 MW)","Unknown",60,648069.600000009,0.342403214024836,17523.2,0.342403214024836
"Bitfarms AI","Industrial Rd","Nesquehoning","PA","18240","Carbon",40.85592,-75.87033,"Proposed","Bitfarms",NA,"Hyperscale (100-999 MW)","Unknown",0,647739.400000009,0,16398.4,0
"KRNL Data Center","Constellation Energy","New Castle Twp","PA","17931","Schuylkill",40.7742,-76.235,"Proposed",NA,NA,"Unknown","Unknown",0,666533.50000001,0,11200.9,0
"Upper Burrell Data Center/TECfusions Keystone Connect","100 Technical Ln","New Kensington (Upper Burrell)","PA","15068","Westmoreland",40.5489,-79.6466,"Expanding","TECfusions","12-3,000","Mega campus (>1,000 MW)","Yes",12,754964.500000011,0.102145915440206,11747.9,0.102145915440206
"Tierpoint Valley Forge Data Center","1000 Adams Ave","Norristown","PA","19403","Montgomery",40.1223,-75.42087,"Operating","Tierpoint",NA,"Unknown","Unknown",0,648545.300000009,0,21744.9,0
"365 Data Centers Philadelphia (Downtown) Data Center","1500 Spring Garden Street","Philadelphia","PA","19103","Philadelphia",39.962574,-75.16374,"Operating","365 Data Centers","10","Small (0-10 MW)","Unknown",10,642423.200000009,0.0568737629956549,17582.8,0.0568737629956549
"H5 Philadelphia Data Center","1500 Spring Garden St., Suite 520","Philadelphia","PA","19103","Philadelphia",39.96254,-75.16369,"Operating","H5 Data Centers",NA,"Unknown","Unknown",0,642423.200000009,0,17582.8,0
"Lumen Philadelphia 1","401 N Broad Street","Philadelphia","PA","19108","Philadelphia",39.959843,-75.160965,"Operating","Lumen",NA,"Unknown","Unknown",0,642419.800000009,0,17588.1,0
"Lumen Philadelphia 2","701 Market Street","Philadelphia","PA","19106","Philadelphia",39.951508,-75.15258,"Operating","Lumen",NA,"Unknown","Unknown",0,642419.800000009,0,17639.7,0
"Lumen Philadelphia 3","3020 Market Street","Philadelphia","PA","19104","Philadelphia",39.95495,-75.1846,"Operating","Lumen",NA,"Unknown","Unknown",0,645593.300000009,0,17601.6,0
"Lumen Philadelphia 4","2401 Locust St","Philadelphia","PA","19103","Philadelphia",39.95055,-75.18009,"Operating","Lumen",NA,"Unknown","Unknown",0,645593.300000009,0,17605,0
"Netrality Philadelphia (Downtown) Data Center","401 N Broad Street Suite 990","Philadelphia","PA","19108","Philadelphia",39.960106,-75.161545,"Operating","Netrality",NA,"Unknown","Unknown",0,642423.200000009,0,17588.1,0
"Philadelphia IBX Data Center (PH1)","401 N Broad Street, Suite 990","Philadelphia","PA","19108","Philadelphia",39.959885,-75.16155,"Operating","Equinix",NA,"Unknown","Unknown",0,642423.200000009,0,17588.1,0
"Philadelphia Vanguard Data Center","2000 Kubach Rd","Philadelphia","PA","19116","Philadelphia",40.116432,-75.00086,"Operating","The Vanguard Group",NA,"Unknown","Unknown",0,634042.300000009,0,19280.6,0
"Tierpoint Philadelphia Navy Yard Data Center","4775 League Island Blvd","Philadelphia","PA","19112","Philadelphia",39.892517,-75.166374,"Operating","Tierpoint",NA,"Unknown","Unknown",0,645716.300000009,0,16518.1,0
"365 Data Centers Philadelphia (University City) Data Center","3701 Market Street","Philadephia","PA","19104","Philadelphia",39.956966,-75.19623,"Operating","365 Data Centers",NA,"Unknown","Unknown",0,645706.300000009,0,17577.2,0
"Ascent Data","90 Beta Dr","Pittsburgh","PA","15238","Allegheny",40.49623,-79.866455,"Operating",NA,NA,"Unknown","Unknown",0,762888.800000011,0,14422.2,0
"Consolidated Communications Pittsburgh (Evergreen) Data Center","115 Evergreen Heights Dr","Pittsburgh","PA","15229","Allegheny",40.5186,-80.0152,"Operating",NA,"4","Small (0-10 MW)","Unknown",4,765794.200000011,0.0328542094455852,12175,0.0328542094455852
"DataBank Downtown Pittsburgh Campus (PIT1)","100 S Commons #126","Pittsburgh","PA","15212","Allegheny",40.451286,-80.00508,"Operating","DataBank","1.9","Small (0-10 MW)","Unknown",1.9,765701.800000011,0.0135598058806737,14012,0.0135598058806737
"DataBank Summit Park Campus (PIT2)","35 Summit Park Dr","Pittsburgh","PA","15275","Allegheny",40.45133,-80.1902,"Operating","DataBank","5","Small (0-10 MW)","Unknown",5,767881.100000011,0.0388835748003328,12858.9,0.0388835748003328
"Expedient PIT1","810 Parish St","Pittsburgh","PA","15220","Allegheny",40.42745,-80.0425,"Operating","Expedient","1.8","Small (0-10 MW)","Unknown",1.8,766538.200000011,0.0126590290524717,14219.1,0.0126590290524717
"Expedient PIT2","100 S Commons Suite 001","Pittsburgh","PA","15212","Allegheny",40.45128,-80.0056,"Operating","Expedient","4.2","Small (0-10 MW)","Unknown",4.2,765701.800000011,0.0341441207075963,12300.8,0.0341441207075963
"H5 Pittsburgh","2202 Liberty Ave","Pittsburgh","PA","15222","Allegheny",40.451946,-79.980896,"Operating","H5 Data Centers",NA,"Unknown","Unknown",0,765630.600000011,0,14012,0
"Lumen: Pittsburgh Data Center 1","143 25th Street","Pittsburgh","PA","15023","Allegheny",40.45482,-79.98007,"Operating","Lumen",NA,"Unknown","Unknown",0,765630.600000011,0,14012,0
"Lumen: Pittsurgh Data Center 2","200 Technology Drive","Pittsburgh","PA","15219","Allegheny",40.430367,-79.95969,"Operating","Lumen",NA,"Unknown","Unknown",0,765625.000000011,0,16458,0
"Pottstown Data Center","2345 New Schuylkill Rd and Sanatoga Rds","Pottstown","PA","19465","Chester",40.21353,-75.596565,"Proposed",NA,NA,"Hyperscale (100-999 MW)","Unknown",0,652143.100000009,0,24993.1,0
"Project Laurel","Sanatoga Rd, Possum Hollow Rd, Evergreen Rd","Pottstown","PA","19464","Montgomery",40.234047,-75.5769,"Proposed","MCD 7 LLC","750","Hyperscale (100-999 MW)","Yes",750,652142.100000009,3.23524083132748,23182.2,3.23524083132748
"Ransom Township Data Center","819 Newton Rd","Ransom Twp","PA","18504","Lackawanna",41.44154,-75.704315,"Suspended",NA,NA,"Unknown","Yes",0,619514.700000008,0,7656.2,0
"DaSTOR (Reading) Data Center","2561 Bernville Road","Reading","PA","19605","Berks",40.380787,-75.98114,"Operating","DaSTOR","6","Small (0-10 MW)","Unknown",6,658460.00000001,0.0291949492737756,20551.5,0.0291949492737756
"Direct LTx Cloud Data Center","2561 Bernville Rd","Reading","PA","19605","Berks",40.381546,-75.98202,"Operating","Directlink Technologies","6","Small (0-10 MW)","Unknown",6,658460.00000001,0.0291949492737756,20551.5,0.0291949492737756
"Omega Systems Reading Data Center","1121 Snyder Road","Reading","PA","19609","Berks",40.34144,-76.00547,"Operating","Omega",NA,"Unknown","Unknown",0,660516.10000001,0,21251,0
"Dickson City Development LLC s","Above Business Rte 6","Scranton/ Dickson City","PA","18508","Lackawanna",41.47686,-75.638275,"Proposed",NA,NA,"Unknown","Unknown",0,616505.600000008,0,7472.9,0
"Bitfarm Bitcoin mine",NA,"Sharon","PA","16146","Mercer",41.234673,-80.493576,"Operating",NA,"30-110","Medium (11-50 MW)","Unknown",30,758698.100000011,0.509121764955452,5892.5,0.509121764955452
"Bitfarms","201 Clark St","Sharon","PA","16146","Mercer",41.24472,-80.50655,"Operating",NA,"30","Medium (11-50 MW)","Unknown",30,758653.500000011,0.509121764955452,5892.5,0.509121764955452
"Shippingport Bruce Mansfield Data Center/Project Phoenix","1312 Church St","Shippingport","PA","15001","Beaver",40.63213,-80.4145,"Approved/Permitted/Under construction","Aligned Data Centers","3600","Mega campus (>1,000 MW)","Yes",3600,766322.700000011,35.876942088636,10034.3,35.876942088636
"South Annville Data Center","Mt Pleasant Rd","South Annville Twp","PA","17003","Lebanon",40.32545,-76.526855,"Cancelled","Inch & Company",NA,"Unknown","Yes",0,676747.20000001,0,15075.2,0
"Zediker Station Data Center","off Zediker Station Rd","South Strabane Township","PA","15330","Washington",40.17106,-80.16807,"Proposed","CNX Resources/Jones Lang LaSalle (JLL)","500-700","Hyperscale (100-999 MW)","Yes",500,768378.100000011,3.90116020504498,12816.7,3.90116020504498
"Pennhurst Data Center","1205 Commonwealth Dr","Spring City (East Vincent Township)","PA","19475","Chester",40.194553,-75.56007,"Proposed","Pennhurst Holdings LLC",NA,"Hyperscale (100-999 MW)","Yes",0,651654.900000009,0,23659.2,0
"Springdale Data Center","151 Porter St","Springdale","PA","15144","Allegheny",40.53866,-79.7906,"Proposed","Allegheny DC Property Co","180","Hyperscale (100-999 MW)","Yes",180,758279.30000001,1.24520940271456,14455.4,1.24520940271456
"Centre WISP SCDC1","2038 Sandy Dr","State College","PA","16803","Centre",40.785908,-77.90064,"Operating","Centre WISP Venture Company, LLC",NA,"Unknown","Unknown",0,706460.600000011,0,1387.1,0
"McKees Rocks Rock Point Industrial Site Data Center","Nichol Avenue","Stowe Township","PA","15136","Allegheny",40.480453,-80.06048,"Proposed","SunCap Property Group",NA,"Unknown","Unknown",0,766798.100000011,0,12168.3,0
"LBT Investment Group LLC Data Center","near 42 Tomhicken Rd","Sugarloaf","PA","18249","Luzerne",40.97039,-76.0435,"Proposed",NA,NA,"Unknown","Unknown",0,650368.900000009,0,12221.9,0
"Tarentum (Rockpointe) Data Center","400 MSA Dr","Tarentum","PA","15084","Allegheny",40.60163,-79.8196,"Operating",NA,NA,"Unknown","Unknown",0,754507.700000011,0,14122.8,0
"Upper Macungie Data Center","7300 Cetronia Road","Upper Macungie","PA","18106","Lehigh",40.55624,-75.59831,"Suspended",NA,NA,"Hyperscale (100-999 MW)","Yes",0,645624.600000009,0,14775.5,0
"Wampum Data Center","201 Penndale Road","Wampum","PA","16157","Beaver",40.851284,-80.34748,"Proposed",NA,NA,"Unknown","Yes",0,765666.600000011,0,9465.4,0
"Salem Township Amazon Data Center","off US-11","Wapwallopen","PA","18603","Luzerne",41.109283,-76.14361,"Proposed","Amazon","960","Hyperscale (100-999 MW)","Yes",960,649418.500000009,8.64444324382733,11105.4,8.64444324382733
"Montour County Amazon Data Center","18 McMicheal Rd","Washingtonville","PA","17884","Montour",41.071083,-76.67566,"Suspended","Talen Energy",NA,"Unknown","Yes",0,669537.90000001,0,8347,0
"Comcast West Chester Data Center","1354 Boot Rd","West Chester","PA","19380","Chester",39.9987,-75.5737,"Operating","Comcast",NA,"Unknown","Unknown",0,653873.500000009,0,26457.1,0
"Wyalusing Data Center","near 44170 US-6","Wyalusing","PA","18853","Bradford",41.653572,-76.23531,"Proposed","New Fortress Energy","248","Hyperscale (100-999 MW)","Yes",248,629569.00000001,2.7608318119072,8982.8,2.7608318119072
"Contegix Wyomissing Data Center","One Meridian Blvd","Wyomissing","PA","19610","Berks",40.354046,-75.98731,"Operating","Contegix","2","Small (0-10 MW)","Unknown",2,660264.60000001,0.00940574502906375,21263.6,0.00940574502906375
"Fairview Crossroads LLC Data Center","Intersection I-83 and Lewisberry Rd","York","PA","17404","York",40.00698,-76.7439,"Proposed",NA,NA,"Unknown","Unknown",0,687637.20000001,0,12950.3,0
"Terra Nexus Ventures Data Center","771 State Rd S-28-331","Camden","SC","29020","Kershaw",34.29839,-80.534,"Proposed",NA,NA,"Unknown","Unknown",0,814682.600000007,0,5330.4,0
"Cielo Digital Infrastructure","000 Ford Rd","Gaffney","SC","29340","Cherokee",35.07913,-81.5961,"Proposed",NA,"300","Hyperscale (100-999 MW)","Unknown",300,855963.100000007,2.61130695913305,11488.5,2.61130695913305
"Meta Data Center","Sage Mill Industrial Park","Graniteville","SC","29829","Aiken",33.62525,-81.83863,"Approved/Permitted/Under construction","Meta","100","Hyperscale (100-999 MW)","Unknown",100,852249.800000007,1.4008937702254,7138.3,1.4008937702254
"DC Blox","33 Global Dr","Greenville","SC","29607","Greenville",34.8071,-82.3455,"Operating",NA,NA,"Unknown","Yes",0,873739.100000007,0,11236.8,0
"Project Liberty","Industrial Park Rd","Marion","SC","29571","Marion",34.197998,-79.352036,"Proposed","Stream",NA,"Hyperscale (100-999 MW)","Yes",0,755211.700000008,0,4322.6,0
"Project Spero","389 Tyger River Industrial Dr/ Tyger River Industrial Park-North","Moore","SC","29369","Spartanburg",34.85631,-82.00952,"Cancelled","TigerDC","100-500","Hyperscale (100-999 MW)","Yes",100,863396.100000007,1.82515057492243,5479,1.82515057492243
"DC Blox: Camp Hall","114 Three Point Dr","Ridgeville","SC","29472","Berkeley",33.13228,-80.2672,"Proposed",NA,"45","Medium (11-50 MW)","Unknown",45,789021.900000006,1.04736413359711,4296.5,1.04736413359711
"York 1 Data Center","2107 Hands Mill Hwy","Rock Hill","SC","29732","York",35.03438,-81.1071,"Operating",NA,NA,"Unknown","Unknown",0,843131.600000008,0,13846.9,0
"Project Alpaca","Midway Green Industrial Park, 265 Midway Drive","Union","SC","29379","Union",34.709877,-81.664665,"Proposed","Volt Edge Energy","49","Medium (11-50 MW)","Yes",49,855390.300000007,0.512675643721816,9557.7,0.512675643721816
"Walterboro Data Center","Near Cooks Hill Rd","Walterboro","SC","29488","Colleton",32.84068,-80.60291,"Proposed","Eagle Rock Partners","1,000","Mega campus (>1,000 MW)","Yes",1000,799913.900000006,13.6535547029669,7324.1,13.6535547029669
"Sequitor Edge Data Center","South of Hwy 16","Rapid City","SD","57702","Pennington",44.03367,-103.18849,"Proposed",NA,"2","Small (0-10 MW)","Unknown",2,585045.600000001,0.819672131147541,244,0.819672131147541
"Gemini Data Center SD LLC","south of E Rice St, east of Veteran's Parkway","Sioux Falls","SD","57110","Minnehaha",43.59399,-96.64092,"Proposed",NA,"500","Hyperscale (100-999 MW)","Unknown",500,706133.900000001,22.6510827217541,2207.4,22.6510827217541
"Applied Digital Data Center","East of Toronto (Scandanavia Twp) near gas turbine tower","Toronto","SD","57268","Deuel",44.583656,-96.56283,"Suspended","Applied Digital","430","Hyperscale (100-999 MW)","Yes",430,631011.800000001,10.0723805954417,4269.1,10.0723805954417
"DC Blox","807 E 16th St","Chattanooga","TN","37408","Hamilton",35.03158,-85.2973,"Operating",NA,NA,"Unknown","Unknown",0,938986.400000006,0,9644.4,0
"Urban Story Ventures Data Center","601 Walnut St","Chattanooga","TN","37402","Hamilton",35.049557,-85.30803,"Proposed",NA,NA,"Small (0-10 MW)","Yes",0,938986.400000006,0,9644.4,0
"Cielo Digital Infrastructure",NA,"Clarksville","TN","37040","Montgomery",36.57269,-87.3423,"Proposed",NA,"350","Hyperscale (100-999 MW)","Unknown",350,971377.300000008,12.2006483773138,2868.7,12.2006483773138
"Google Clarksville Data Center","1000 Boolean Dr","Clarksville","TN","37040","Montgomery",36.62078,-87.2622,"Operating","Google",NA,"Unknown","Unknown",0,969747.000000008,0,4631.7,0
"Gallatin Data Center","One Meta Lp","Gallatin","TN","37066","Sumner",36.41011,-86.3724,"Operating","Meta",NA,"Unknown","Unknown",0,957552.100000007,0,2265.6,0
"Data center: Arnold Air Force Base (2 sites)",NA,"Manchester","TN","37355","Coffee",35.37539,-86.07293,"Proposed",NA,NA,"Unknown","Unknown",0,950271.100000006,0,2056.8,0
"Hixson Data Center","possibly Bybee Branch Rd","McMinnville","TN","37110","Warren",35.718937,-85.83887,"Proposed",NA,"25","Medium (11-50 MW)","Unknown",25,948119.900000007,6.27352572145546,398.5,6.27352572145546
"MEM1","3180 Players Lane","Memphis","TN","38125","Shelby",35.0631,-89.7861,"Operating",NA,"1.5","Small (0-10 MW)","Unknown",1.5,948134.500000005,0.0232482447575208,6452.1,0.0232482447575208
"xAI Colossus 1","3231 Riverport Rd/ Paul Lowry Rd","Memphis","TN","38109","Shelby",35.05983,-90.1562,"Operating","xAI","498","Hyperscale (100-999 MW)","Yes",498,944966.500000005,12.9778750684075,3837.3,12.9778750684075
"xAI Colossus 2","5420 Tulane Rd","Memphis","TN","38109","Shelby",34.998074,-90.03507,"Expanding","xAI","1400","Hyperscale (100-999 MW)","Yes",1400,944317.700000005,24.8826958623631,5626.4,24.8826958623631
"H5 Data Center","147 Fourth Ave","Nashville","TN","37219","Davidson",36.1628,-86.77863,"Proposed",NA,NA,"Unknown","Unknown",0,963359.100000007,0,2097.5,0
"Quantum Leap Data Center/ Fisk University",NA,"Nashville","TN","37208","Davidson",36.168316,-86.805565,"Proposed",NA,"30","Medium (11-50 MW)","Unknown",30,963542.800000007,0.65641205172527,4570.3,0.65641205172527
"Google Abernathy Data Center",NA,"Abernathy","TX","79311","Hale",33.8333,-101.85482,"Proposed","Fluidstack/TeraWulf","168-240+","Hyperscale (100-999 MW)","Unknown",168,695447.8,2.84572125482756,5903.6,2.84572125482756
"Project Caprock (LBB-01)","1498 County Road 315","Abernathy","TX","79311","Hale",33.86355,-101.85285,"Approved/Permitted/Under construction","Aligned","540","Hyperscale (100-999 MW)","Unknown",540,698039.5,9.63666214576344,5603.6,9.63666214576344
"Frontier Vantage Data Center","Intersection Hwy 351 and Hwy 604","Abilene","TX","79601","Shackelford",32.55212,-99.5651,"Approved/Permitted/Under construction",NA,"1400","Mega campus (>1,000 MW)","Unknown",1400,684729.5,23.3757993688534,5989.1,23.3757993688534
"Open AI/ SoftBank Stargate Data Center (Lancium Clean Campus)","5502 Spinks Rd","Abilene","TX","79601","Taylor",32.50204,-99.7907,"Operating","Open AI","1200","Mega campus (>1,000 MW)","Unknown",1200,681141.8,20.0645409400237,5980.7,20.0645409400237
"Helios (Galaxy Digital)","984 Co Rd 112","Afton","TX","79220","Dickens",33.77858,-100.86909,"Expanding",NA,"800","Hyperscale (100-999 MW)","Unknown",800,705110.2,35.1246926589392,2277.6,35.1246926589392
"ALLEN DATA CENTER ZX026E","800 GUARDIANS WAY","Allen","TX","75013","Collin",33.09598,-96.6816,"Operating",NA,NA,"Unknown","Unknown",0,799669.500000002,0,8502.2,0
"EXPERIAN DATA CENTER ALLEN","601 EXPERIAN PKWY","Allen","TX","75013","Collin",33.08641,-96.6802,"Operating",NA,NA,"Unknown","Unknown",0,799667.500000002,0,8503.4,0
"Fermi America HyperGrid/ Project Matador","near Pantex Plant, and Hwy 60","Amarillo","TX","79068","Carson",35.28762,-101.554,"Approved/Permitted/Under construction","Fermi America and Texas Tech","11,000-17,000","Mega campus (>1,000 MW)","Yes",11000,725459.200000001,258.440429481005,4256.3,100
"AIG DATA CENTER","2401 S OSAGE ST","AMARILLO","TX","79103","Potter",35.18739,-101.812,"Operating",NA,NA,"Unknown","Unknown",0,720734.2,0,4837.5,0
"AUSTIN DATA CENTER AUS-02","4100 SMITH SCHOOL RD","Austin","TX","78744","Travis",30.1991,-97.7134,"Operating",NA,NA,"Unknown","Unknown",0,665119.1,0,7229.2,0
"Giga Texas Datacenter","1 Tesla Rd","Austin","TX","78725","Travis",30.22492,-97.6196,"Operating",NA,NA,"Unknown","Unknown",0,670120.3,0,5698.2,0
"ORACLE-AUSTIN DATA CENTER","11400 N LAMAR BLVD","Austin","TX","78753","Travis",30.38364,-97.6863,"Operating",NA,NA,"Unknown","Unknown",0,673729.199999999,0,5768.9,0
"CleanSpark Data Center","Unknown","Austin County","TX",NA,"Austin",29.884085,-96.219376,"Proposed","CleanSpark","285","Hyperscale (100-999 MW)","Unknown",285,695457,2.45780763558905,11595.7,2.45780763558905
"EdgeConneX  AUS02","8001 Wolf Ln","Bastrop","TX","78612","Bastrop",30.141737,-97.56553,"Proposed",NA,NA,"Unknown","Unknown",0,668453.599999999,0,6622,0
"EdgeConneX potential Data Center","6682 FM 535 Cedar Creek","Bastrop","TX","78602","Bastrop",30.003628,-97.432915,"Proposed","EdgeConneX",NA,"Unknown","Unknown",0,667163.6,0,8137,0
"PowerBridge/ LandBridge s","Close to Waha Gas Hub","Between Odessa and Pecos","TX",NA,"Reeves",31.316566,-103.10906,"Proposed",NA,"2000","Mega campus (>1,000 MW)","Unknown",2000,559967.300000001,48.3898284580581,4133.1,48.3898284580581
"CleanSpark Data Center","Unknown","Brazoria County","TX",NA,"Brazoria",29.182318,-95.47511,"Proposed","CleanSpark","300-600","Hyperscale (100-999 MW)","Unknown",300,680809.1,1.24337385350569,24127.9,1.24337385350569
"Viridien Data Center","2602 Longwood Drive","Brenham","TX","77833","Washington",30.140465,-96.40983,"Proposed","Viridien","45","Medium (11-50 MW)","Yes",45,710808.5,1.23068508136196,3656.5,1.23068508136196
"Open AI/ SoftBank ""Freebird""","1899 County Rd 133","Burlington","TX","76519","Milam",31.00507,-97.0179,"Proposed",NA,"1500","Mega campus (>1,000 MW)","Unknown",1500,722088.500000001,19.2896273244001,7776.2,19.2896273244001
"Microsoft Castroville Data Center (SAT 89-90)","2995 US-90","Castroville","TX","78009","Medina",29.35138,-98.9406,"Proposed","Microsoft",NA,"Unknown","Unknown",0,545700.200000002,0,5140.2,0
"EdgeConnex","Wolf Ln and FM 535","Cedar Creek","TX","78612","Bastrop",30.14096,-97.5668,"Proposed",NA,NA,"Unknown","Unknown",0,668453.599999999,0,6622,0
"Childress Data Center (Horizon 1)","620 FM1033","Childress","TX","79201","Childress",34.383278,-100.056885,"Operating","IREN","750","Hyperscale (100-999 MW)","Unknown",750,719990.400000001,40.7166123778502,1842,40.7166123778502
"Lancium Childress","Co Rd AA","Childress","TX","79201","Childress",34.37564,-100.053,"Proposed",NA,NA,"Unknown","Unknown",0,719909.900000001,0,2025.8,0
"Goodnight Campus","10001 Lima Rd","Claude","TX","79019","Armstrong",35.018444,-101.311516,"Approved/Permitted/Under construction","Crusoe","1030","Mega campus (>1,000 MW)","Unknown",1030,723070.4,23.4213338790732,4397.7,23.4213338790732
"Project Aggie (PPM Data LLC)",NA,"College Station City","TX",NA,"Brazos",30.56981,-96.2592,"Suspended",NA,"600","Hyperscale (100-999 MW)","Unknown",600,734544.400000001,12.3527958494606,4857.2,12.3527958494606
"Fluidstack","951 Co Rd 204","Colorado City","TX","79512","Mitchell",32.396473,-100.91535,"Operating",NA,"300","Hyperscale (100-999 MW)","Unknown",300,657974.899999999,3.08093619381143,9737.3,3.08093619381143
"Hut 8 Beacon Point Data Center","near Callicoatte Rd","Corpus Christi","TX","78410","Nueces",27.844814,-97.6115,"Expanding","Hut 8","597","Hyperscale (100-999 MW)","Unknown",597,545924.100000002,10.0418832315689,5945.1,10.0418832315689
"Riot Platforms","6980 Farm to Market Rd 709","Corsicana","TX","75110","Navarro",31.963621,-96.521034,"Operating",NA,"400-1000","Mega campus (>1,000 MW)","Unknown",400,775637.300000001,3.99376971923799,10015.6,3.99376971923799
"Fort Hood data base","Fort Hood","Coryell","TX","76544","Coryell",31.155802,-97.80226,"Proposed",NA,NA,"Unknown","Unknown",0,700822.3,0,4304.5,0
"Centersquare Dallas/Fort Worth Data Center","11830 Webb Chapel Rd #200","Dallas","TX","75234","Dallas",32.91178,-96.8711,"Operating",NA,NA,"Unknown","Unknown",0,786482.500000002,0,10498.6,0
"Cologix Dallas Data Centers","1950 N Stemmons Fwy #1032","Dallas","TX","75207","Dallas",32.80122,-96.81958,"Operating",NA,NA,"Unknown","Unknown",0,788852.400000002,0,9874.30000000002,0
"Dallas Data Center","1515 Round Table Dr","Dallas","TX","75247","Dallas",32.83822,-96.8789,"Operating",NA,"12","Medium (11-50 MW)","Unknown",12,788203.800000002,0.121527601956594,9874.30000000002,0.121527601956594
"Equinix: DA12-1 and DA12-2","1550 West Mockingbird Ln","Dallas","TX","75235","Dallas",32.821037,-96.85867,"Proposed","Equinix",NA,"Hyperscale (100-999 MW)","Unknown",0,787915.900000002,0,9874.30000000002,0
"Equinix Data Center","2323 Bryan St Suite 1400","Dallas","TX","75201","Dallas",32.78737,-96.7944,"Operating",NA,NA,"Unknown","Unknown",0,789848.700000002,0,9874.30000000002,0
"Flexential Dallas - Richardson Data Center","3010 Waterview Pkwy","Dallas","TX","75252","Collin",32.99478,-96.7526,"Operating",NA,"3.75","Small (0-10 MW)","Unknown",3.75,797356.700000002,0.036375276452101,10309.2,0.036375276452101
"KYNDRYL DALLAS DATA CENTER","1000 BELLEVIEW ST","Dallas","TX","75215","Dallas",32.76849,-96.7941,"Operating",NA,NA,"Unknown","Unknown",0,789517.100000002,0,9756.30000000002,0
"Stemmons Corridor data campus","Stemmons Corridor district","Dallas","TX","75207","Dallas",32.805115,-96.83142,"Proposed","CleanArc","70-245","Hyperscale (100-999 MW)","Unknown",70,788725.900000002,0.708911011413466,9874.30000000002,0.708911011413466
"TierPoint - Dallas Data Center","3004 Irving Blvd","Dallas","TX","75247","Dallas",32.80838,-96.8576,"Operating",NA,NA,"Unknown","Unknown",0,787653.400000002,0,9874.30000000002,0
"Denton Data Center (Core Scientific)","8171 Jim Christal Rd","Denton","TX","76207","Denton",33.21948,-97.2129,"Operating",NA,"391","Hyperscale (100-999 MW)","Unknown",391,785104.000000002,4.89901267979753,7981.2,4.89901267979753
"Qumulus AI","South of Jim Cristal Rd, east of Western Blvd","Denton","TX","76207","Denton",33.20929,-97.180824,"Proposed","Qumulus AI","20","Medium (11-50 MW)","Unknown",20,785679.400000002,0.246749080859674,8105.4,0.246749080859674
"Texas Critical Data Centers",NA,"Ector County","TX",NA,"Ector",31.89517,-102.556,"Proposed",NA,"250-1,000","Mega campus (>1,000 MW)","Unknown",250,589938.799999998,4.90157634695318,5100.4,4.90157634695318
"AWS (Bitter Blue) (also ""Rockfish""?)","12807 Donop Rd","Elmendorf","TX","78112","Bexar",29.292835,-98.38842,"Proposed",NA,NA,"Unknown","Unknown",0,570947.199999998,0,8091.4,0
"Meta Project Seafox","7001 Stan Roberts Sr Ave","El Paso","TX","79934","El Paso",31.98718,-106.369095,"Proposed","Wurldwide LLC/ Meta","1000","Mega campus (>1,000 MW)","Unknown",1000,519679.700000002,46.2320850670365,2163,46.2320850670365
"CyrusOne","adjacent to Freestone Energy Center, 1366 FM488","Fairfield","TX","75840","Freestone",31.893915,-96.11786,"Proposed","CyrusOne","380","Hyperscale (100-999 MW)","Unknown",380,785616.800000002,6.71152793231954,5661.9,6.71152793231954
"Cawley Partners","near Hwy 45, between Ellis and Dallas Cos.","Ferris","TX",NA,"Ellis",32.53902,-96.6347,"Proposed",NA,NA,"Unknown","Unknown",0,784284.800000002,0,9711.90000000002,0
"Fort Bliss Data Center","Fort Bliss army base","Fort Bliss","TX","79906","El Paso",31.82617,-106.4042,"Proposed",NA,NA,"Unknown","Unknown",0,517191.400000002,0,2163,0
"Project Horizon","King Rd","Fort Stockton","TX","79735","Pecos",30.421732,-102.509315,"Proposed","Poolside","2000","Mega campus (>1,000 MW)","Unknown",2000,535577.200000002,77.9575131553303,2565.5,77.9575131553303
"Black Mountain Data Center","near 7600 Anglin Dr","Fort Worth","TX","76140","Tarrant",32.64334,-97.25621,"Proposed",NA,NA,"Hyperscale (100-999 MW)","Unknown",0,768729.300000001,0,14536.5,0
"Centersquare Dallas/Fort Worth Data Center","14901 FAA Blvd","Fort Worth","TX","76155","Tarrant",32.83233,-97.0405,"Operating",NA,NA,"Unknown","Unknown",0,780675.900000001,0,10041.7,0
"CyrusOne/Eolian Data Center","Asphalt Dr","Fort Worth","TX","76179","Tarrant",32.90195,-97.39384,"Approved/Permitted/Under construction","CyrusOne","70?","Large (51-99 MW)","Yes",70,769645.200000001,0.518453231815252,13501.7,0.518453231815252
"Edged Fort Worth Data Center","Chapin School Rd","Fort Worth","TX","76126","Tarrant",32.689224,-97.4945,"Proposed",NA,NA,"Unknown","Unknown",0,758560.300000002,0,13091.1,0
"Meta Forth Worth Data Center","4500 Like Wy","Fort Worth","TX","76177","Tarrant",32.98489,-97.262,"Operating","Meta",NA,"Unknown","Unknown",0,776198.800000001,0,11437.5,0
"QTS- Fort Worth-Dallas","14100 Park Vista Blvd","Fort Worth","TX","76177","Tarrant",32.98912,-97.2622,"Operating",NA,NA,"Unknown","Unknown",0,776198.800000001,0,11437.5,0
"NTT Global Data Centers Americas - Dallas TX1","2008 Lookout Dr","Garland","TX","75044","Dallas",32.98221,-96.6574,"Operating",NA,NA,"Unknown","Unknown",0,798479.300000002,0,10303.6,0
"Blueprint Project","1201 Westinghouse Rd","Georgetown","TX","78626","Williamson",30.584257,-97.672676,"Approved/Permitted/Under construction","Blueprint Project","35","Medium (11-50 MW)","Unknown",35,679717.9,0.498575498575499,7020,0.498575498575499
"Georgetown Data Center","201 Blue Ridge Dr","Georgetown","TX","78626","Williamson",30.60149,-97.6773,"Operating",NA,NA,"Unknown","Unknown",0,679704.4,0,7020,0
"Lone Star Project",NA,"Glasscock County","TX",NA,"Glasscock",31.788517,-101.581985,"Proposed","Pace","100","Hyperscale (100-999 MW)","Unknown",100,625608.699999998,1.64400677330791,6082.7,1.64400677330791
"MARA Bitcoin Mining Data Center","2001 Mitchell Bend Hwy","Granbury","TX","76048","Hood",32.341797,-97.731636,"Operating","Marathon Digital Holdings (MARA)",NA,"Hyperscale (100-999 MW)","Yes",0,745127.100000001,0,10118.8,0
"Eneus Energy","Near Valley International Airport","Harlingen","TX","78550","Cameron",26.226423,-97.63307,"Proposed",NA,"2,000","Mega campus (>1,000 MW)","Unknown",2000,456149.000000002,37.6953088188175,5305.7,37.6953088188175
"Project Aquilla: Abbott Holding Data Center","Along I-35 corridor, 1 miles from schools, adjacent to Lake Aquilla","Hill County","TX",NA,"Hill",31.96484,-97.123825,"Proposed","RCM Hill","1,235","Mega campus (>1,000 MW)","Yes",1235,753236.800000002,10.1617654318956,12153.4,10.1617654318956
"Provident Data Center","1000 Airport Blvd","Hillsboro","TX","76645","Hill",32.08659,-97.09979,"Proposed",NA,NA,"Unknown","Yes",0,758094.600000002,0,14206.3,0
"CyrusOne LLC - Houston West III Data Center","1003 Corporate Centre Dr","Houston","TX","77041","Harris",29.84402,-95.5609,"Operating",NA,NA,"Unknown","Unknown",0,718479.8,0,24873.5,0
"Serverfarm Data Center (CTX 1, CTX 2)","15555 Cutten Rd","Houston","TX","77070","Harris",29.996,-95.5633,"Expanding",NA,"40-100","Hyperscale (100-999 MW)","Unknown",40,725413.300000001,0.190929876229707,20950.1,0.190929876229707
"ENERGY CONTROL & DATA CENTER","16303 TOMBALL PKWY","HOUSTON","TX","77064","Harris",29.94515,-95.5388,"Operating",NA,NA,"Unknown","Unknown",0,723983.800000001,0,21273.9,0
"Nexus Data Center","Btwn Hwy 171 and County 3369","Hubbard","TX","76648","Hill",31.825197,-96.75136,"Proposed",NA,"600","Hyperscale (100-999 MW)","Unknown",600,756063.200000002,4.99600319744205,12009.6,4.99600319744205
"Iron Mountain Data Center","FM3499","Hutto","TX","78634","Williamson",30.512888,-97.489456,"Proposed",NA,NA,"Hyperscale (100-999 MW)","Unknown",0,685218.3,0,6807.3,0
"Project Hutto","County Road 119 and Limmer Loop","Hutto","TX","78634","Williamson",30.556295,-97.55823,"Cancelled",NA,"70","Large (51-99 MW)","Yes",70,685030.2,0.948856627763545,7377.3,0.948856627763545
"Project Raptor","2351 Innovation Blvd","Hutto","TX","78634","Williamson",30.54322,-97.57,"Proposed","Colovore",NA,"Unknown","Unknown",0,684627.6,0,7127.3,0
"Skybox Hutto PowerCampus Data Center","4200 County Rd 132","Hutto","TX","78634","Williamson",30.53681,-97.5178,"Approved/Permitted/Under construction",NA,NA,"Hyperscale (100-999 MW)","Yes",0,685147.4,0,6861.3,0
"Edged  (DFW01-1)","505 N Wildwood Dr","Irving","TX","75061","Dallas",32.817696,-96.91813,"Operating",NA,"24","Medium (11-50 MW)","Unknown",24,784361.700000002,0.250582081293003,9577.70000000002,0.250582081293003
"QTS-Irving","6431 Longhorn Dr","Irving","TX","75063","Dallas",32.89704,-96.9832,"Operating",NA,"147","Hyperscale (100-999 MW)","Unknown",147,784506.100000002,1.50738310090238,9752.00000000002,1.50738310090238
"Jarrell Data Center","FM 487","Jarrell","TX","76537","Williamson",30.81534,-97.6328,"Proposed","Mesones","200","Hyperscale (100-999 MW)","Yes",200,690848.7,3.14317146000314,6363,3.14317146000314
"Houston One Data Center","22000 Franz Rd","Katy","TX","77449","Harris",29.803122,-95.75579,"Operating","Element Critical","26","Medium (11-50 MW)","Unknown",26,713203.3,0.130891370231275,19863.8,0.130891370231275
"Onmine Data Center","6509 S. Fort Hood St","Killen","TX","76542","Bell",31.062225,-97.76623,"Suspended",NA,NA,"Unknown","Yes",0,696272,0,4545,0
"Lacy Lakeview Data Center","just west of Elm Mott","Lacy Lakeview","TX","76705","McLennan",31.66293,-97.110344,"Approved/Permitted/Under construction","InfraKey Capital","1000","Mega campus (>1,000 MW)","Yes",1000,745139.500000001,9.90187244407918,10099.1,9.90187244407918
"Digital Bridge Data Center","unknown location","Lancaster","TX","75146","Dallas",32.57545,-96.6995,"Proposed",NA,"550","Hyperscale (100-999 MW)","Unknown",550,783905.200000002,5.53347753911161,9939.50000000002,5.53347753911161
"PowerCampus Dallas by Lancaster Data Center Campus LP","~1000 Bear Creek Rd","Lancaster","TX","75146",NA,32.56777,-96.7739,"Operating",NA,"300","Hyperscale (100-999 MW)","Unknown",300,782806.700000002,3.07569279980315,9753.90000000002,3.07569279980315
"Project Labrador (WHL Dallas 45 LLC)","1401 Greene Rd","Lancaster","TX","75146","Dallas",32.59966,-96.7302,"Proposed",NA,NA,"Unknown","Unknown",0,784302.400000002,0,9394.80000000002,0
"Project Oranger (WHL Dallas 45 LLC)","201 Sunrise Rd","Lancaster","TX","75146","Dallas",32.57294,-96.6993,"Proposed",NA,"252","Hyperscale (100-999 MW)","Unknown",252,783692.800000002,2.53533879973841,9939.50000000002,2.53533879973841
"QTS Wilmer  (DFW2 and DC1)","1341 Sunrise Rd","Lancaster","TX","75146","Dallas",32.580692,-96.70294,"Expanding",NA,NA,"Unknown","Unknown",0,784732.000000002,0,9640.30000000002,0
"Digital Realty Data Center","2501 State Hwy 121 #400D","Lewisville","TX","75067","Denton",32.9994,-96.9996,"Operating",NA,NA,"Unknown","Unknown",0,787833.000000002,0,9853.70000000002,0
"Tract Data Centers","Caldwell Technology Park. near 2859 FM2720","Lockhart","TX","78644","Caldwell",29.91816,-97.7668,"Proposed",NA,"360-1600","Mega campus (>1,000 MW)","Unknown",360,650306.499999998,5.34870591032003,6730.6,5.34870591032003
"Texas Solarworks LLC","E Municipal Dr","Lubbock","TX","79403","Lubbock",33.62028,-101.7919,"Proposed",NA,NA,"Unknown","Unknown",0,692207.799999999,0,4380.4,0
"Data Center THM1A","Bean Rd","Lueders","TX","79533","Haskell",32.98045,-99.5673,"Proposed",NA,NA,"Unknown","Unknown",0,697538.2,0,4288.4,0
"Project LufKin: Amp Z Data Center","Near's Peoples St","Lufkin","TX","75901","Angelina",31.3579,-94.677475,"Proposed",NA,"175-1100","Mega campus (>1,000 MW)","Unknown",175,798348.700000003,9.30207835007707,1881.3,9.30207835007707
"North East Data Center LLC","TX-132 & Co Rd 683","Lytle","TX","78052","Medina",29.219524,-98.82438,"Proposed","Rowan","300","Hyperscale (100-999 MW)","Unknown",300,545137.500000002,4.65896384644055,6439.2,4.65896384644055
"Matagorda County Data Centers",NA,"Matagora County","TX",NA,"Matagorda",28.74159,-95.9322,"Proposed",NA,"20","Medium (11-50 MW)","Unknown",20,660242.499999999,0.183548544001175,10896.3,0.183548544001175
"Edged Austin","11255 Hwy 142","Maxwell","TX","78656","Caldwell",29.86609,-97.8132,"Proposed","Edged",NA,"Unknown","Unknown",0,640052.399999999,0,8719.7,0
"Prime DC AUS01 and AUS02","1395 Bob White Rd","Maxwell","TX","78657","Caldwell",29.92406,-97.7511,"Proposed","Prime DC",NA,"Unknown","Unknown",0,651416.699999999,0,6724.2,0
"1547 Data Center: MCTX1","200 S 10th St","McAllen","TX","78501","Hidalgo",26.20193,-98.2316,"Operating",NA,"1.5-5","Small (0-10 MW)","Unknown",1.5,435465.900000002,0.0240026883010897,6249.3,0.0240026883010897
"EXPERIAN DATA CENTER MCKINNEY","3400 S STONEBRIDGE DR","MCKINNEY","TX","75070","Collin",33.17172,-96.7252,"Operating",NA,NA,"Unknown","Unknown",0,798492.900000002,0,8521,0
"SAT 93 and SAT94","County Rd 381","Medina/ Castroville","TX","78253","Medina",29.424786,-98.81255,"Proposed","Microsoft",NA,"Unknown","Unknown",0,558885.599999999,0,6063,0
"Project Pumpkin 2A","8830 Co. Rd 21","Miami","TX","79059","Roberts",35.691273,-100.6382,"Proposed","Google",NA,"Unknown","Unknown",0,728157.3,0,2188.7,0
"FO Permian Partners and HiVolt Energy Data Center","30 minutes SE of Midland","Midland County","TX",NA,"Midland",31.76912,-101.898,"Proposed",NA,NA,"Unknown","Unknown",0,610071.699999998,0,7108.1,0
"AREP PowerHouse Grand Prairie","881 Miller Rd","Midlothian","TX","76065","Ellis",32.47629,-97.0691,"Approved/Permitted/Under construction","PowerHouse Data Centers","1800","Mega campus (>1,000 MW)","Unknown",1800,770057.800000001,12.9390284227324,13911.4,12.9390284227324
"Project Sharka: Google Data Center","3441 Railport Parkway","Midlothian","TX","76065","Ellis",32.444714,-97.05485,"Approved/Permitted/Under construction",NA,NA,"Unknown","Unknown",0,772657.600000001,0,14388.6,0
"Sharka Data Center (Google)","Railport Parkway","Midlothian","TX","76065","Ellis",32.44324,-97.0605,"Proposed","Google",NA,"Unknown","Unknown",0,769616.800000001,0,14388.6,0
"MIlan County Data Center",NA,"Milam County","TX",NA,"Milam",30.99355,-97.0035,"Proposed","Google",NA,"Unknown","Unknown",0,722118.700000001,0,7760.8,0
"Cielo Digital Infrastructure",NA,"Mustang Ridge","TX","78616","Travis",30.05179,-97.6772,"Proposed",NA,"500","Hyperscale (100-999 MW)","Unknown",500,659173.4,7.28693016206133,6861.6,7.28693016206133
"Project Gladys (Soluna)",NA,"near Bishop?","TX",NA,"Nueces",27.58049,-97.6401,"Approved/Permitted/Under construction",NA,"150","Hyperscale (100-999 MW)","Unknown",150,528447.500000002,2.38469976629942,6290.1,2.38469976629942
"Project Fei (Soluna)",NA,"near Childress","TX","79201","Childress",34.37431,-100.094,"Approved/Permitted/Under construction",NA,"100","Hyperscale (100-999 MW)","Unknown",100,719230.300000001,5.42888165038002,1842,5.42888165038002
"Project Hedy (Soluna)",NA,"near Lyford","TX",NA,"Willacy",26.32319,-97.585,"Approved/Permitted/Under construction",NA,"120","Hyperscale (100-999 MW)","Unknown",120,460158.800000002,2.28332223385025,5255.5,2.28332223385025
"Project Ellen (Soluna)",NA,"near Rio Hondo","TX","78583","Cameron",26.2517,-97.4894,"Approved/Permitted/Under construction",NA,"100","Hyperscale (100-999 MW)","Unknown",100,462967.400000002,2.19683655536028,4552,2.19683655536028
"Project Rosa (Soluna)",NA,"near Santa Rosa","TX","78593","Cameron",26.2419,-97.8223,"Approved/Permitted/Under construction",NA,"187","Hyperscale (100-999 MW)","Unknown",187,451606.000000002,3.1608661111205,5916.1,3.1608661111205
"CloudBurst Data Center","2955 Francis Harris Ln","New Braunfels","TX","78130","Hays",29.76201,-97.9909,"Proposed",NA,"1200","Mega campus (>1,000 MW)","Unknown",1200,628359.199999998,13.5243268829808,8872.9,13.5243268829808
"APR Energy Data Center","Unknown location","Pampa","TX","79065","Gray",35.54431,-101.004,"Proposed",NA,NA,"Unknown","Unknown",0,730061.800000001,0,3939.7,0
"Project Annie (Soluna)","near 4210 Old Bonham Rd","Paris","TX","75460","Lamar",33.65263,-95.6048,"Approved/Permitted/Under construction",NA,"75","Large (51-99 MW)","Unknown",75,839801.800000003,1.77506390230048,4225.2,1.77506390230048
"Core Scientific","1851 Farm to Market 2119","Pecos","TX","79772","Reeves",31.533497,-103.80071,"Proposed","Core Scientific","300","Mega campus (>1,000 MW)","Unknown",300,551658.900000002,13.7362637362637,2184,13.7362637362637
"GW Ranch (Pacifico Energy)",NA,"Pecos County","TX",NA,"Pecos",31.147247,-102.89146,"Proposed",NA,"5,000","Mega campus (>1,000 MW)","Unknown",5000,554191.900000002,83.0192438607269,6022.7,83.0192438607269
"Skybox - Austin 2","2515 S Kenney Fort Blvd","Pflugerville","TX","78660","Travis",30.48241,-97.6246,"Approved/Permitted/Under construction",NA,NA,"Unknown","Unknown",0,677901.1,0,6741.1,0
"Cloverleaf Data Center: Project Open Sky","Btwn Azalea Road NW, Richland Road NW, and Moffat Road NW","Piedmont","TX","73078","Canadian",35.72121,-97.787,"Proposed","Cloverleaf",NA,"Unknown","Unknown",0,801569.900000002,0,5512.2,0
"Aligned DFW1 and DFW2","2800 Summit Ave","Plano","TX","75074","Collin",33.00918,-96.6745,"Proposed",NA,"36+","Medium (11-50 MW)","Unknown",36,799322.300000002,0.34935175840385,10304.8,0.34935175840385
"CoreWeave Plano","1000 Coit Rd","Plano","TX","75075","Collin",33.01469,-96.7651,"Operating",NA,"30","Medium (11-50 MW)","Unknown",30,796093.200000002,0.285994833026683,10489.7,0.285994833026683
"DataBank Data Centers - Legacy Park Plano","8375 Dominion Pkwy","Plano","TX","75024","Collin",33.08736,-96.8139,"Operating",NA,NA,"Unknown","Unknown",0,792915.200000002,0,10130.2,0
"DFW-04 Data Center","401 North Star Rd","Plano","TX","75074","Collin",33.00439,-96.6502,"Operating",NA,NA,"Unknown","Unknown",0,799233.800000002,0,10303.6,0
"Equinix DA7 Data Center","6653 Pinecrest Dr","Plano","TX","75024","Collin",33.06499,-96.8109,"Operating",NA,NA,"Unknown","Unknown",0,792907.200000002,0,10130.2,0
"Evocative DAL6","1221 Coit Rd","Plano","TX","75076","Collin",33.01578,-96.7688,"Operating",NA,"12","Medium (11-50 MW)","Unknown",12,796088.200000002,0.114397933210673,10489.7,0.114397933210673
"Skybox Atlantic Station","2300 W Plano Pkwy","Plano","TX","75075","Collin",33.00508,-96.7421,"Operating",NA,"100","Hyperscale (100-999 MW)","Unknown",100,797708.800000002,0.970308558121481,10306,0.970308558121481
"Pyote Data Center","Near intersection of I-20 and FM 1927","Pyote","TX","79777","Ward",31.52544,-103.117,"Operating",NA,"300","Hyperscale (100-999 MW)","Unknown",300,567793.899999998,9.66463709287716,3104.1,9.66463709287716
"Core Scientific","Signal Rd","Quinlan","TX","75474","Hunt",32.988132,-96.08421,"Proposed",NA,"285","Hyperscale (100-999 MW)","Unknown",285,810987.000000003,5.71474403962223,4987.1,5.71474403962223
"Databank: DFW11 and DFW12","Stainback Rd","Red Oak","TX","75154","Ellis",32.53531,-96.7339,"Proposed",NA,"480","Hyperscale (100-999 MW)","Unknown",480,783305.800000002,4.85957843157105,9877.40000000002,4.85957843157105
"Google Data Center","330 Austin Blvd","Red Oak","TX","75154","Ellis",32.53763,-96.7968,"Proposed","Google",NA,"Unknown","Unknown",0,782730.800000002,0,9949.40000000002,0
"Red Oak Data Center 2","156 N. Austin Blvd","Red Oak","TX","75154","Ellis",32.53665,-96.79767,"Operating","Google",NA,"Unknown","Unknown",0,782784.800000002,0,9949.40000000002,0
"Red Oak Data Center Campus","481 Austin Blvd","Red Oak","TX","75154","Ellis",32.54188,-96.7998,"Approved/Permitted/Under construction",NA,"350","Hyperscale (100-999 MW)","Unknown",350,782787.000000002,3.51691636772877,9951.90000000002,3.51691636772877
"1210 Integrity Drive (DFW18)","1210 Integrity Dr","Richardson","TX","75081","Dallas",32.96639,-96.7138,"Proposed",NA,"100","Hyperscale (100-999 MW)","Unknown",100,796863.000000002,0.970308558121481,10306,0.970308558121481
"1232 Alma Road Data Center","1232 Alma Road","Richardson","TX","75081","Dallas",32.96619,-96.7159,"Operating",NA,"6.7","Small (0-10 MW)","Unknown",6.7,796863.000000002,0.0650106733941392,10306,0.0650106733941392
"365 Data Centers - Richardson","1001 East Campbell Rd","Richardson","TX","75081","Dallas",32.97615,-96.7073,"Operating",NA,"6.2","Small (0-10 MW)","Unknown",6.2,796931.000000002,0.0601591306035318,10306,0.0601591306035318
"850 E. Collins Boulevard (DFW28)","850 E. Collins Boulevard","Richardson","TX","75081","Dallas",32.96746,-96.7132,"Operating",NA,"6.8","Small (0-10 MW)","Unknown",6.8,796863.000000002,0.0659809819522607,10306,0.0659809819522607
"Richardson Data Center","1501 E Lookout Dr","Richardson","TX","75082","Dallas",32.98529,-96.6969,"Operating",NA,"24","Medium (11-50 MW)","Unknown",24,797012.500000002,0.232874053949155,10306,0.232874053949155
"CORNERSTONE SOUTHWEST DATA CENTER","931 LITSEY RD","ROANOKE","TX","76262","Denton",33.00576,-97.2459,"Operating",NA,NA,"Unknown","Unknown",0,776198.300000001,0,11447.4,0
"Beacon Point Data Center","Nueces County (near Robstown)","Robstown","TX","78380","Nueces",27.7903,-97.67,"Proposed","Hut 8","352","Hyperscale (100-999 MW)","Unknown",352,542457.300000002,5.91099916036944,5955,5.91099916036944
"Advanced Micro Devices Data Center","2721 Charles Martin Hall Rd","Rockdale","TX","76567","Milam",30.56359,-97.08498,"Expanding","Riot","25-200","Hyperscale (100-999 MW)","Unknown",25,705743.7,0.281173731625297,8891.3,0.281173731625297
"Sabey Data Center","1300 Louis Henna Blvd","Round Rock","TX","78664","Williamson",30.48796,-97.6468,"Operating",NA,NA,"Unknown","Unknown",0,677293.2,0,6620,0
"Skybox Round Rock Data Center","2601 E. Old Settlers Boulevard","Round Rock","TX","78665","Williamson",30.5489,-97.6441,"Approved/Permitted/Under construction","Skybox Datacenters","40","Medium (11-50 MW)","Yes",40,681305,0.56980056980057,7020,0.56980056980057
"Skybox Data Center","South of US-67, west of City Farm Rd","San Angelo","TX","76905","Tom Green",31.52764,-100.33235,"Proposed",NA,NA,"Hyperscale (100-999 MW)","Unknown",0,639420.899999999,0,5016.1,0
"AWS  (COPT Potranco)","1535 NW Crossroads","San Antonio","TX","78251","Bexar",29.450628,-98.637535,"Proposed",NA,NA,"Unknown","Unknown",0,576168.099999997,0,7448,0
"AWS Rockfish 1","11625 Old Corpus Christi Hwy","San Antonio","TX","78223","Bexar",29.3019,-98.3888,"Approved/Permitted/Under construction",NA,NA,"Unknown","Unknown",0,571728.899999997,0,7641.4,0
"AWS Rockfish 2","7400 Potranco Road","San Antonio","TX","78251","Bexar",29.45094,-98.6388,"Approved/Permitted/Under construction",NA,NA,"Unknown","Unknown",0,576168.099999997,0,7448,0
"AWS Rockfish 3","TX-211 & Potranco Road","San Antonio","TX","78245","Bexar",29.42085,-98.7818,"Approved/Permitted/Under construction",NA,NA,"Unknown","Unknown",0,561833.999999998,0,5864.4,0
"Chevron Data Center","5200 Rogers Rd","San Antonio","TX","78251","Bexar",29.48045,-98.6963,"Operating",NA,NA,"Unknown","Unknown",0,572668.599999998,0,7448,0
"CITICORP DATA SYSTEMS","100 CITIBANK DR","San Antonio","TX","78245","Bexar",29.41341,-98.7773,"Operating",NA,NA,"Unknown","Unknown",0,561833.999999998,0,5864.4,0
"CyrusOne Data Center","9999 Westover Hills Blvd","San Antonio","TX","78251","Bexar",29.46616,-98.6885,"Operating",NA,NA,"Unknown","Unknown",0,572467.599999998,0,7578,0
"H5 Data Center","100 Taylor St","San Antonio","TX","78205","Bexar",29.42938,-98.4868,"Operating",NA,NA,"Unknown","Unknown",0,577401.599999997,0,7437.4,0
"LOWES DATA CENTER","10045 ROGERS RUN","San Antonio","TX","78251","Bexar",29.47334,-98.69,"Operating",NA,NA,"Unknown","Unknown",0,572724.599999998,0,7448,0
"Microsoft Data Center","~3543 W Loop 1604 N Acc Rd","San Antonio","TX","78253","Bexar",29.46696,-98.7134,"Proposed","Microsoft",NA,"Unknown","Unknown",0,571279.799999998,0,7578,0
"Microsoft Data Center: SAT14","3545 Wiseman Blvd","San Antonio","TX","78251","Bexar",29.47118,-98.6785,"Proposed","Microsoft",NA,"Unknown","Unknown",0,572806.799999998,0,7448,0
"Microsoft Data Center: SAT15","3555 Westover Link","San Antonio","TX","78251","Bexar",29.46977,-98.7015,"Proposed","Microsoft",NA,"Unknown","Unknown",0,572658.899999998,0,7578,0
"Microsoft Data Center: SAT46","15000 Lambda Drive","San Antonio","TX","78245","Bexar",29.41427,-98.8029,"Operating","Microsoft",NA,"Unknown","Unknown",0,560858.099999998,0,6063,0
"MICROSOFT SAN ANTONIO DATA CENTER",NA,"San Antonio","TX","78251","Bexar",29.47843,-98.693,"Operating","Microsoft",NA,"Unknown","Unknown",0,572729.799999998,0,7448,0
"MICROSOFT SAN ANTONIO DATA CENTER","5150 ROGERS RD","San Antonio","TX","78251","Bexar",29.47843,-98.693,"Operating","Microsoft",NA,"Unknown","Unknown",0,572729.799999998,0,7448,0
"NSA Texas Cryptology Center","Sony Pl","San Antonio","TX","78251","Bexar",29.44724,-98.6421,"Approved/Permitted/Under construction",NA,NA,"Unknown","Unknown",0,575083.099999998,0,7448,0
"QTS San Antonio","8535 Potranco Rd","San Antonio","TX","78251","Bexar",29.44862,-98.6509,"Operating",NA,NA,"Unknown","Unknown",0,575171.999999997,0,7448,0
"SAT 80-82 Data Center Campus","8844 FM1957 (Potranco Rd)","San Antonio","TX","78253","Medina",29.43363,-98.8263,"Proposed","Microsoft",NA,"Unknown","Unknown",0,559020.499999999,0,6060.6,0
"Stream Data Center","9550 Westover Hills Blvd, San Antonio, TX","San Antonio","TX","78251","Bexar",29.47177,-98.6716,"Operating",NA,NA,"Unknown","Unknown",0,574258.299999997,0,7448,0
"TX11: Vantage Data Center","14720 Omicron Drive","San Antonio","TX","78245","Bexar",29.4181,-98.7897,"Proposed",NA,"32","Medium (11-50 MW)","Unknown",32,561835.099999998,0.546121682737435,5859.5,0.546121682737435
"TX12: Vantage Data Center","17420 Omicron Drive","San Antonio","TX","78245","Medina",29.42026,-98.8087,"Proposed",NA,"96","Large (51-99 MW)","Unknown",96,560859.599999998,1.58337456704602,6063,1.58337456704602
"TX21: Vantage Data Center","Intersection Hwy 151 and Wiseman Blvd","San Antonio","TX","78251","Bexar",29.47603,-98.6976,"Proposed",NA,NA,"Unknown","Unknown",0,572663.399999998,0,7448,0
"TX22: Vantage Data Center","5207 Rogers Rd","San Antonio","TX","78251","Bexar",29.479109,-98.697105,"Proposed",NA,NA,"Unknown","Unknown",0,572668.599999998,0,7448,0
"CloudBurst","~1200 Francis Harris Ln","San Marcos","TX","78666","Guadalupe",29.766788,-97.98101,"Proposed","CloudBurst",NA,"Hyperscale (100-999 MW)","Unknown",0,628590.599999998,0,9479.9,0
"Highlander SM One LLC","904 Francis Harris Ln","San Marcos","TX","78666","Guadalupe",29.79031,-97.9952,"Suspended",NA,NA,"Unknown","Unknown",0,628499.999999998,0,10089.9,0
"Project Kati 1 and 2 (Soluna)","near 5785 FM 1420","Santa Monica","TX","78965","Willacy",26.37778,-97.5874,"Approved/Permitted/Under construction",NA,"166","Hyperscale (100-999 MW)","Unknown",166,462865.100000002,3.15859575682618,5255.5,3.15859575682618
"Project Dorothy 1A and 1B (Soluna)","9985 Co Rd F","Silverton","TX","79257","Briscoe",34.39186,-101.315926,"Operating",NA,"50","Medium (11-50 MW)","Unknown",50,712897.2,1.30866071662261,3820.7,1.30866071662261
"Project Dorothy 2 (Soluna)","9981 Co Rd F","Silverton","TX","79258","Briscoe",34.39169,-101.314964,"Approved/Permitted/Under construction",NA,"48","Medium (11-50 MW)","Unknown",48,712897.2,1.2563142879577,3820.7,1.2563142879577
"Oppidan Data Center","9879 N Loop Dr","Socorro","TX","79927","El Paso",31.67769,-106.289,"Proposed",NA,"5","Small (0-10 MW)","Unknown",5,514310.900000002,0.233111100750618,2144.9,0.233111100750618
"Sugar Land Data Center","8306 Hwy 90 Alt","Sugar Land","TX","77478","Fort Bend",29.62003,-95.6306,"Operating",NA,NA,"Unknown","Unknown",0,703302.9,0,25533.4,0
"MSB Global Services Matrix Data Center",NA,"Sulphur Springs","TX","75482","Hopkins",33.08515,-95.546,"Proposed",NA,"3000","Mega campus (>1,000 MW)","Unknown",3000,824110.800000003,58.2943085323436,5146.3,58.2943085323436
"Sweetwater 1 and 2","Fisher County","Sweetwater","TX",NA,"Fisher",32.533386,-100.409615,"Proposed","IREN","2000","Mega campus (>1,000 MW)","Unknown",2000,669184.9,27.6770640170491,7226.2,27.6770640170491
"Blueprint Projects","1601 Martin Luther King Jr. Dr","Taylor","TX","76574","Williamson",30.56745,-97.38766,"Approved/Permitted/Under construction","Blueprint Project","30","Large (51-99 MW)","Yes",30,694855.4,0.443282060375017,6767.7,0.443282060375017
"Project Comal","1051 County Road 401","Taylor","TX","76574","Williamson",30.546633,-97.4439,"Approved/Permitted/Under construction",NA,"360","Hyperscale (100-999 MW)","Unknown",360,688240.1,5.28844035079988,6807.3,5.28844035079988
"Meta Data Center","3103 Industrial Blvd","Temple","TX","76504","Bell",31.13252,-97.3644,"Approved/Permitted/Under construction","Meta","152","Hyperscale (100-999 MW)","Unknown",152,718864.2,2.48183525185729,6124.5,2.48183525185729
"Polmer Data Center","~3800 Industrial Blvd","Temple","TX","76502","Bell",31.13391,-97.3723,"Approved/Permitted/Under construction",NA,NA,"Unknown","Unknown",0,718953.7,0,6887.5,0
"Rowan Digital Infrastructure Data Center","2810 Bob White Rd","Temple","TX","76501","Bell",31.05745,-97.2979,"Approved/Permitted/Under construction",NA,"300","Hyperscale (100-999 MW)","Unknown",300,717716.2,3.81528913532831,7863.1,3.81528913532831
"Rowan Digital Infrastructure Data Center","~1601 Bob White Rd","Temple","TX","76501","Bell",31.06445,-97.2875,"Approved/Permitted/Under construction",NA,"300","Hyperscale (100-999 MW)","Yes",300,717726.9,3.81528913532831,7863.1,3.81528913532831
"Texarkana Data center","507 Olive St","Texarkana","TX","75501","Bowie",33.4248,-94.044,"Operating",NA,NA,"Unknown","Unknown",0,858871.900000004,0,2092.8,0
"Huge Data Center development",NA,"Texas panhandle, location unknown","TX",NA,"Carson",35.48043,-101.622,"Proposed",NA,NA,"Unknown","Unknown",0,727215.000000001,0,4113.3,0
"PowerHouse Data Centers","Caldwell Valley Technology Park, Farm to Market Road 2720","Uhland","TX","78640","Caldwell",29.919367,-97.772064,"Proposed",NA,NA,"Hyperscale (100-999 MW)","Unknown",0,650283.999999998,0,6730.6,0
"Black Mountain Power Data Center","Watson Rd","Van Ormy/ San Antonio","TX","78073","Bexar",29.270124,-98.57086,"Proposed","Black Mountain Power",NA,"Unknown","Unknown",0,568905.799999998,0,7969,0
"Midlothian 1 Data Center","Farm-to-Market 157","Venus","TX","76084","Ellis",32.4049,-97.0522,"Proposed",NA,NA,"Unknown","Unknown",0,772000.600000001,0,15037.3,0
"Midlothian 2 Data Center","Farm-to-Market 157","Venus","TX","76084","Ellis",32.3897,-97.05,"Proposed",NA,NA,"Unknown","Unknown",0,771645.900000001,0,15107.5,0
"Midlothian 3 Data Center","Farm-to-Market 157","Venus","TX","76084","Ellis",32.3862,-97.064,"Proposed",NA,NA,"Unknown","Unknown",0,771543.600000001,0,15107.5,0
"Midlothian 4 Data Center","Farm-to-Market 157","Venus","TX","76084","Ellis",32.3862,-97.064,"Proposed",NA,NA,"Unknown","Unknown",0,771543.600000001,0,15107.5,0
"Midlothian 5 Data Center","Farm-to-Market 157","Venus","TX","76084","Ellis",32.3757,-97.0817,"Proposed",NA,NA,"Unknown","Unknown",0,767818.900000001,0,15262.6,0
"Midlothian 6 Data Center","Farm-to-Market 157","Venus","TX","76084","Johnson",32.3797,-97.0997,"Proposed",NA,NA,"Unknown","Unknown",0,763566.400000001,0,15262.6,0
"Venus Data Center","900 E County Rd 109","Venus","TX","76084","Ellis",32.43176,-97.0869,"Proposed",NA,NA,"Unknown","Unknown",0,768954.700000001,0,14388.6,0
"Rowdy Data Center",NA,"Vernon","TX","76384","Wilbarger",34.08236,-99.1772,"Operating",NA,"60-400","Hyperscale (100-999 MW)","Unknown",60,726102.900000001,1.74641983932938,3435.6,1.74641983932938
"Crusoe/ Blue Energy Data Center","Port of Victoria","Victoria","TX","77905","Victoria",28.689142,-96.96172,"Proposed","Crusoe","1500","Mega campus (>1,000 MW)","Unknown",1500,612422.499999998,36.8134295390959,4074.6,36.8134295390959
"CyrusOne: DFW10","adjacent to Thad Hill Energy Center","Whitney","TX","76692","Bosque",31.860664,-97.35856,"Approved/Permitted/Under construction","CyrusOne","400","Hyperscale (100-999 MW)","Unknown",400,743775.300000001,3.4682782599648,11533.1,3.4682782599648
"DFW-10 Data Center","adjacent to Thad Hill Energy Center","Whitney","TX","76692","Bosque",31.85679,-97.3625,"Proposed",NA,"190","Hyperscale (100-999 MW)","Unknown",190,743766.100000001,1.64743217348328,11533.1,1.64743217348328
"Willis Data Center (Comcast)","606 TX-75","Willis","TX","77378","Montgomery",30.43083,-95.4817,"Proposed",NA,NA,"Unknown","Unknown",0,738746.400000002,0,6310.2,0
"Antelope Data Center","West Antelope Springs Rd","Cedar City","UT","84721","Iron",37.795376,-113.37061,"Proposed",NA,"1500","Mega campus (>1,000 MW)","Yes",1500,411553.900000001,147.478124078262,1017.1,100
"BluSky AI","near Intermountain Power Plant","Delta","UT","84624","Millard",39.50757,-112.601,"Proposed",NA,"50","Medium (11-50 MW)","Unknown",50,434695.9,1.97980597901406,2525.5,1.97980597901406
"Fibernet MercuryDelta Campus/Delta Gigasite","Hwy 50","Delta","UT","84624","Millard",39.28873,-112.465,"Proposed","Fibernet MercuryDelta","2,000-10,000","Mega campus (>1,000 MW)","Unknown",2000,439968.700000001,76.6959389500326,2607.7,76.6959389500326
"Joule Capital Partners, LLC Data Center","11000 McCornick Rd","Delta","UT","84624","Millard",39.19891,-112.36232,"Proposed",NA,NA,"Unknown","Unknown",0,441799.700000001,0,2552.7,0
"Dugway Proving Ground Data Center","near Starks Rd","Dugway","UT","84022","Tooele",40.218567,-112.74486,"Proposed",NA,NA,"Unknown","Unknown",0,429113,0,2223.3,0
"Joule Power AI Data Center Campus","11000 N McCornick Road","Millard County","UT","84624","Millard",39.199276,-112.37303,"Proposed","Joule Power","455-12,000","Mega campus (>1,000 MW)","Yes",455,441527.800000001,17.8242645042504,2552.7,17.8242645042504
"Provo Data Center","1507 S 180 E","Provo","UT","84606","Utah",40.214104,-111.65521,"Suspended",NA,"5","Medium (11-50 MW)","Unknown",5,458340.500000001,0.183197156780127,2729.3,0.183197156780127
"Summit Ridge Data Center","15372 S. Ridge Farms Rd","Santaquin","UT","84655","Utah",39.946636,-111.80722,"Proposed","Data Center Power Company","20","Medium (11-50 MW)","Unknown",20,456053.800000001,0.970968055150985,2059.8,0.970968055150985
"Stratos Project, eastern parcels","Hansel Valley Rd","Snowville","UT","84336","Box Elder",41.786148,-112.64388,"Approved/Permitted/Under construction",NA,"9000","Mega campus (>1,000 MW)","Yes",9000,420442.5,3911.34289439374,230.1,100
"Stratos Project, western parcels","Locomotive Springs Rd","Snowville","UT","84336","Box Elder",41.784256,-112.898346,"Approved/Permitted/Under construction",NA,NA,"Mega campus (>1,000 MW)","Yes",0,412647,0,203.1,0
"SLC Data Center Campus, SLC-01, 02, 03","3333 9000 S","West Jordan","UT","84088","Salt Lake",40.58617,-111.97,"Expanding",NA,"200","Hyperscale (100-999 MW)","Unknown",200,445921.9,8.585533376261,2329.5,8.585533376261
"Bull Church Data Center","Bull Church Road, east of I-95 near the Ladysmith interchange",NA,"VA","22546","Caroline",38.009125,-77.49331,"Proposed",NA,NA,"Unknown","Unknown",0,716934.10000001,0,10350,0
"Green Energy Ventures Data Center","Graves Corner Northwest of the intersection of Bloomsbury Road and Kings HWY",NA,"VA","22485","King George",38.256557,-77.29122,"Proposed",NA,NA,"Unknown","Unknown",0,709923.00000001,0,12308.7,0
"Ladysmith Technology Park","Ladysmith Road, northwest of I-95 & Ladysmith Road Intersection",NA,"VA","22546","Caroline",38.0269,-77.50431,"Proposed",NA,NA,"Unknown","Unknown",0,716949.00000001,0,10289.1,0
"24244 QUAIL RIDGE LN","24244 QUAIL RIDGE LN","Aldie","VA","20105","Loudoun",38.94905,-77.56043,"Operating","Amazon",NA,"Unknown","Unknown",0,721688.400000011,0,7492.6,0
"Allegro North Campus","41567 BRIARFIELD LN","ALDIE","VA","20105","Loudoun",38.95632,-77.54516,"Proposed",NA,NA,"Unknown","Unknown",0,721619.900000011,0,6994.1,0
"ALLEGRO SOUTH CAMPUS","24171 YOUNGWOOD LN","ALDIE","VA","20105","Loudoun",38.949844,-77.54914,"Operating","YONDR JK 2 LLC",NA,"Unknown","Unknown",0,721619.900000011,0,6992.6,0
"Plaza 500","6295 Edsall Rd","Alexandria","VA","22312","Fairfax",38.802273,-77.142525,"Proposed",NA,NA,"Unknown","Unknown",0,706707.50000001,0,11100.3,0
"Avaio Digital Partners","1296 CONFEDERATE BLVD","Appomattox","VA","24522","Appomattox",37.355537,-78.82243,"Proposed","Avaio Digital","300","Hyperscale (100-999 MW)","Unknown",300,752926.00000001,7.05782713028749,4250.6,7.05782713028749
"19508 Freedom Trail Road","19508 Freedom Trail Road","Ashburn","VA","20147","Loudoun",39.076466,-77.49912,"Proposed","JK Land Holdings",NA,"Unknown","Unknown",0,719383.900000011,0,6999.8,0
"21310 BEAUMEADE CIR","21310 BEAUMEADE CIR","Ashburn","VA","20147","Loudoun",39.01585,-77.45341,"Operating","BEAUMEADE DC BUILDING LLC",NA,"Unknown","Unknown",0,716773.20000001,0,7031.6,0
"21455 Beaumeade Circle","Corner of Beaumeade Circle and Waxpool Rd","Ashburn","VA","20147","Loudoun",39.011536,-77.452644,"Proposed","Equinix",NA,"Unknown","Unknown",0,716772.20000001,0,7033.1,0
"21673 BEAUMEADE CIRCLE LLC","21673 BEAUMEADE CIRCLE","Ashburn","VA","20147","Loudoun",39.019413,-77.45795,"Expanding","Cologix",NA,"Unknown","Unknown",0,716774.90000001,0,7030.9,0
"21745 BEAUMEADE CIR","21745 BEAUMEADE CIR","Ashburn","VA","20147","Loudoun",39.018513,-77.4589,"Operating","21673 BEAUMEADE CIRCLE LLC",NA,"Unknown","Unknown",0,716775.90000001,0,7030.9,0
"21821 UUNET DR","21821 UUNET DR","Ashburn","VA","20147","Loudoun",39.010254,-77.474976,"Operating","Aligned Data Centers",NA,"Unknown","Unknown",0,719359.90000001,0,7011.3,0
"43831 DEVIN SHAFRON DR","43831 DEVIN SHAFRON DR","Ashburn","VA","20147","Loudoun",39.002693,-77.485344,"Operating","Digital Realty",NA,"Unknown","Unknown",0,719370.50000001,0,7011.3,0
"44470 Chilum Place","44470 CHILUM PL","Ashburn","VA","20147","Loudoun",39.02221,-77.46144,"Operating","Equinix",NA,"Unknown","Unknown",0,716979.10000001,0,7030.9,0
"44490 CHILUM PL","44490 CHILUM PL","Ashburn","VA","20147","Loudoun",39.02134,-77.4583,"Operating","BLUE SLING ACC 2 LLC",NA,"Unknown","Unknown",0,716775.90000001,0,7030.9,0
"44520 HASTINGS DR","44520 HASTINGS DR","Ashburn","VA","20147","Loudoun",39.019936,-77.45989,"Operating","QUILL EQUITY LLC",NA,"Unknown","Unknown",0,716775.90000001,0,7030.9,0
"44621 WAXPOOL RD","44621 WAXPOOL RD","Ashburn","VA","20147","Loudoun",39.01214,-77.46291,"Operating","KAVEH VENTURES LLC",NA,"Unknown","Unknown",0,716778.10000001,0,7028.8,0
"44790 PERFORMANCE CIR","44790 PERFORMANCE CIR","Ashburn","VA","20147","Loudoun",39.02357,-77.450905,"Operating","Equinix",NA,"Unknown","Unknown",0,716773.20000001,0,7030.9,0
"ACC11 Digital Realty","Corner of Gresham and Waxpool","Ashburn","VA","20147","Loudoun",39.014893,-77.46363,"Expanding","Digital Realty",NA,"Unknown","Unknown",0,716779.10000001,0,7030.9,0
"ACC4 Digital Realty","44480 HASTINGS DR","Ashburn","VA","20147","Loudoun",39.017944,-77.46266,"Expanding","Digital Realty",NA,"Unknown","Unknown",0,716979.10000001,0,7030.9,0
"ACC5 ACC6 Digital Realty","44521 HASTINGS DR","Ashburn","VA","20147","Loudoun",39.020702,-77.46347,"Operating","FOX PROPERTIES LLC",NA,"Unknown","Unknown",0,716979.10000001,0,7030.9,0
"ACC7 Digital Realty","21625 GRESHAM DR","Ashburn","VA","20147","Loudoun",39.01753,-77.465675,"Operating","ALSHAIN VENTURES LLC",NA,"Unknown","Unknown",0,717179.10000001,0,7028.8,0
"AID1 DataBank","21625 RED RUM DR","Ashburn","VA","20147","Loudoun",39.015617,-77.48247,"Proposed","GI TC ASHBURN LLC","70","Large (51-99 MW)","Unknown",70,719368.50000001,0.998388316004165,7011.3,0.998388316004165
"ALIGNED DATA CENTER IAD01","21890 UUNET DR","Ashburn","VA","20147","Loudoun",39.013935,-77.46997,"Operating","Aligned Data Centers",NA,"Unknown","Unknown",0,717180.10000001,0,7011.3,0
"ALIGNED ENERGY DATA CENTERS ASHBURN","21838 UUNET DR","Ashburn","VA","20147","Loudoun",39.01321,-77.47297,"Operating","Aligned Data Centers",NA,"Unknown","Unknown",0,719359.90000001,0,7011.3,0
"ASH1-BRODERICK DC2","22280 RANDOLPH DR","Ashburn","VA","20166","Loudoun",38.99814,-77.44936,"Proposed",NA,NA,"Unknown","Unknown",0,716772.20000001,0,7027,0
"ASH3 DC2","22271 SHELLHORN RD","Ashburn","VA","20147","Loudoun",38.998657,-77.47419,"Operating","QTS Data Centers",NA,"Unknown","Unknown",0,719157.20000001,0,7014.2,0
"Ashburn Data Center","21300 COACH GIBBS DR","Ashburn","VA","20147","Loudoun",39.02697,-77.44413,"Proposed",NA,NA,"Unknown","Unknown",0,716713.00000001,0,8306.1,0
"BCORE COPT DC-15","44862 INTERCONNECTION PL","Ashburn","VA","20147","Loudoun",39.026398,-77.45115,"Operating","BCORE COPT DC-15 LLC",NA,"Unknown","Unknown",0,716774.90000001,0,7030.9,0
"BEAUMEADE LC PHASE III LLC","20935 LOUDOUN COUNTY PKWY","Ashburn","VA","20147","Loudoun",39.03638,-77.44979,"Operating","BEAUMEADE LC PHASE III LLC",NA,"Unknown","Unknown",0,716715.70000001,0,7030.9,0
"Belmont Innovation Campus","43121 GOOSE GLEN LN","Ashburn","VA","20147","Loudoun",39.072826,-77.50972,"Proposed","LOUDOUN GC LLC",NA,"Unknown","Unknown",0,719383.900000011,0,6993.8,0
"BLUE SLING ACC 9","21745 SIR TIMOTHY DR","Ashburn","VA","20147","Loudoun",39.01549,-77.46758,"Operating","BLUE SLING ACC 9 LLC",NA,"Unknown","Unknown",0,717180.10000001,0,7011.3,0
"BRAMBLETON SHREVEPORT SOUTH DATA CENTER","Evergreen Mills and Belmont Ridge Rd","Ashburn","VA","20148","Loudoun",38.95967,-77.52909,"Proposed",NA,NA,"Unknown","Unknown",0,719455.900000011,0,6994.1,0
"CLOUD HQ LC3","44631 WAXPOOL RD","Ashburn","VA","20147","Loudoun",39.011154,-77.45961,"Operating","LOHRASP VENTURES LLC",NA,"Unknown","Unknown",0,716773.20000001,0,7030.9,0
"CYRUSONE BROADLANDS DATA CENTER","Belmont Road and Dulles Greenway","Ashburn","VA","20148","Loudoun",39.033375,-77.521706,"Proposed",NA,NA,"Unknown","Unknown",0,719458.900000011,0,6932.5,0
"DARAB VENTURES SIX","22235 LOUDOUN COUNTY PKWY","Ashburn","VA","20147","Loudoun",39.005962,-77.47724,"Proposed",NA,NA,"Unknown","Unknown",0,719366.50000001,0,7011.3,0
"DBT-DATA ASHBURN HOLDING I","44610 GUILFORD DR","Ashburn","VA","20147","Loudoun",39.0249,-77.45765,"Operating","NTT GLOBAL DATA CENTERS AMERICAS INC",NA,"Unknown","Unknown",0,716775.90000001,0,7030.9,0
"DC 8 9 10 DE","21271 SMITH SWITCH RD","Ashburn","VA","20147","Loudoun",39.02908,-77.45896,"Operating","DC 8 9 10 DE LLC",NA,"Unknown","Unknown",0,716979.10000001,0,7030.9,0
"Digital Filigree","21780 FILIGREE CT","Ashburn","VA","20147","Loudoun",39.013676,-77.45641,"Proposed","Digital Realty",NA,"Unknown","Unknown",0,716773.20000001,0,7030.9,0
"DIGITAL-GCEAR1 ASHBURN","43915 DEVIN SHAFRON DR","Ashburn","VA","20147","Loudoun",39.00286,-77.48192,"Operating","GI TC DEVIN SHAFRON LLC",NA,"Unknown","Unknown",0,719367.50000001,0,7011.3,0
"DIGITAL REALTY ACC10","21744 SIR TIMOTHY DR","Ashburn","VA","20147","Loudoun",39.013275,-77.46602,"Operating","BLUE SLING ACC 10 LLC",NA,"Unknown","Unknown",0,716979.10000001,0,7011.3,0
"DULLES BERRY LC4","22200 LOUDOUN COUNTY PKWY","Ashburn","VA","20147","Loudoun",39.00252,-77.47228,"Operating",NA,NA,"Unknown","Unknown",0,719158.90000001,0,7009.3,0
"EQUINEX DC13","21830 UUNET DR","Ashburn","VA","20147","Loudoun",39.012604,-77.475334,"Operating","Equinix",NA,"Unknown","Unknown",0,719366.50000001,0,7011.3,0
"EQUINIX ASHBURN EAST","22165 BEAUMEADE CIR","Ashburn","VA","20147","Loudoun",39.01383,-77.45399,"Proposed","Equinix",NA,"Unknown","Unknown",0,716773.20000001,0,7031.6,0
"Equinix Data Center","21551 Beaumeade Cir","Ashburn","VA","20147","Loudoun",39.02129,-77.4518,"Operating",NA,NA,"Unknown","Unknown",0,716773.20000001,0,7030.9,0
"EQUINIX DC21","22175 BEAUMEADE CIR","Ashburn","VA","20147","Loudoun",39.011864,-77.45481,"Operating","Equinix",NA,"Unknown","Unknown",0,716773.20000001,0,7031.6,0
"Filigree Ct Campus","21701 FILIGREE CT","Ashburn","VA","20147","Loudoun",39.015854,-77.459885,"Operating","Equinix",NA,"Unknown","Unknown",0,716774.90000001,0,7030.9,0
"H5 Data Center","21800 Beaumeade Cir","Ashburn","VA","20147","Loudoun",39.01393,-77.4516,"Operating",NA,"42","Medium (11-50 MW)","Unknown",42,716773.20000001,0.597176209637286,7033.1,0.597176209637286
"IAD114","20945 LOUDOUN COUNTY PKWY","Ashburn","VA","20147","Loudoun",39.03563,-77.450935,"Operating","BEAUMEADE LC PHASE III LLC",NA,"Unknown","Unknown",0,716715.70000001,0,7030.9,0
"IAD12","43881 DEVIN SHAFRON DR","Ashburn","VA","20147","Loudoun",39.001984,-77.48332,"Operating","Digital Realty",NA,"Unknown","Unknown",0,719367.50000001,0,7011.3,0
"IAD14","43791 DEVIN SHAFRON DR","Ashburn","VA","20147","Loudoun",39.003296,-77.48721,"Operating","Digital Realty",NA,"Unknown","Unknown",0,719370.50000001,0,7011.3,0
"IAD24","43830 DEVIN SHAFRON DR","Ashburn","VA","20147","Loudoun",39.00466,-77.48497,"Operating","DIGITAL LOUDOUN II LLC",NA,"Unknown","Unknown",0,719370.50000001,0,7011.3,0
"IAD3 DataBank","21630 RED RUM DR","Ashburn","VA","20147","Loudoun",39.01779,-77.48172,"Operating","ZCOLO LLC",NA,"Unknown","Unknown",0,719368.50000001,0,7011.3,0
"IAD 41, IAD 42, BLDG P","44757 ROUND TABLE PLZ","Ashburn","VA","20147","Loudoun",39.008408,-77.45795,"Operating","DIGITAL LOUDOUN 3 LLC",NA,"Unknown","Unknown",0,716773.20000001,0,7030.9,0
"IAD Digital Loudoun Plaza","43940 DIGITAL LOUDOUN PLZ","Ashburn","VA","20147","Loudoun",39.000828,-77.4792,"Operating","Digital Realty",NA,"Unknown","Unknown",0,719366.50000001,0,7009.3,0
"IAD Round Table Campus Digital Realty","44274 ROUND TABLE PLZ","Ashburn","VA","20147","Loudoun",39.00663,-77.466194,"Operating","DIGITAL LOUDOUN 3 LLC",NA,"Unknown","Unknown",0,716776.40000001,0,7011.3,0
"Loudoun County Pkwy Data Center","21955 Loudoun County Pkwy","Ashburn","VA","20147","Loudoun",39.01003,-77.46274,"Operating","CloudHQ","144","Hyperscale (100-999 MW)","Unknown",144,716773.20000001,2.05382739292285,7011.3,2.05382739292285
"MONTEREY DC ASSETS","21571 BEAUMEADE CIR","Ashburn","VA","20147","Loudoun",39.021942,-77.45329,"Operating","MONTEREY DC ASSETS LLC",NA,"Unknown","Unknown",0,716774.90000001,0,7030.9,0
"NTT Global Data Centers","44245 GIGABIT PLZ","Ashburn","VA","20147","Loudoun",39.018154,-77.47289,"Expanding","NTT GLOBAL DATA CENTERS VA LLC","32","Medium (11-50 MW)","Unknown",32,719359.90000001,0.45640608731619,7011.3,0.45640608731619
"PowerHouse/AREP ABX-1","21529 BEAUMEADE CIR","Ashburn","VA","20147","Loudoun",39.01958,-77.45049,"Operating","AREP BEAUMEADE LLC",NA,"Unknown","Unknown",0,716773.20000001,0,7033.1,0
"QTS DATA CENTER ASH3-DC1","22291 SHELLHORN RD","Ashburn","VA","20147","Loudoun",38.998035,-77.47548,"Operating","QTS Data Centers",NA,"Unknown","Unknown",0,719358.90000001,0,7014.2,0
"RAGING WIRE VA1","44664 GUILFORD DR","Ashburn","VA","20147","Loudoun",39.02266,-77.45487,"Operating","RAGINGWIRE DATA CENTERS INC",NA,"Unknown","Unknown",0,716774.90000001,0,7030.9,0
"Red Rum Dr Campus Sabey Data Centers","21735 RED RUM DR","Ashburn","VA","20147","Loudoun",39.0147,-77.478455,"Operating","INTERGATE ASHBURN I LLC",NA,"Unknown","Unknown",0,719367.50000001,0,7011.3,0
"Regency HOA area","Asburn Village Blvd and Waxpool Rd","Ashburn","VA",NA,"Loudon",39.011425,-77.485016,"Proposed",NA,"432","Hyperscale (100-999 MW)","Unknown",432,719371.50000001,6.16148217876856,7011.3,6.16148217876856
"Sabey Data Center","21741 Red Rum Drive","Ashburn","VA","20147","Loudoun",39.0155,-77.4783,"Approved/Permitted/Under construction",NA,"85","Large (51-99 MW)","Unknown",85,719367.50000001,1.21232866943363,7011.3,1.21232866943363
"SDC ASHBURN I","44351 IMPORT PLZ","Ashburn","VA","20147","Loudoun",38.99621,-77.47164,"Expanding","SDC ASHBURN ALPHA I LLC",NA,"Unknown","Unknown",0,716776.40000001,0,7014.2,0
"STACK NVA04","22295 LOCKRIDGE RD","Ashburn","VA","20166","Loudoun",39.002777,-77.46116,"Expanding","STACK INFRASTRUCTURE",NA,"Unknown","Unknown",0,716773.20000001,0,7007.3,0
"STACK NVA04","22285 LOCKRIDGE RD","Ashburn","VA","20166","Loudoun",39.000748,-77.460304,"Operating","STACK INFRASTRUCTURE",NA,"Unknown","Unknown",0,716772.20000001,0,7008,0
"STACK NVA04","22271 LOCKRIDGE RD","Ashburn","VA","20166","Loudoun",38.999165,-77.460785,"Operating","STACK INFRASTRUCTURE",NA,"Unknown","Unknown",0,716772.20000001,0,7008,0
"Tech Park at Brambleton","23896 BELMONT RIDGE RD","Ashburn","VA","20148","Loudoun",38.956566,-77.53436,"Proposed","BlackChamber Group",NA,"Unknown","Unknown",0,719455.900000011,0,6994.1,0
"TELOS DATA CENTER","19886 ASHBURN RD","Ashburn","VA","20147","Loudoun",39.067024,-77.47857,"Proposed",NA,NA,"Unknown","Unknown",0,719377.900000011,0,7031.4,0
"Vantage VA 3","19509 BELMONT RIDGE RD","Ashburn","VA","20147","Loudoun",39.079758,-77.506546,"Proposed","VANTAGE DATA CENTERS VA3 LLC/Jeff Tench",NA,"Unknown","Unknown",0,719383.900000011,0,6993.8,0
"Vantage VA 3","43321 DATA DR","Ashburn","VA","20147","Loudoun",39.077393,-77.506165,"Expanding","VANTAGE DATA CENTERS VA3 LLC/Jeff Tench",NA,"Unknown","Unknown",0,719383.900000011,0,6993.8,0
"VISA USA INC","44901 RUSSELL BRANCH PKWY","Ashburn","VA","20147","Loudoun",39.049206,-77.445564,"Operating","VISA USA INC",NA,"Unknown","Unknown",0,716865.50000001,0,8309.9,0
"Zebra East","22130 LOUDOUN COUNTY PKWY","Ashburn","VA","20147","Loudoun",39.00505,-77.471504,"Proposed","CloudHQ",NA,"Unknown","Unknown",0,716980.10000001,0,7011.3,0
"Brambleton Business Campus Data Center","42842 ARCOLA BLVD","ASHBURN","VA","20166","Loudoun",38.95391,-77.51837,"Proposed",NA,NA,"Unknown","Unknown",0,719447.50000001,0,6992.1,0
"Hanover-Ashland Data Center","13058 Mount Hermon Road","Ashland","VA","23005","Hanover",37.75563,-77.449936,"Proposed","Tradeport Ashland Land LLC",NA,"Unknown","Unknown",0,712694.10000001,0,8510.6,0
"Ironhorse East Ashland","10171 East Patrick Henry Road","Ashland","VA","23005","Hanover",37.759018,-77.4508,"Proposed","Harris and Douglass Properties, LLC",NA,"Unknown","Unknown",0,712794.10000001,0,8510.6,0
"LS Power","10165 Old Ridge Rd","Ashland","VA","23005","Hanover",37.810474,-77.4485,"Proposed",NA,NA,"Unknown","Unknown",0,713861.60000001,0,8412.7,0
"Pixel Factory","9680 ATLEE COMMONS DRIVE","Ashland","VA","23005","Hanover",37.69901,-77.43627,"Operating","PIXEL FACTORY DEVELOPMENT LLC",NA,"Unknown","Unknown",0,710934.20000001,0,7958.8,0
"Tract Technology Campus","Hickory Hill Rd","Ashland","VA",NA,"Hanover",37.786198,-77.4404,"Proposed","VALCO HANOVER COUNTY","2400","Mega campus (>1,000 MW)","Unknown",2400,713467.20000001,28.528296504095,8412.7,28.528296504095
"Brush Mountain Blacksburg","2200 KRAFT DR STE 2025","Blacksburg","VA","24060","Montgomery",37.203728,-80.4118,"Operating","BRUSH MOUNTAIN DATA CENTER LLC",NA,"Unknown","Unknown",0,806889.800000009,0,1003.8,0
"Microsoft Azure","101 Herbert Drive","Boydton","VA","23917","Mecklenburg",36.69652,-78.36116,"Expanding","Microsoft",NA,"Unknown","Unknown",0,742367.70000001,0,9818.4,0
"Microsoft Data Center","101 Herbert Dr","Boydton","VA","23917","Mecklenburg",36.67847,-78.3752,"Operating","Microsoft",NA,"Unknown","Unknown",0,742359.00000001,0,9823.4,0
"Microsoft Ridge Road Campus","925 Ridge Rd","Boydton","VA","23917","Mecklenburg",36.69182,-78.3648,"Proposed","Microsoft",NA,"Unknown","Unknown",0,742354.50000001,0,9818.4,0
"Bristow Campus","11480 NOKESVILLE RD","Bristow","VA","20137","Prince William",38.73797,-77.54125,"Proposed",NA,NA,"Unknown","Unknown",0,722059.40000001,0,11918.5,0
"Delvin Technology Park","8900 DEVLIN RD","Bristow","VA","20136","Prince William",38.767223,-77.57575,"Proposed","STANLEY MARTIN HOMES, LLC",NA,"Unknown","Unknown",0,722753.00000001,0,8329.5,0
"Gainsville Tech Park","13050 HANSEN FARM RD","Bristow","VA","20136","Prince William",38.780186,-77.568985,"Proposed","Microsoft",NA,"Unknown","Unknown",0,723698.10000001,0,8332.1,0
"Hunter Property","8613 LINTON HALL RD","Bristow","VA","20136","Prince William",38.773407,-77.59043,"Proposed","LHR GAINESVILLE LLC",NA,"Unknown","Unknown",0,723899.10000001,0,8330.6,0
"MICROSOFT CORPORATION","7745 Piney Branch Ln","Bristow","VA","20136","Prince William",38.784103,-77.567726,"Proposed","Microsoft",NA,"Unknown","Unknown",0,723698.10000001,0,8332.1,0
"NOVA MANGO FARMS LLC
 C/O CORPORATION SERVICE COMPANY","13001 ROLLINS FORD RD","Bristow","VA","20136","Prince William",38.77619,-77.583405,"Operating","NOVA MANGO FARMS LLC
 C/O CORPORATION SERVICE COMPANY",NA,"Unknown","Unknown",0,723698.10000001,0,8330.6,0
"PROJECT INDUSTRY","8001 INDUSTRIAL PARK CT","Bristow","VA","20136","Prince William",38.781742,-77.579185,"Proposed",NA,NA,"Unknown","Unknown",0,723698.10000001,0,8331,0
"SES AMERICOM INC","8000 GAINSFORD CT","Bristow","VA","20136","Prince William",38.78381,-77.57232,"Operating","SES AMERICOM INC",NA,"Unknown","Unknown",0,723698.10000001,0,8332.1,0
"Sharpless Enterprises LLC","6201 WELLINGTON RD","Bristow","VA","20136","Prince William",38.786884,-77.57505,"Proposed","Sharpless Enterprises LLC",NA,"Unknown","Unknown",0,723698.10000001,0,8332.1,0
"SI NVA17 LLC","11859 HAZEL CIRCLE DR","Bristow","VA","20136","Prince William",38.734524,-77.54742,"Proposed","STACK INFRASTRUCTURE",NA,"Unknown","Unknown",0,722062.60000001,0,11895.8,0
"MANUCHEHR VENTURES LLC","10900 AIRMAN AVE","Buckhall","VA","20112","Prince William",38.715088,-77.49477,"Operating","MANUCHEHR VENTURES LLC",NA,"Unknown","Unknown",0,718123.90000001,0,11898.7,0
"Compton Property SUP","8750 RIXLEW LN","Bull run","VA","20107","Prince William",38.775803,-77.51027,"Proposed","Amazon",NA,"Unknown","Unknown",0,721800.40000001,0,10035.1,0
"Catlett Data Center Park","3154 GASKINS LN","Catlett","VA","20119","Fauquier",38.661777,-77.63222,"Proposed","Catlett Station II LLC",NA,"Unknown","Unknown",0,723011.50000001,0,10965.6,0
"Headwaters Site Development LLC","Catlett Rd & Gaskins Ln","Catlett","VA","20119","Fauquier",38.66282,-77.6317,"Suspended",NA,NA,"Unknown","Unknown",0,723011.50000001,0,10965.6,0
"Warrenton Amazon Data Center","719 BLACKWELL RD","Catlett","VA","20186","Fauquier",38.729473,-77.78753,"Approved/Permitted/Under construction","Amazon",NA,"Unknown","Yes",0,727179.60000001,0,10020.6,0
"Amazon Web Services Mallory","14501 AVION PKWY","Chantilly","VA","20151","Fairfax",38.904926,-77.45381,"Expanding","Amazon",NA,"Unknown","Unknown",0,716732.50000001,0,9288.2,0
"LEE ROAD PROPERTY","14558 LEE RD","Chantilly","VA","20151","Fairfax",38.890537,-77.453674,"Operating","LEE ROAD PROPERTY LLC",NA,"Unknown","Unknown",0,716729.90000001,0,9288.2,0
"PARKSTONE TECH PARK, LLC","Conference Center Dr","Chantilly","VA","20151","Fairfax",38.87255,-77.46563,"Proposed","PARKSTONE TECH PARK, LLC",NA,"Unknown","Unknown",0,715792.10000001,0,9286.2,0
"PDCREF 2 Chantilly","Lee Jackson Memorial HWY","Chantilly","VA","20151","Fairfax",38.903057,-77.46525,"Proposed","PDCREF 2 CHANTILLY LLC",NA,"Unknown","Unknown",0,716732.50000001,0,9288.2,0
"Penzance Development Data Center","Stonecroft Rd and","Chantilly","VA","20151","Fairfax",38.90522,-77.4554,"Approved/Permitted/Under construction",NA,NA,"Unknown","Unknown",0,716732.50000001,0,9288.2,0
"SCG Global Holdings LLC Data Center","3721 Stonecroft Blvd","Chantilly","VA","20151","Fairfax",38.91267,-77.451675,"Proposed",NA,NA,"Unknown","Unknown",0,716732.50000001,0,9288.2,0
"TFG INDEPENDENCE CENTER I PROPERTY","15036 CONFERENCE CENTER DR","Chantilly","VA","20151","Fairfax",38.880272,-77.462234,"Operating","TFG INDEPENDENCE CENTER I PROPERTY LLC",NA,"Unknown","Unknown",0,716733.90000001,0,9288.2,0
"AWS IAD61-IAD63 South Riding","25316 PREDICTION LN","Chantily","VA","20152","Loudoun",38.916767,-77.4938,"Operating","Amazon",NA,"Unknown","Unknown",0,718959.20000001,0,7591.5,0
"AWS Westfax A","4101 WESTFAX DR","Chantily","VA","20151","Fairfax",38.897987,-77.454025,"Operating","Amazon",NA,"Unknown","Unknown",0,716727.70000001,0,9288.2,0
"AWS Westfax B","4100 WESTFAX DR","Chantily","VA","20151","Fairfax",38.899593,-77.45344,"Operating","Amazon",NA,"Unknown","Unknown",0,716727.70000001,0,9288.2,0
"CHANTILLY TECHNOLOGY PARTNERS","4030 LAFAYETTE CENTER DR","Chantily","VA","20151","Fairfax",38.91007,-77.472694,"Operating","CHANTILLY TECHNOLOGY PARTNERS LLC",NA,"Unknown","Unknown",0,716754.70000001,0,9288.2,0
"Diode Ventures Data Center","~2043 State Rte 622","Charles City","VA","23030","Charles City",37.46036,-77.1559,"Cancelled",NA,NA,"Unknown","Unknown",0,701878.30000001,0,7121.6,0
"LYH03 Bailey – Microsoft","313-A HIGH STREET","Chase City","VA","23924","Mecklenburg",36.780624,-78.467834,"Proposed","Microsoft",NA,"Unknown","Unknown",0,746329.80000001,0,9381.2,0
"Pittsylvania County Data Center","Chalk Level Rd near Mill Creek Rd","Chatham","VA","24531","Pittsylvania",36.84796,-79.370255,"Cancelled","Balico LLC","3500","Mega campus (>1,000 MW)","Yes",3500,765188.600000011,46.4943276920216,7527.8,46.4943276920216
"Chesterfield Google Data Center","2700 Bermuda Hundred Rd","Chester","VA","23836","Chesterfield",37.34593,-77.3102,"Proposed","Google","200","Hyperscale (100-999 MW)","Unknown",200,705122.30000001,2.17971772655441,9175.5,2.17971772655441
"CoreWeave","1401 Meadowville Technology Pkwy","Chester","VA","23836","Chesterfield",37.36344,-77.3273,"Proposed",NA,NA,"Unknown","Unknown",0,705333.80000001,0,9975.4,0
"Digital Fortress: Richmond","1401 MEADOWVILLE TECH PARKWAY","Chester","VA","23836","Chesterfield",37.36048,-77.32741,"Operating","CHIRISA RICHMOND LLC","25","Medium (11-50 MW)","Unknown",25,705318.20000001,0.272884057021853,9161.4,0.272884057021853
"Project Peanut","2700 Bermuda Hundred Road","Chester","VA","23836","Chesterfield",37.34457,-77.30399,"Proposed",NA,NA,"Unknown","Unknown",0,704782.40000001,0,9161.8,0
"Tract Data Center","16100 Branders Bridge Rd","Chester","VA","23831","Chesterfield",37.29442,-77.453,"Suspended",NA,NA,"Unknown","Unknown",0,709063.20000001,0,9273,0
"Virginia Information Technologies Agency","11751 MEADOWVILLE LANE","Chester","VA","23836","Chesterfield",37.360416,-77.33178,"Operating","SLK GLOBAL SOLUTIONS AMERICA",NA,"Unknown","Unknown",0,705417.10000001,0,9161.4,0
"Clarksville Data Center Campus","Commerce Dr","Clarksville","VA","23927","Mecklenburg",36.63564,-78.5181,"Proposed","Microsoft",NA,"Unknown","Unknown",0,746725.80000001,0,9614.7,0
"Cielo Digital Infrastructure",NA,"Culpeper","VA","22701","Culpeper",38.466785,-77.96353,"Proposed","Cielo Digital Infrastructure",NA,"Unknown","Unknown",0,729983.000000011,0,9483.4,0
"CloudHQ","14521 MCDEVITT DR","Culpeper","VA","22701","Culpeper",38.46164,-77.977615,"Proposed","CloudHQ",NA,"Unknown","Unknown",0,729984.70000001,0,9483.4,0
"Copper Ridge","Corner of E. Chandler and McDevitt Drive","Culpeper","VA","22701","Culpeper",38.465294,-77.98739,"Proposed",NA,NA,"Unknown","Unknown",0,730236.40000001,0,9496.4,0
"Culpeper Data Center","Nalles Mill Rd","Culpeper","VA","22701","Culpeper",38.47151,-77.9693,"Proposed",NA,"215-432","Hyperscale (100-999 MW)","Unknown",215,729984.70000001,2.26711938756142,9483.4,2.26711938756142
"Culpeper Technology Campus","Corner of Germanna HWY and McDevitt Drive","Culpeper","VA","22701","Culpeper",38.46024,-77.98773,"Proposed",NA,NA,"Unknown","Unknown",0,730234.70000001,0,9496.4,0
"DataBank","14601 GERMANNA HWY","Culpeper","VA","22701","Culpeper",38.44996,-77.97819,"Proposed",NA,NA,"Unknown","Unknown",0,729984.70000001,0,9483.4,0
"Equinix Data Center","18155 Technology Dr","Culpeper","VA","22701","Culpeper",38.45487,-77.9783,"Operating","Equinix",NA,"Unknown","Unknown",0,729984.70000001,0,9483.4,0
"Keyser Farm","15140 KEYSER RD","Culpeper","VA","22701","Culpeper",38.46971,-77.973755,"Proposed",NA,NA,"Unknown","Unknown",0,730234.70000001,0,9483.4,0
"SWIFT","Corner of McDevitt Dr and Technology Drive","Culpeper","VA","22701","Culpeper",38.45554,-77.98348,"Operating",NA,NA,"Unknown","Unknown",0,730234.70000001,0,9496.4,0
"XX Tech Park","15170 HOFFMAN LN","Culpeper","VA","22701","Culpeper",38.49927,-77.8971,"Proposed",NA,NA,"Unknown","Unknown",0,729968.200000011,0,8556,0
"Greenfield","INTERNATIONAL PKWY","DALEVILLE","VA","24083","Botetourt",37.441696,-79.9127,"Proposed",NA,NA,"Unknown","Unknown",0,782250.400000011,0,1230.3,0
"Duffield Premier Data Center Site","158 Advanced Technology Dr","Duffield","VA","24244","Scott",36.712566,-82.802505,"Operating","ONEPARTNER LLC",NA,"Unknown","Unknown",0,881275.400000007,0,2770,0
"Scott County Regional Business & Technology Park","372 Technology Trail Ln","Duffield","VA","24244","Scott",36.715855,-82.80459,"Proposed","SCOTT COUNTY INDUSTRIAL DEV.",NA,"Unknown","Unknown",0,881275.400000007,0,2770,0
"DIGITAL LOUDOUN IV","22125 BRODERICK DR","Dulles","VA","20166","Loudoun",39.005142,-77.451195,"Operating","DIGITAL LOUDOUN IV LLC",NA,"Unknown","Unknown",0,716772.20000001,0,7029.1,0
"Fadeley Campus","42949 FADELEY LN","Dulles","VA","20166","Loudoun",38.948956,-77.52148,"Operating","Amazon",NA,"Unknown","Unknown",0,719447.50000001,0,6984.8,0
"Farah-Naples Data Center","Loudoun County Parkway and Old Ox Road","Dulles","VA","20166","Loudoun",38.95731,-77.51306,"Proposed",NA,NA,"Unknown","Unknown",0,719445.80000001,0,6992.1,0
"IAD44","43704 EFFICIENCY DR","Dulles","VA","20166","Loudoun",38.96118,-77.490524,"Operating","Digital Realty",NA,"Unknown","Unknown",0,718968.80000001,0,7064.3,0
"Northwoods Property","43649 LIGHT SPEED PLZ","Dulles","VA","20166","Loudoun",38.980717,-77.49382,"Expanding","Amazon",NA,"Unknown","Unknown",0,719371.50000001,0,6960.4,0
"SENTINEL ASHBURN II","22262 CLOUD PLZ","Dulles","VA","20166","Loudoun",39.000603,-77.43986,"Operating","GI TC LOUDOUN LLC",NA,"Unknown","Unknown",0,716765.70000001,0,7027,0
"WATERSIDE AWS","22900 PLATFORM PLZ","Dulles","VA","20166","Loudoun",38.98125,-77.41793,"Operating","WATERSIDE I LLC",NA,"Unknown","Unknown",0,716401.20000001,0,10953.2,0
"WHEELER SURVEY COMPANY","24400 HOWLING ROOSTER LN","Dulles","VA","20166","Loudoun",38.942364,-77.52864,"Expanding","WHEELER SURVEY COMPANY LLC",NA,"Unknown","Unknown",0,719447.50000001,0,7483,0
"Mid-Atlantic Advanced Manufacturing Center","1781 Greensville County Cir","Emporia","VA","23847","Greensville",36.736736,-77.514694,"Proposed","Arup Americas Inc",NA,"Unknown","Unknown",0,704104.40000001,0,7226.5,0
"BIT HOLDINGS FIFTY-FOUR","12902 FEDERAL SYSTEMS PARK DR","Fairfax","VA","22033","Fairfax",38.860844,-77.39341,"Operating","BIT HOLDINGS FIFTY-FOUR INC",NA,"Unknown","Unknown",0,715454.70000001,0,9327.2,0
"COPT STONECROFT","4850 STONECROFT BLVD","Fairfax","VA","22033","Fairfax",38.876263,-77.46178,"Operating","COPT STONECROFT LLC",NA,"Unknown","Unknown",0,715792.10000001,0,9288.2,0
"Data center","8132 US-29","Falls Church","VA","22042","Prince William",38.846428,-77.36562,"Proposed","Black Chamber Partners, LLC",NA,"Unknown","Unknown",0,714886.00000001,0,9240.1,0
"Northrop Grumman Systems Corporation","7555 COLSHIRE DR","Falls Church","VA","22042","Fairfax",38.92188,-77.20684,"Operating","NORTHROP GRUMMAN SYSTEMS CORP",NA,"Unknown","Unknown",0,708954.00000001,0,9378.2,0
"Northrop Grummon Systems Corporation","2980 FAIRVIEW PARK DR","Falls Church","VA","22042","Fairfax",38.867813,-77.21562,"Operating","NORTHROP GRUMMAN SYSTEMS CORP",NA,"Unknown","Unknown",0,710107.70000001,0,9376.3,0
"Heartland Innovative Technology (HIT) Park","230 KELLY LANE","Farmville","VA","23901","Prince Edward",37.288517,-78.35012,"Proposed","Prince Edward County Industrial Development Authority",NA,"Unknown","Unknown",0,743440.80000001,0,3645.9,0
"Amazon Data Services","4049 Massaponax Church Rd,","Fredericksburg","VA","22408","Spotsylvania",38.19853,-77.475,"Proposed","Amazon",NA,"Unknown","Unknown",0,717746.40000001,0,11428.9,0
"Amazon Data Services: Carter's Store Tech Campus","8432 Flippo Dr","Fredericksburg","VA","22408","Spotsylvania",38.191605,-77.47005,"Proposed","Amazon",NA,"Hyperscale (100-999 MW)","Unknown",0,717737.10000001,0,11445.6,0
"Amazon Data Services: Cosner Tech Campus","4049 Massaponax Church Rd","Fredericksburg","VA","22408","Spotsylvania",38.198624,-77.47505,"Proposed","Amazon",NA,"Hyperscale (100-999 MW)","Unknown",0,717746.40000001,0,11428.9,0
"Blaisdell Property Data Center","Old Forge Drive","Fredericksburg","VA","22405","Spotsylvania",38.33172,-77.48733,"Proposed",NA,NA,"Unknown","Unknown",0,717496.90000001,0,11070.7,0
"Carter's Store Tech Campus",NA,"Fredericksburg","VA","22408","Spotsylvania",38.18951,-77.45481,"Proposed","Amazon",NA,"Unknown","Unknown",0,717632.60000001,0,11428.9,0
"Cosner Tech Campus","4049 Massaponax Church Road","Fredericksburg","VA","22408","Spotsylvania",38.209717,-77.48423,"Proposed","Amazon",NA,"Unknown","Unknown",0,717907.10000001,0,11412.1,0
"Cranes Corner Data Center","east of U.S. 1 and about 1,400 feet north of the Centreport Parkway intersection","Fredericksburg","VA","22405","Spotsylvania",38.371296,-77.45144,"Proposed",NA,NA,"Unknown","Unknown",0,715311.00000001,0,11829.3,0
"Enon Road Technologies","south of Enon Road near the intersection with Wyatt Lane","Fredericksburg","VA","22406","Spotsylvania",38.36789,-77.47358,"Proposed",NA,NA,"Unknown","Unknown",0,717528.70000001,0,11787.3,0
"Forest Lane Data Center","Between Caisson Rd and Kings Hwy","Fredericksburg","VA","22405","Spotsylvania",38.26742,-77.3867,"Proposed",NA,NA,"Unknown","Unknown",0,712811.20000001,0,11093.9,0
"George Washington Village Data Center","Courthouse Rd/Interstate 95, Hartwood District","Fredericksburg","VA","22406","Spotsylvania",38.40892,-77.44693,"Proposed",NA,NA,"Unknown","Unknown",0,715491.90000001,0,11801.4,0
"Hunters Ridge LLC Data Center","4110 Overview Dr","Fredericksburg","VA","22408","Spotsylvania",38.22135,-77.47741,"Proposed",NA,NA,"Hyperscale (100-999 MW)","Unknown",0,717795.10000001,0,11074.1,0
"Hunter's Ridge South","Industrial and Fleet Dr","Fredericksburg","VA","22580","Spotsylvania",38.12168,-77.504196,"Proposed","AREP SOF III HRS LLC C/O AMERICAN REAL ESTATE PARTNERS, LLC",NA,"Unknown","Unknown",0,718084.00000001,0,8850.5,0
"Hunters Ridge South Data Center (Amazon Data Services)","9300 Cosner Dr","Fredericksburg","VA","22401","Spotsylvania",38.21137,-77.4848,"Approved/Permitted/Under construction","Amazon",NA,"Unknown","Unknown",0,717907.10000001,0,11412.1,0
"NEON AT CELEBRATE VIRGINIA SOUTH","3050 GORDON W SHELTON","Fredericksburg","VA","22401","Spotsylvania",38.318707,-77.51735,"Proposed","STACK INFRASTRUCTURE",NA,"Unknown","Unknown",0,719113.20000001,0,11010.7,0
"Oasis Data Center","Dahlgren West, north side of James Madison Parkway","Fredericksburg","VA","22485","Spotsylvania",38.30967,-77.1084,"Approved/Permitted/Under construction",NA,"1200","Mega campus (>1,000 MW)","Unknown",1200,702702.40000001,9.78984466779794,12257.6,9.78984466779794
"Penzance Development Data Center","1500 Gateway Boulevard","Fredericksburg","VA","22401","Spotsylvania",38.29463,-77.5023,"Suspended",NA,NA,"Unknown","Unknown",0,718311.30000001,0,11076.5,0
"PowerHouse95","0 Overview DR","Fredericksburg","VA","22408","Spotsylvania",38.222046,-77.4771,"Expanding",NA,"150","Hyperscale (100-999 MW)","Unknown",150,717795.10000001,1.35451187906918,11074.1,1.35451187906918
"Sisson North","1301 KINGS HWY","Fredericksburg","VA","22405","Spotsylvania",38.25873,-77.38705,"Proposed",NA,NA,"Unknown","Unknown",0,712852.30000001,0,11092.6,0
"Stack Infrastructure Data Center","Hilton Dr","Fredericksburg","VA","22401","Spotsylvania",38.31828,-77.5166,"Proposed",NA,NA,"Unknown","Unknown",0,719100.20000001,0,11010.7,0
"Summit Crossing (Amazon)","~3001 Summit Crossing Rd","Fredericksburg","VA","22408","Spotsylvania",38.19338,-77.43845,"Approved/Permitted/Under construction","Amazon",NA,"Unknown","Unknown",0,714371.90000001,0,11434.1,0
"Summit Crossing Tech Campus","Summit Crossing Road","Fredericksburg","VA","22408","Spotsylvania",38.188473,-77.44053,"Proposed",NA,NA,"Unknown","Unknown",0,715881.90000001,0,11432.1,0
"Summit Technology Park","2901 Summit Crossing RD","Fredericksburg","VA","22408","Spotsylvania",38.19514,-77.43207,"Proposed",NA,NA,"Unknown","Unknown",0,714012.60000001,0,11414.1,0
"Vantage Data Center","225 Centreport Parkway","Fredericksburg","VA","22406","Spotsylvania",38.39153,-77.46516,"Operating",NA,NA,"Unknown","Unknown",0,717452.20000001,0,11782.3,0
"COPT DC 19 LLC","8170 BETHLEHEM RD","Gainesville","VA","20155","Prince William",38.779423,-77.54248,"Operating","COPT DC 19 LLC",NA,"Unknown","Unknown",0,722037.00000001,0,10030.4,0
"Gainesville Crossing Data Campus","13700 UNIVERSITY BLVD","Gainesville","VA","20155","Prince William",38.801327,-77.5803,"Expanding","CORSCALE","306","Hyperscale (100-999 MW)","Unknown",306,723915.20000001,4.06914893617021,7520,4.06914893617021
"Gainsville East","5945 WELLINGTON RD","Gainesville","VA","20155","Prince William",38.790676,-77.587975,"Proposed","Amazon",NA,"Unknown","Unknown",0,723915.20000001,0,8332.1,0
"Gardner Property","14414 MCGRAWS CORNER","Gainesville","VA","20155","Prince William",38.7958,-77.62219,"Proposed",NA,NA,"Unknown","Unknown",0,724130.20000001,0,7510.5,0
"GCDC PURCHASER PHASE 1 LLC","13760 UNIVERSITY BLVD","Gainesville","VA","20109","Prince William",38.802406,-77.58256,"Expanding","GCDC PURCHASER PHASE 1 LLC",NA,"Unknown","Unknown",0,723915.20000001,0,7520,0
"I-66 and Route 29 Technology Park","14300 JOHN MARSHALL HWY","Gainesville","VA","20155","Prince William",38.8008,-77.61256,"Proposed","NTT Global Data Centers",NA,"Unknown","Unknown",0,724126.30000001,0,7512.5,0
"John Marshall CommonsTech Park","14392 JOHN MARSHALL HWY","Gainesville","VA","20155","Prince William",38.803947,-77.61687,"Proposed","CTP-1 LLC",NA,"Unknown","Unknown",0,724130.20000001,0,7510.5,0
"NTT Data Center","Core Scientific","Gainesville","VA","20155","Prince William",38.800114,-77.60961,"Proposed",NA,"96","Large (51-99 MW)","Unknown",96,724126.30000001,1.27753010845698,7514.5,1.27753010845698
"PORPOISE VENTURES LLC (Digital Realty Trust)","8217 LINTON HALL RD","Gainesville","VA","20155","Prince William",38.778057,-77.59468,"Operating","PORPOISE VENTURES LLC (Digital Realty Trust)",NA,"Unknown","Unknown",0,723915.20000001,0,8330.6,0
"Prince William Digital Gateway","Pageland Ln","Gainesville","VA","20155","Prince William",38.82437,-77.56874,"Cancelled","Compass, QTS Data Centers",NA,"Mega campus (>1,000 MW)","Yes",0,723859.30000001,0,7524.8,0
"University Business Park","13490 UNIVERSITY BLVD","Gainesville","VA","20155","Prince William",38.79446,-77.58242,"Proposed","Microsoft",NA,"Unknown","Unknown",0,723915.20000001,0,8334,0
"Village Place at Gainesville Technology Park","14403 JOHN MARSHALL HWY","Gainesville","VA","20155","Prince William",38.801834,-77.6206,"Proposed","CTP-I LLC",NA,"Unknown","Unknown",0,724131.500000011,0,7510.5,0
"Cavalier Innsbrook Data Center","4551 COX RD","Glen Allen","VA","23060","Henrico",37.660877,-77.57392,"Operating","HIGHWOODS PROP",NA,"Unknown","Unknown",0,716345.90000001,0,9100.8,0
"Hunter Hawking Data Center","15201 Ashland Rd","Glen Allen","VA","23059","Hanover",37.71385,-77.6231,"Cancelled",NA,"900","Hyperscale (100-999 MW)","Yes",900,717293.00000001,10.0390407138873,8965,10.0390407138873
"Unnamed Data Center","6321 ROCKFORD SCH RD","Gretna","VA","24557","Pittsylvania",36.98035,-79.35187,"Proposed","BOLES, BRENDA ET ALS EAST, SHARON ET ALS BOLES, DOUGLAS ET ALS KELLEY, OTEY HARRIS III ET ALS KELLEY, CHARLES ET ALS",NA,"Unknown","Unknown",0,765487.70000001,0,6683,0
"DBT Data Cyber Integration Center","139 TYCO ST","Harrisonburg","VA","22802","Harrisonburg",38.462486,-78.8568,"Expanding","AC 139 TYCO STREET LLC",NA,"Unknown","Unknown",0,755080.900000011,0,1766,0
"AMAZON DATA SERVICES INC","15435 JOHN MARSHALL HWY","Haymarket","VA","20169","Prince William",38.815937,-77.652245,"Operating","Amazon",NA,"Unknown","Unknown",0,724394.900000011,0,7501.3,0
"DC 11 DE LLC (Amazon)","15395 JOHN MARSHALL HWY","Haymarket","VA","20169","Prince William",38.815174,-77.64868,"Operating","Amazon",NA,"Unknown","Unknown",0,724279.900000011,0,7504.6,0
"EdgeConneX Richmond - EDCRIC01","1450 E PARHAM RD","Henrico","VA","23228","Henrico",37.63892,-77.46779,"Operating","NORTH RUN LH LLC",NA,"Unknown","Unknown",0,710934.80000001,0,7854.7,0
"Lumen Richmond 2","8145 Staples Mill Road","Henrico","VA","23228","Henrico",37.623894,-77.50267,"Operating","LEVEL 3 COMMUNICATIONS LLC",NA,"Unknown","Unknown",0,711169.00000001,0,7872.5,0
"Equinix DC 97","460 SPRINGPARK PL","Herndon","VA","20170","Fairfax",38.96167,-77.37743,"Operating","LDI PROPCO 2 LLC",NA,"Unknown","Unknown",0,716233.40000001,0,11005.4,0
"Renaissance Technology Park","13850 PARK CENTER RD","Herndon","VA","20171","Fairfax",38.932446,-77.42387,"Proposed","RP INDUSTRIAL OWNER II LLC",NA,"Unknown","Unknown",0,716473.40000001,0,8851.5,0
"DC-4","10680 UNIVERSITY BLVD","Innovation","VA","20109","Prince William",38.75263,-77.5165,"Proposed","QTS MANASSAS I DC4 LLC",NA,"Unknown","Unknown",0,721925.40000001,0,10026.6,0
"EdgeCore","5735 State Rte 653","Kents Store","VA","23084","Goochland",37.88311,-78.0388,"Suspended",NA,"1100","Mega campus (>1,000 MW)","Unknown",1100,731958.40000001,12.1170729557947,9078.1,12.1170729557947
"Birchwood AWS","10900 BIRCHWOOD DR","King George","VA","22485","King George",38.266403,-77.317726,"Proposed","Amazon",NA,"Unknown","Unknown",0,712250.50000001,0,12982.3,0
"Dahlgren West","west of the intersection of Route 301 and Route 616, just up the road from the Chestnut Hill Loop","King George","VA","22485","King George",38.30985,-77.11264,"Proposed",NA,NA,"Unknown","Unknown",0,702731.30000001,0,12267.5,0
"Cochran Mill Road","42277 COCHRAN MILL RD","Leesburg","VA","20175","Loudoun",39.074635,-77.51654,"Proposed",NA,NA,"Unknown","Unknown",0,719387.600000011,0,6993.8,0
"COMPASS DATACENTERS IAD I","42247 THUNDERBALL DR","Leesburg","VA","20175","Loudoun",39.04382,-77.5376,"Operating","COMPASS DATACENTERS IAD I LLC",NA,"Unknown","Unknown",0,720116.600000011,0,6932.5,0
"Cross Mill Center","20040 SYCOLIN RD","Leesburg","VA","20175","Loudoun",39.06295,-77.550476,"Proposed","Kuhn, Charles C/JK Holdings II LLC",NA,"Unknown","Unknown",0,720148.600000011,0,6932.5,0
"Cross Mill Center Data Center","Skycolin Rd","Leesburg","VA","20175","Loudoun",39.06358,-77.5522,"Proposed",NA,NA,"Unknown","Unknown",0,720154.100000011,0,6932.5,0
"Curata Partners Leesburg Data Center","west side of Gulick Mill Road, south of Leesburg","Leesburg","VA","20175","Loudoun",39.03693,-77.56153,"Proposed","Curata Partners",NA,"Unknown","Unknown",0,721663.100000011,0,6932.5,0
"Greenlin Park","41453 HOGELAND MILL RD","Leesburg","VA","20175","Loudoun",39.056362,-77.55221,"Proposed","Charles S Kuhn/JK Landholdings II LLC",NA,"Unknown","Unknown",0,721657.600000011,0,6932.5,0
"HAYDEN TECHNOLOGIES","20491 GOOSE LANDING LN","Leesburg","VA","20175","Loudoun",39.051716,-77.53956,"Expanding","HAYDEN TECHNOLOGIES LLC",NA,"Unknown","Unknown",0,720146.600000011,0,6932.5,0
"IAD 01-04","19540 COMPASS CREEK PKWY","Leesburg","VA","20175","Loudoun",39.067856,-77.56021,"Operating","Microsoft",NA,"Unknown","Unknown",0,721743.100000011,0,6930.5,0
"Leesburg Data Center","41789 Cochran Mill Rd, Leesburg, VA 20175","Leesburg","VA","20175","Loudoun",39.06878,-77.5313,"Proposed","Amazon",NA,"Unknown","Unknown",0,719492.600000011,0,6932.5,0
"Leesburg Gateway","481 POTOMAC STATION DR","Leesburg","VA","20176","Loudoun",39.103153,-77.536385,"Proposed","Google",NA,"Unknown","Unknown",0,720227.600000011,0,6247.2,0
"Leesburg Gateway","Betw East Market St and Potomac Station Dr","Leesburg","VA","20176","Loudoun",39.105076,-77.536705,"Proposed",NA,NA,"Unknown","Yes",0,720227.600000011,0,6261.6,0
"NVA06 Campus","19265 COMPASS CREEK PKWY","Leesburg","VA","20175","Loudoun",39.080227,-77.56473,"Operating","STACK INFRASTRUCTURE","24","Medium (11-50 MW)","Unknown",24,721745.100000011,0.387979113791041,6185.9,0.387979113791041
"NVA06 Campus","19275 COMPASS CREEK PKWY SE","Leesburg","VA","20175","Loudoun",39.082626,-77.56523,"Operating","STACK INFRASTRUCTURE","48","Medium (11-50 MW)","Unknown",48,721747.900000011,0.775958227582082,6185.9,0.775958227582082
"Oaklawn","101 OAKLAWN DR","Leesburg","VA","20175","Loudoun",39.091972,-77.56057,"Proposed",NA,NA,"Unknown","Unknown",0,721750.600000011,0,6185.9,0
"Orme Farm Rezoning","41451 SHREVE MILL RD","Leesburg","VA","20175","Loudoun",39.059395,-77.55797,"Proposed","Van Metre Communities LLC/Roy Barnett",NA,"Unknown","Unknown",0,721664.100000011,0,6930.5,0
"Project Celtic Phase 1","20680 CELTIC PARK DR","Leesburg","VA","20175","Loudoun",39.056915,-77.54663,"Expanding","Google",NA,"Unknown","Unknown",0,720147.600000011,0,6932.5,0
"Project Celtic Phase 2","20649 ENERGY PARK DR","Leesburg","VA","20175","Loudoun",39.0539,-77.54465,"Expanding","Google",NA,"Unknown","Unknown",0,720146.600000011,0,6932.5,0
"Tuscarora Crossing Landbay 3","19560 CROSSTRAIL BLVD","Leesburg","VA","20175","Loudoun",39.077232,-77.533745,"Proposed","BlackChamber Group",NA,"Unknown","Unknown",0,719493.600000011,0,6932.5,0
"Villages at Leesburg","42830 GOLF CLUB RD","Leesburg","VA","20176","Loudoun",39.087734,-77.5195,"Proposed","STACK INFRASTRUCTURE",NA,"Unknown","Unknown",0,719417.600000011,0,6993.8,0
"Spring Valley Technology Park","22532 EVERGREEN MILLS RD","LEESBURG","VA","20175","Loudoun",39.001057,-77.57126,"Proposed",NA,NA,"Unknown","Unknown",0,721724.100000011,0,6937.4,0
"Wilderness Crossing","4447 GERMANNA HWY","Locust Grove","VA","22508","Orange",38.33316,-77.73109,"Proposed","Amazon",NA,"Unknown","Unknown",0,726757.80000001,0,9106.7,0
"Amazon Data Center","Hwy 33","Louisa","VA","23093","Louisa",37.98242,-77.9511,"Proposed","Amazon",NA,"Unknown","Unknown",0,729326.70000001,0,8676.5,0
"North Creek Tech Campus","Mount Airy Rd","Louisa","VA","23093","Louisa",37.968376,-77.95334,"Proposed","Amazon",NA,"Unknown","Unknown",0,729325.70000001,0,8690.9,0
"Amazon Data Center","between Kennon and School Bus Rds","Louisa County","VA","23117","Louisa",38.00263,-77.94,"Cancelled","Amazon",NA,"Unknown","Unknown",0,728475.80000001,0,8696.5,0
"Desper Creek Technology Campus (AWS Data Center)","Betw Mt Airy Rd and US-33","Louisa County","VA","23093","Louisa",37.97047,-77.9546,"Proposed",NA,NA,"Unknown","Unknown",0,729325.70000001,0,8690.9,0
"Data center","Cabin Field Rd and Richmond Hwy","Lynchburg","VA","24504","Campbell County",37.3761,-79.0327,"Cancelled",NA,NA,"Unknown","Unknown",0,757866.00000001,0,4181.6,0
"9001 Hornbaker Rd","9001 HORNBAKER RD","Manassas","VA","20109","Prince William",38.762554,-77.53385,"Proposed",NA,NA,"Unknown","Unknown",0,722070.20000001,0,10026.6,0
"ABTEEN VENTURES LLC (CloudHQ)","10880 AIRMAN AVE","Manassas","VA","20110","Prince William",38.716854,-77.49974,"Operating","ABTEEN VENTURES LLC (CloudHQ)",NA,"Unknown","Unknown",0,719635.90000001,0,11918.9,0
"Airport Gateway Commerce Center","10940 AIRMAN AVE","Manassas","VA","20110","Prince William",38.715843,-77.49836,"Proposed","UNICORN INTERESTS LLC, PCL F1",NA,"Unknown","Unknown",0,718125.90000001,0,11897.2,0
"AIRPORT GATEWAY COMMERCE CENTER","10850 Airman Ave","Manassas","VA","20110","Prince William",38.72144,-77.49643,"Proposed","UNICORN HOTEL LLC, C/O DUPONT FABROS DEVELOPMENT, PCL D",NA,"Unknown","Unknown",0,718149.30000001,0,11920.4,0
"ALEXANDRIA TECHNOLOGY CENTER","10600 PYRAMID PL","Manassas","VA","20110","Prince William",38.756546,-77.51377,"Proposed","QTS MANASSAS I LAND LLC C/O BLACKSTONE PROPERTY ADVISORS",NA,"Unknown","Unknown",0,721864.40000001,0,10031.1,0
"Alligned Data Centers (Balls Ford)","10920 BALLS FORD RD","Manassas","VA","20109","Prince William",38.799274,-77.52802,"Proposed","PROPCO LLC",NA,"Unknown","Unknown",0,721832.90000001,0,9220.4,0
"Amazon Data Center","7101 CENTURY PARK DR","Manassas","VA","20109","Prince William",38.7977,-77.54477,"Proposed","Amazon",NA,"Unknown","Unknown",0,721974.00000001,0,9217.4,0
"Amazon Data Center",NA,"Manassas","VA","20110","Prince William",38.733845,-77.51592,"Proposed","Amazon",NA,"Unknown","Unknown",0,719746.60000001,0,11919.6,0
"Amazon Data Center","7500 BETHLEHEM RD","Manassas","VA","20109","Prince William",38.792118,-77.53619,"Proposed","Amazon",NA,"Unknown","Unknown",0,721972.00000001,0,10031.4,0
"Amazon Data Center","7300 CENTURY PARK DR","Manassas","VA","20109","Prince William",38.7956,-77.54214,"Proposed","Amazon",NA,"Unknown","Unknown",0,721974.00000001,0,10031.4,0
"AMAZON DATA SERVICES INC","7600 DOANE DR","Manassas","VA","20109","Prince William",38.792156,-77.54833,"Operating","Amazon",NA,"Unknown","Unknown",0,722038.00000001,0,10031.4,0
"AMAZON DATA SERVICES INC","11801 BREWERS SPRING RD","Manassas","VA","20109","Prince William",38.789906,-77.54799,"Operating","Amazon",NA,"Unknown","Unknown",0,722038.00000001,0,10031.4,0
"AMAZON DATA SERVICES INC","11800 BREWERS SPRING RD","Manassas","VA","20109","Prince William",38.79109,-77.54837,"Operating","Amazon",NA,"Unknown","Unknown",0,722038.00000001,0,10031.4,0
"AMAZON DATA SERVICES INC","10201 TANNER WAY","Manassas","VA","20110","Prince William",38.734943,-77.504524,"Operating","Amazon",NA,"Unknown","Unknown",0,719661.00000001,0,11920.3,0
"Ashwood Addition","10400 HARRY J PARRISH BLVD","Manassas","VA","20110","Prince William",38.731693,-77.51026,"Proposed",NA,NA,"Unknown","Unknown",0,719745.60000001,0,11920.3,0
"BOURZOU VENTURES LLC (CloudHQ)","10100 HARRY J PARRISH BLVD","Manassas","VA","20110","Prince William",38.72298,-77.49923,"Operating","CloudHQ",NA,"Unknown","Unknown",0,718149.30000001,0,11918.9,0
"COPT DC INNOVATION LLC","11120 THOMASSON BARN RD","Manassas","VA","20109","Prince William",38.74406,-77.529854,"Operating","COPT DC INNOVATION LLC",NA,"Unknown","Unknown",0,722051.90000001,0,11919.6,0
"DC 12 14 DE LLC (Amazon)","7056 WELLINGTON RD","Manassas","VA","20109","Prince William",38.778107,-77.558235,"Operating","DC 12 14 DE LLC (Amazon)",NA,"Unknown","Unknown",0,722093.00000001,0,10026.6,0
"Digital Second Manassas","10000 BRICKYARD WAY","Manassas","VA","20110","Prince William",38.737873,-77.508286,"Proposed","DIGITAL CARVER BRICKYARD LLC",NA,"Unknown","Unknown",0,719681.60000001,0,11920.3,0
"EQUINIX LLC","7400 INFANTRY RIDGE RD","Manassas","VA","20109","Prince William",38.80344,-77.510796,"Operating","Equinix",NA,"Unknown","Unknown",0,719576.10000001,0,9222.1,0
"GI TC 7510 MASON KING CT LLC (Amazon)","7510 MASON KING CT","Manassas","VA","20109","Prince William",38.790344,-77.54118,"Operating","Amazon",NA,"Unknown","Unknown",0,721974.00000001,0,10031.4,0
"INNOVATION EXECUTIVE CENTER DC-3","9420 GODWIN DR","Manassas","VA","20109","Prince William",38.75278,-77.51228,"Proposed","QTS MANASSAS I DC2 LLC",NA,"Unknown","Unknown",0,719681.60000001,0,10027.3,0
"Iron Mountain Building 7","8328 BETHLEHEM RD","Manassas","VA","20109","Prince William",38.775063,-77.539795,"Proposed","IRON MOUNTAIN DATA CENTERS VA 7 LLC",NA,"Unknown","Unknown",0,722028.00000001,0,10030.4,0
"Iron Mountain Data Center VA-1","11680 Hayden Rd","Manassas","VA","20109","Prince William",38.77727,-77.5477,"Operating",NA,"280","Hyperscale (100-999 MW)","Unknown",280,722093.00000001,2.79257175912074,10026.6,2.79257175912074
"Iron Mountain Data Center VA-5","7729 Wellington Glen Dr","Manassas","VA","20109","Prince William",38.77139,-77.5423,"Approved/Permitted/Under construction",NA,NA,"Unknown","Unknown",0,722083.00000001,0,10026.6,0
"KH Data Capital Development","11560 HAYDEN RD","Manassas","VA","20109","Prince William",38.77393,-77.54234,"Operating","IRON MOUNTAIN DATA CENTERS VA 4/5 SUBSIDIARY LLC",NA,"Unknown","Unknown",0,722087.00000001,0,10026.6,0
"KH DATA CAPITAL DEVELOPMENT LAND LLC
 C/O IRON MOUNTAIN GLOBAL REAL ESTATE","11650 HAYDEN RD","Manassas","VA","20109","Prince William",38.7768,-77.54394,"Operating","KH DATA CAPITAL DEVELOPMENT LAND LLC
 C/O IRON MOUNTAIN GLOBAL REAL ESTATE",NA,"Unknown","Unknown",0,722092.00000001,0,10030.4,0
"Manassas Corporate Center MCC-7 PRA","10101 HARRY J PARRISH BLVD","Manassas","VA","20110","Prince William",38.722412,-77.50135,"Proposed","UNICORN INTERESTS LLC",NA,"Unknown","Unknown",0,719660.00000001,0,11918.9,0
"Manassas Data Center","11101 University Blvd","Manassas","VA","20110","Prince William",38.75382,-77.5245,"Proposed",NA,NA,"Unknown","Yes",0,721996.90000001,0,11919.6,0
"MANASSAS NCP LLC","9000 FREEDOM CENTER BLVD","Manassas","VA","20110","Prince William",38.760582,-77.51869,"Operating","MANASSAS NCP LLC",NA,"Unknown","Unknown",0,721929.40000001,0,10030.4,0
"Manassas Point","7816 BETHLEHEM RD","Manassas","VA","20109","Prince William",38.783833,-77.53779,"Proposed",NA,NA,"Unknown","Unknown",0,722036.00000001,0,10031.4,0
"MANASSAS TECHNOLOGY PARTNERS LLC (Amazon)","7505 MASON KING CT","Manassas","VA","20109","Prince William",38.791252,-77.53829,"Operating","MANASSAS TECHNOLOGY PARTNERS LLC (Amazon)",NA,"Unknown","Unknown",0,721974.00000001,0,10031.4,0
"MCC5","10740 AIRMAN AVE","Manassas","VA","20112","Prince William",38.719757,-77.49309,"Proposed","UNICORN INTERESTS LLC, CLOUD HQ",NA,"Unknown","Unknown",0,718123.90000001,0,11920.4,0
"MCI COMMUNICATION SERVICES LLC VERIZON GLOBAL REAL ESTATE","7777 INFANTRY RIDGE RD","Manassas","VA","20109","Prince William",38.80486,-77.51249,"Operating","MCI COMMUNICATION SERVICES LLC VERIZON GLOBAL REAL ESTATE",NA,"Unknown","Unknown",0,721820.70000001,0,9222.1,0
"Mid-County Industrial Park","14901 DUMFRIES RD","Manassas","VA","20112","Prince William",38.63156,-77.41153,"Proposed",NA,NA,"Unknown","Unknown",0,716497.60000001,0,11653.9,0
"NVA05A & NVA05B Proffer Amendment and Rezoning","9101 FREEDOM CENTER BLVD","Manassas","VA","20109","Prince William",38.760544,-77.51536,"Proposed",NA,NA,"Unknown","Unknown",0,721800.40000001,0,10031.4,0
"NVA15 LLC","9650 HORNBAKER RD","Manassas","VA","20109","Prince William",38.74385,-77.53758,"Proposed","STACK INFRASTRUCTURE","48","Medium (11-50 MW)","Unknown",48,722059.40000001,0.402698077116682,11919.6,0.402698077116682
"NVA16 LLC","9530 HORNBAKER RD","Manassas","VA","20109","Prince William",38.748554,-77.53744,"Proposed","Amazon","48","Medium (11-50 MW)","Unknown",48,722059.40000001,0.402698077116682,11919.6,0.402698077116682
"PARSONS BUSINESS PARK LLC","14237 DUMFRIES RD","Manassas","VA","20112","Prince William",38.645596,-77.4416,"Proposed",NA,NA,"Unknown","Unknown",0,717566.70000001,0,11652.8,0
"Potomac Technology Park/ Quantico Ridge","14854 DUMFRIES RD","Manassas","VA","20112","Prince William",38.630245,-77.42247,"Cancelled","Plaza Realty Management Inc",NA,"Unknown","Unknown",0,716501.60000001,0,11650.8,0
"POWERLOFT @ INNOVATION I","9651 HORNBAKER RD","Manassas","VA","20109","Prince William",38.74736,-77.53177,"Operating","POWERLOFT @ INNOVATION I",NA,"Unknown","Unknown",0,722051.90000001,0,11919.6,0
"Project Well","6894 WELLINGTON RD","Manassas","VA","20109","Prince William",38.780552,-77.56264,"Proposed",NA,NA,"Unknown","Unknown",0,722753.00000001,0,8332.1,0
"QTS Manassas DC 2","9400 GODWIN DR","Manassas","VA","20110","Prince William",38.752438,-77.513145,"Operating","QTS Manassas DC 2",NA,"Unknown","Unknown",0,719681.60000001,0,10027.3,0
"QTS Manassas DC 5","9301 FREEDOM CENTER BLVD","Manassas","VA","20109","Prince William",38.75485,-77.51758,"Operating","QTS Manassas DC 5",NA,"Unknown","Unknown",0,721929.40000001,0,10026.6,0
"QTS MANASSAS I DC3 LLC","9480 GODWIN DR","Manassas","VA","20110","Prince William",38.753265,-77.510345,"Expanding","QTS MANASSAS I DC3 LLC",NA,"Unknown","Unknown",0,719681.60000001,0,10027.3,0
"QTS MANASSAS I DC6 LLC","9540 GODWIN DR","Manassas","VA","20110","Prince William",38.75438,-77.509895,"Expanding","QTS MANASSAS I DC6 LLC C/O BLACKSTONE PROPERTY ADVISORS",NA,"Unknown","Unknown",0,719617.60000001,0,10031.1,0
"SI NVA02 LLC A1A","9720 HORNBAKER RD","Manassas","VA","20109","Prince William",38.74435,-77.53293,"Operating","STACK INFRASTRUCTURE",NA,"Unknown","Unknown",0,722051.90000001,0,11919.6,0
"SI NVA02 LLC A2A","9750 HORNBAKER RD","Manassas","VA","20109","Prince William",38.743156,-77.53342,"Operating","STACK INFRASTRUCTURE",NA,"Unknown","Unknown",0,722051.90000001,0,11919.6,0
"SI NVA 04 LLC (Avanti at Innovation)","9590 HORNBAKER RD","Manassas","VA","20109","Prince William",38.74576,-77.53817,"Operating","STACK INFRASTRUCTURE",NA,"Unknown","Unknown",0,722059.40000001,0,11919.6,0
"SI NVA05 LLC","9680 INNOVATION DR","Manassas","VA","20110","Prince William",38.748386,-77.521545,"Operating","STACK INFRASTRUCTURE",NA,"Unknown","Unknown",0,721996.90000001,0,11919.6,0
"SI NVA06 LLC","9700 INNOVATION DR","Manassas","VA","20110","Prince William",38.747314,-77.51989,"Operating","STACK INFRASTRUCTURE",NA,"Unknown","Unknown",0,721925.40000001,0,11919.6,0
"SI NVA07 LLC","9720 INNOVATION DR","Manassas","VA","20110","Prince William",38.746647,-77.51876,"Operating","STACK INFRASTRUCTURE",NA,"Unknown","Unknown",0,721925.40000001,0,11919.6,0
"SI NVA08 LLC","9740 INNOVATION DR","Manassas","VA","20110","Prince William",38.746067,-77.51748,"Operating","STACK INFRASTRUCTURE",NA,"Unknown","Unknown",0,721925.40000001,0,11919.6,0
"South Point Phase II LLC","8300 BUCKEYE TIMBER DR","Manassas","VA","20109","Prince William",38.77665,-77.5567,"Proposed","South Point Phase II LLC",NA,"Unknown","Unknown",0,722093.00000001,0,10026.6,0
"Stoneview","8625 Wellington Rd","Manassas","VA","20109","Prince William",38.76551,-77.51943,"Proposed",NA,NA,"Unknown","Unknown",0,721807.90000001,0,10031.4,0
"UNICORN INTERESTS LLC, PCL C1","10849 AIRMAN AVE","Manassas","VA","20110","Prince William",38.719288,-77.496185,"Proposed","UNICORN INTERESTS LLC",NA,"Unknown","Unknown",0,718125.90000001,0,11918.9,0
"VA6B1 and VA6B2","7749 WELLINGTON RD","Manassas","VA","20109","Prince William",38.76804,-77.53841,"Operating","IRON MOUNTAIN DATA CENTERS LLC",NA,"Unknown","Unknown",0,722074.40000001,0,10026.6,0
"Vulcan Data Center","8501 VULCAN LN","Manassas","VA","20109","Prince William",38.77115,-77.51435,"Proposed","Amazon",NA,"Unknown","Unknown",0,721800.40000001,0,10032.1,0
"WELLINGTON GLEN TECHNOLOGY PARK","11901 SUDLEY MANOR DR","Manassas","VA","20109","Prince William",38.764816,-77.54452,"Proposed",NA,NA,"Unknown","Unknown",0,722082.00000001,0,10026.6,0
"Wellington Road PRA","8819 Wellington Rd","Manassas","VA","20109","Prince William",38.763477,-77.513535,"Proposed",NA,NA,"Unknown","Unknown",0,721800.40000001,0,10032.1,0
"Westview 66","11314 BALLS FORD RD","Manassas","VA","20109","Prince William",38.79625,-77.53552,"Proposed","Microsoft",NA,"Unknown","Unknown",0,721974.00000001,0,10031.4,0
"NVA05C","8860 WELLINGTON RD","MANASSAS","VA","20109","Prince William",38.761223,-77.511635,"Proposed",NA,NA,"Unknown","Unknown",0,719621.60000001,0,10032.1,0
"Roosevelt Building","1755 OLD MEADOW RD","McLean","VA","22102","Fairfax",38.919983,-77.211754,"Operating","YOSEMITE DC ASSETS LLC",NA,"Unknown","Unknown",0,710130.70000001,0,9378.2,0
"Middletown Data Center","8209 Valley Pike","MIddletown","VA","22645","Frederick",39.01765,-78.29093,"Operating","MIDDLETOWN DATA CENTER LLC","6.7","Small (0-10 MW)","Unknown",6.7,737211.800000011,0.156410495844617,4283.6,0.156410495844617
"Project Loch","751 WATKINS CENTRE PKWY","Midlothian","VA","23114","Chesterfield",37.499065,-77.69161,"Proposed",NA,NA,"Unknown","Unknown",0,717912.20000001,0,7886,0
"Province Group @Powhatan Technology Park","1318 PAGE RD","MIDLOTHIAN","VA","23113","Powhatan",37.50839,-77.73239,"Approved/Permitted/Under construction","Province Group","365-2,400","Mega campus (>1,000 MW)","Unknown",365,718692.30000001,4.35373825087075,8383.6,4.35373825087075
"Project Loch (Google)","750 Watkins Centre Pkwy","Midloththian","VA","23114","Chesterfield",37.49932,-77.6884,"Proposed","Google",NA,"Unknown","Unknown",0,717912.20000001,0,8028.4,0
"Lake Anna Tech Campus","Intersection of Haley Dr and Kentucky Springs Rd","Mineral","VA","23117","Louisa",38.04825,-77.80991,"Proposed","Amazon",NA,"Unknown","Unknown",0,727745.40000001,0,9311.7,0
"Project Skye (Google)","4200 Moseley R","Moseley","VA","23120","Chesterfield",37.44824,-77.781,"Proposed","Google",NA,"Unknown","Unknown",0,722913.90000001,0,9066.1,0
"Upper Magnolia Green East","18100 DUVAL RD","Moseley","VA","23120","Chesterfield",37.42037,-77.75997,"Proposed",NA,NA,"Unknown","Unknown",0,720266.60000001,0,10739.5,0
"Upper Magnolia Green West Tract A and Tract B","4401 MOSELEY RD","Moseley","VA","23120","Chesterfield",37.444225,-77.77384,"Proposed",NA,NA,"Unknown","Unknown",0,722539.00000001,0,9066.1,0
"EdgeConneX Norfolk","3800 VILLAGE AVENUE","Norfolk","VA","23502","Norfolk",36.86186,-76.235344,"Operating","Warehouse 888, Llc",NA,"Unknown","Unknown",0,670847.000000009,0,4115,0
"Zone5","2415 ALMEDA AVENUE","Norfolk","VA","23513","Norfolk",36.87813,-76.21608,"Operating","Fair Holdings Llc",NA,"Unknown","Unknown",0,670310.60000001,0,4127.4,0
"Perspecta Datacenter Campus","13600 EDS DR","Oak Hill","VA","20171","Fairfax",38.923347,-77.426834,"Expanding","Amazon",NA,"Unknown","Unknown",0,716467.60000001,0,8851.5,0
"Convergent Technology Park","James Madison St","Remington","VA","22734","Fauquier",38.546986,-77.80626,"Proposed","Convergent VA LLC",NA,"Unknown","Unknown",0,727418.100000011,0,9899.1,0
"Gigaland LLC Data Center","~12283 Lucky Hill Rd","Remington","VA","22734","Fauquier",38.5367,-77.7811,"Suspended",NA,NA,"Unknown","Unknown",0,726324.30000001,0,9833.9,0
"Gigaland Remington","12270 Lucky Hill Road","Remington","VA","22734","Fauquier",38.534485,-77.78287,"Proposed","Gigaland Data Centers",NA,"Unknown","Unknown",0,726324.30000001,0,9831.4,0
"Remington Technology Park","6980 HELM DR","Remington","VA","22734","Fauquier",38.54051,-77.78908,"Proposed","REMINGTON TECHNOLOGY PARK LTD PTNRSHP","300","Hyperscale (100-999 MW)","Unknown",300,726326.600000011,3.02651224728623,9912.4,3.02651224728623
"SAMX Data Center","11825 REMINGTON RD","Remington","VA","22734","Fauquier",38.543182,-77.7834,"Proposed","SAMX Data",NA,"Unknown","Unknown",0,726299.70000001,0,9913.9,0
"Remington Innovation Campus","11462 REMINGTON RD","REMINGTON","VA","22734","Fauquier",38.56304,-77.77671,"Proposed",NA,NA,"Unknown","Unknown",0,726301.500000011,0,10163.4,0
"Coresite 12100 SV & 12098 SV","12379 A SUNRISE VALLEY DR","Reston","VA","20191","Fairfax",38.948456,-77.371704,"Expanding","Coresite",NA,"Unknown","Unknown",0,714246.80000001,0,10991.7,0
"LEMUR PROPERTIES LLC","1780 BUSINESS CENTER DR","Reston","VA","20190","Fairfax",38.948555,-77.32714,"Operating","Digital Realty",NA,"Unknown","Unknown",0,712531.70000001,0,10794,0
"RDC-1807 MICHAEL FARADAY COURT","1807 MICHAEL FARADAY CT","Reston","VA","20190","Fairfax",38.948864,-77.32922,"Operating","RDC-1807 MICHAEL FARADAY COURT LLC",NA,"Unknown","Unknown",0,712730.70000001,0,10924,0
"Science Applications International Corp (SAIC)","12010 SUNSET HILLS RD","Reston","VA","20190","Fairfax",38.952652,-77.34998,"Operating","DISCOVERY SQUARE LLC",NA,"Unknown","Unknown",0,713904.80000001,0,10932.4,0
"SUNRISE TECHNOLOGY PARK","12098 SUNRISE VALLEY DR","Reston","VA","20191","Fairfax",38.950703,-77.36489,"Operating","Coresite",NA,"Unknown","Unknown",0,714204.80000001,0,11005.4,0
"Azalea","5209 WILKINSON RD","Richmond","VA","23227","Henrico",37.604717,-77.423416,"Proposed","BWS Enterprises","10","Small (0-10 MW)","Unknown",10,710150.80000001,0.128496716908883,7782.3,0.128496716908883
"Infotel Systems Data Center","6008 HERMITAGE RD","Richmond","VA","23228","Henrico",37.61285,-77.47348,"Operating","Infotel",NA,"Unknown","Unknown",0,710317.80000001,0,7787.3,0
"Lumen Richmond 1","8851 PARK CENTRAL DR","Richmond","VA","23227","Henrico",37.646786,-77.438446,"Operating","LEVEL 3 COMMUNICATIONS LLC",NA,"Unknown","Unknown",0,710275.20000001,0,7849.8,0
"Richmond Data Center","5209 Wilkinson Rd","Richmond","VA","23227","Henrico",37.60576,-77.4211,"Operating",NA,NA,"Unknown","Unknown",0,710110.10000001,0,7782.3,0
"Wagner Urban Logistics LLC Data Center","near 2248 Darbytown Rd","Richmond","VA","23231","Henrico",37.48448,-77.3579,"Suspended",NA,NA,"Unknown","Unknown",0,706129.10000001,0,8850.8,0
"Google Data Center: Center for Research and Technology","near Thirlane Rd","Roanoke","VA","24019","Roanoke",37.33734,-79.9992,"Proposed","Google",NA,"Unknown","Unknown",0,782630.900000011,0,1426.2,0
"Google Data Center: Summit View Business Park","east and west of Brick Church Rd","Rocky Mount","VA","24151","Franklin",37.07742,-79.9252,"Proposed","Google",NA,"Unknown","Unknown",0,781554.70000001,0,2300.4,0
"Green Energy Center","HOG ISLAND ROAD","Rushmere","VA","23883","Surry",37.152023,-76.685074,"Proposed","Green Energy Partners",NA,"Unknown","Unknown",0,687541.20000001,0,5837.5,0
"ADP Ladysmith Data Hub","18577 GREEN RD","Ruther Glen","VA","22546","Caroline",38.00433,-77.50445,"Proposed",NA,NA,"Unknown","Unknown",0,716941.10000001,0,10350,0
"Airlee Industrial and Data Center Site","Intersection of Rt. 1 and CCC Road","Ruther Glen","VA","22546","Caroline",37.997375,-77.50243,"Proposed",NA,NA,"Unknown","Unknown",0,716941.10000001,0,10299.6,0
"Carmel Church Data Hub","Welcom Way Dr","Ruther Glen","VA","22546","Caroline",37.939327,-77.477974,"Proposed","W & F PARTNERS",NA,"Unknown","Unknown",0,716624.70000001,0,10705.8,0
"Carmel Technology & Enterprise Center","Jericho Road, west of the intersection
 of Jericho Road, Rogers Clark Blvd. & U.S. Route 1","Ruther Glen","VA","22546","Caroline",37.924026,-77.50552,"Proposed",NA,NA,"Unknown","Unknown",0,716772.50000001,0,10718.3,0
"Caroline Center for Innovation","23286 CARNEAL LN","Ruther Glen","VA","22546","Caroline",37.942783,-77.41627,"Proposed",NA,NA,"Unknown","Unknown",0,712983.30000001,0,9270.6,0
"Caroline Center for Innovation - North","13039 Mickey's Wy","Ruther Glen","VA","22546","Caroline",37.95119,-77.42421,"Proposed",NA,NA,"Unknown","Unknown",0,714906.70000001,0,9270.6,0
"CleanArc Data Center (VA1)","8436 Ladysmith Rd","Ruther Glen","VA","22546","Caroline",38.01594,-77.4973,"Approved/Permitted/Under construction","CleanArc","300-600","Hyperscale (100-999 MW)","Unknown",300,716934.10000001,2.92019117518227,10273.3,2.92019117518227
"Thornberry Data Center Campus","23202 Carneal Lane","Ruther Glen","VA","22546","Caroline",37.95416,-77.40686,"Proposed",NA,NA,"Unknown","Unknown",0,712783.30000001,0,9265.7,0
"VALCO Data Center Park","5499 Mt Airy Dr","Ruther Glen","VA","22546","Caroline",37.93823,-77.54898,"Proposed",NA,NA,"Hyperscale (100-999 MW)","Unknown",0,716939.70000001,0,10684.3,0
"VALCO Data Center Park","Mt Airy Road","Ruther Glen","VA","22546","Caroline",37.924103,-77.54387,"Proposed","VALCO CAROLINE COUNTY",NA,"Unknown","Unknown",0,716933.70000001,0,10708.3,0
"Valo Park","7950 JONES BRANCH DR","Ruther Glen","VA","22546","Fairfax",38.932384,-77.21859,"Operating","TAMARES 7950 OWNER LLC",NA,"Unknown","Unknown",0,710145.60000001,0,9380.2,0
"Google Data Center","Glenmary Dr","Salem","VA","24153","Roanoke",37.2685,-80.1678,"Proposed","Google",NA,"Unknown","Unknown",0,792119.30000001,0,1200.5,0
"Atlantic Crossing","2801 OLD WILLIAMSBURG RD","Sandston","VA","23150","Henrico",37.504288,-77.26043,"Proposed","ATLANTIC CROSSING LLC",NA,"Unknown","Unknown",0,703228.90000001,0,9003.8,0
"Bank of America","6050 TECHNOLOGY CREEK DR","Sandston","VA","23150","Henrico",37.495663,-77.23808,"Operating","Bank of America",NA,"Unknown","Unknown",0,703149.20000001,0,9003.8,0
"Meta Henrico Data Center","6200 TECHNOLOGY BLVD","Sandston","VA","23150","Henrico",37.48185,-77.236465,"Operating","Meta",NA,"Unknown","Unknown",0,703069.20000001,0,7110.8,0
"Meta Richmond Data Center","7301 TECHNOLOGY BLVD","Sandston","VA","23150","Henrico",37.47831,-77.22688,"Operating","Meta",NA,"Unknown","Unknown",0,703020.10000001,0,7130.8,0
"Project Tropical","3951 PORTUGEE RD","Sandston","VA","23150","Henrico",37.4738,-77.23478,"Expanding","Meta",NA,"Unknown","Unknown",0,703052.20000001,0,7116.8,0
"Sandston Data Center Campus","5900 Technology Blvd","Sandston","VA","23150","Henrico",37.47669,-77.2329,"Approved/Permitted/Under construction",NA,"200","Hyperscale (100-999 MW)","Unknown",200,703058.20000001,2.81025179856115,7116.8,2.81025179856115
"White Oak Tech Park (QTS)","6000 TECHNOLOGY BLVD","Sandston","VA","23150","Henrico",37.489464,-77.24603,"Operating","QTS Data Centers",NA,"Hyperscale (100-999 MW)","Unknown",0,703156.20000001,0,9003.8,0
"Hillcrest Data Center","49 COUNTRY LANE","South Hill","VA","23970","Mecklenburg",36.70315,-78.12708,"Proposed","Microsoft",NA,"Unknown","Unknown",0,731335.50000001,0,7343.4,0
"Microsoft","260 Butts St","South Hill","VA","23970","Mecklenburg",36.70687,-78.1278,"Approved/Permitted/Under construction","Microsoft",NA,"Unknown","Unknown",0,731511.00000001,0,7343.4,0
"South Hill Data Center Campus","Tunstall Rd","South Hill","VA","23970","Mecklenburg",36.74631,-78.1018,"Proposed","Microsoft",NA,"Unknown","Unknown",0,731501.00000001,0,7322.2,0
"AWS H&M Property","25500 MEADOWDALE DR","South Riding","VA","20152","Loudoun",38.92111,-77.4863,"Expanding","Amazon",NA,"Unknown","Unknown",0,718947.50000001,0,7592.2,0
"Firefox Dulles","44150 WADE DR","South Riding","VA","20152","Loudoun",38.920612,-77.472885,"Proposed","Brian Clifford/DLA PIPER LLP (US)",NA,"Unknown","Unknown",0,716755.60000001,0,9288.2,0
"Sutton Bay","25800 SUTTON BAY PLZ","South Riding","VA","20152","Loudoun",38.91631,-77.47834,"Operating","Amazon",NA,"Unknown","Unknown",0,716756.60000001,0,9288.2,0
"Gateway Commerce Center","5654 Hickory Ridge RD","Spotsylvania","VA","22551","Spotsylvania",38.165024,-77.529495,"Proposed",NA,NA,"Unknown","Unknown",0,718141.60000001,0,9108,0
"SpotsyTech Campus","West of I-95, east of N Roxbury Mill Rd","Spotsylvania Courthouse","VA","22551","Spotsylvania",38.159935,-77.51494,"Proposed",NA,"800","Hyperscale (100-999 MW)","Unknown",800,718110.30000001,8.79555824308724,9095.5,8.79555824308724
"AWS Loisdale Station","7961 Loisdale Rd","Springfield","VA","22150","Fairfax",38.742268,-77.186424,"Proposed","Amazon",NA,"Unknown","Unknown",0,707140.80000001,0,12300.5,0
"VA 95 BUILDING NINE LP","7600 BOSTON BLVD","Springfield","VA","22153","Fairfax",38.739193,-77.20798,"Operating","VA 95 BUILDING NINE LP",NA,"Unknown","Unknown",0,707160.30000001,0,12373.6,0
"Accokeek Center","RT 1/Interstate 95 South of Rappahannock Regional Jail","Stafford","VA","22554","Stafford",38.403713,-77.427,"Proposed",NA,NA,"Unknown","Unknown",0,715277.10000001,0,11900.7,0
"Austin Ridge Logisitics Center","End of Cedar Lane, Hartwood","Stafford","VA","22554","Stafford",38.4145,-77.43574,"Proposed",NA,NA,"Unknown","Unknown",0,715310.20000001,0,11855.6,0
"GWV","Ramoth Church Rd, Courthouse Road, and 95","Stafford","VA","22554","Stafford",38.419758,-77.44698,"Proposed",NA,NA,"Unknown","Unknown",0,715585.50000001,0,11855.6,0
"Old Potomac Church Data Center","Old Potomac Church Road","Stafford","VA","22554","Stafford",38.411324,-77.40424,"Proposed",NA,NA,"Unknown","Unknown",0,715137.00000001,0,11903.2,0
"Stack Data Center","~350 Eskimo Hill Rd","Stafford","VA","22554","Stafford",38.38504,-77.4276,"Proposed",NA,"1100","Mega campus (>1,000 MW)","Unknown",1100,715290.00000001,9.28262208757732,11850.1,9.28262208757732
"Stafford Technology Campus","east side of Richmond Highway, across from Sage Lane","Stafford","VA","22554","Stafford",38.38512,-77.43162,"Proposed",NA,"1,000","Mega campus (>1,000 MW)","Unknown",1000,715311.00000001,8.43874735234302,11850.1,8.43874735234302
"113 EXECUTIVE DR Prologis","113 EXECUTIVE DR","Sterling","VA","20166","Loudoun",38.99067,-77.44434,"Proposed","Prologis",NA,"Unknown","Unknown",0,716765.70000001,0,7045.2,0
"1304 SQUIRE CT","1304 SQUIRE CT","Sterling","VA","20166","Loudoun",39.02153,-77.43476,"Operating","ELECTRIC BUILDING LLC",NA,"Unknown","Unknown",0,716655.30000001,0,9147,0
"1501 Moran Road","1501 Moran Road","Sterling","VA","20166","Loudoun",38.995197,-77.44623,"Proposed","EdgeCore Digital/Partners Group",NA,"Unknown","Unknown",0,716765.70000001,0,7033.9,0
"21641 CHARLES VIEW DR","21641 CHARLES VIEW DR","Sterling","VA","20166","Loudoun",39.017963,-77.43968,"Operating","Amazon",NA,"Unknown","Unknown",0,716660.80000001,0,8306.1,0
"22350 KIPPER DR AWS","22350 KIPPER DR","Sterling","VA","20166","Loudoun",38.99509,-77.43511,"Operating","Amazon",NA,"Unknown","Unknown",0,716514.40000001,0,8300,0
"22370 KIPPER DR AWS","22370 KIPPER DR","Sterling","VA","20166","Loudoun",38.996964,-77.43581,"Operating","Amazon",NA,"Unknown","Unknown",0,716514.40000001,0,8300,0
"22660 Executive Dr Prologis","22660 Executive Dr","Sterling","VA","20166","Loudoun",38.989754,-77.44206,"Proposed","Prologis",NA,"Unknown","Unknown",0,716765.70000001,0,7044.1,0
"22945 INTERNATIONAL DR AWS","22945 INTERNATIONAL DR","Sterling","VA","20166","Loudoun",38.98216,-77.42751,"Operating","Amazon",NA,"Unknown","Unknown",0,716503.30000001,0,8417.8,0
"23005 INTERNATIONAL DR","23005 INTERNATIONAL DR","Sterling","VA","20166","Loudoun",38.98,-77.42562,"Operating","DULLES NCP II LLC",NA,"Unknown","Unknown",0,716503.30000001,0,10112.3,0
"45845 NOKES BLVD","45845 NOKES BLVD","Sterling","VA","20166","Loudoun",39.02387,-77.41527,"Operating","MEDINA DC 2 ASSETS LLC",NA,"Unknown","Unknown",0,716284.20000001,0,9222.2,0
"Aligned: IAD03","22715 Relocation Dr","Sterling","VA","20166","Loudoun",38.98857,-77.4409,"Operating","Vantage Data Centers VA2 LLC; Ryan Dorsett","72","Large (51-99 MW)","Unknown",72,716765.70000001,1.02213199699039,7044.1,1.02213199699039
"AWS: IAD58","22745 Relocation Dr","Sterling","VA","20166","Loudoun",38.98633,-77.4419,"Operating",NA,NA,"Unknown","Unknown",0,716765.70000001,0,7042.1,0
"C1 NORTHERN VA - STERLING I-III","21111 Ridgetop","Sterling","VA","20166","Loudoun",39.026066,-77.414536,"Operating","CyrusOne","48","Medium (11-50 MW)","Unknown",48,716284.20000001,0.520483181887185,9222.2,0.520483181887185
"CORSCALE VA2 BLDG 1","45695 RUSSELL BRANCH PKWY","Sterling","VA","20166","Loudoun",39.03804,-77.433716,"Proposed",NA,NA,"Unknown","Unknown",0,716660.80000001,0,9153,0
"CPUS STERLING LP","45900 PATHFINDER PLZ","Sterling","VA","20164","Loudoun",38.987747,-77.410866,"Operating","CPUS STERLING LP",NA,"Unknown","Unknown",0,716273.20000001,0,10953.2,0
"CYXTERA COLOCATION","21110 RIDGETOP CIR","Sterling","VA","20166","Loudoun",39.0248,-77.41234,"Operating","MEDINA DC 2 ASSETS LLC",NA,"Unknown","Unknown",0,716284.20000001,0,9222.2,0
"CYXTERA DC2 COLOCATION","45901 NOKES BLVD","Sterling","VA","20166","Loudoun",39.023247,-77.413185,"Operating","MEDINA DC 2 ASSETS LLC",NA,"Unknown","Unknown",0,716284.20000001,0,9222.2,0
"DATA CENTER BUILDING C","22631 DULLES SUMMIT CT","Sterling","VA","20166","Loudoun",38.99172,-77.448555,"Operating","DCT DULLES PHASE II LLC",NA,"Unknown","Unknown",0,716765.70000001,0,7033.9,0
"DC 21/IAD 98","45305 W SEVERN WAY","Sterling","VA","20166","Loudoun",39.01946,-77.434006,"Operating","BCORE COPT DC-21 LLC",NA,"Unknown","Unknown",0,716455.20000001,0,9147,0
"DCT DULLES DOWNS Land Bay A","45111 LOUDOUN DOWNS LN","Sterling","VA","20166","Loudoun",38.991177,-77.44137,"Operating","DCT DULLES DOWNS LLC",NA,"Unknown","Unknown",0,716765.70000001,0,7045.2,0
"DCT DULLES DOWNS Land Bay B","45220 PROLOGIS PLZ","Sterling","VA","20166","Loudoun",38.990135,-77.437294,"Operating","DCT DULLES DOWNS LLC",NA,"Unknown","Unknown",0,716714.50000001,0,7044.1,0
"DCT DULLES DOWNS Land Bay B","22685 RELOCATION DR","Sterling","VA","20166","Loudoun",38.98938,-77.43785,"Proposed","DCT DULLES DOWNS LLC",NA,"Unknown","Unknown",0,716765.70000001,0,7044.1,0
"DCT DULLES PHASE II","22651 DULLES SUMMIT CT","Sterling","VA","20166","Loudoun",38.988132,-77.450516,"Operating","DCT DULLES PHASE II LLC",NA,"Unknown","Unknown",0,716765.70000001,0,7042,0
"DIGITAL STERLING PREMIER","22574 PACIFIC BLVD","Sterling","VA","20166","Loudoun",38.99004,-77.43468,"Operating","DIGITAL STERLING PREMIER LLC",NA,"Unknown","Unknown",0,716514.40000001,0,7044.1,0
"Dulles 2000 Redevelopment",NA,"Sterling","VA","20166","Loudoun",38.975124,-77.42687,"Proposed","BCG JV Sterling LLC; Phil Tager",NA,"Unknown","Unknown",0,716503.30000001,0,10112.3,0
"Dulles 28 Technology Park","45870 MEMPHIS PLZ","Sterling","VA","20166","Loudoun",39.0084,-77.44291,"Proposed","BlackChamber Group",NA,"Unknown","Unknown",0,716772.20000001,0,7029.1,0
"Dulles Commerce","23700 PEBBLE RUN PL","Sterling","VA","20166","Loudoun",38.961967,-77.49829,"Expanding","PROLOGIS-EXCHANGE 43461 OLD OX ROAD LLC",NA,"Unknown","Unknown",0,719368.80000001,0,6957.3,0
"DULLES NCP LLC","22916 INTERNATIONAL DR","Sterling","VA","20166","Loudoun",38.9824,-77.42485,"Operating","DULLES NCP LLC",NA,"Unknown","Unknown",0,716503.30000001,0,8417.8,0
"DULLES NORTH CORPORATE PARK 8",NA,"Sterling","VA","20166","Loudoun",38.995342,-77.432556,"Proposed","John Collich/BF SAUL REAL ESTATE INVESTMENT",NA,"Unknown","Unknown",0,716514.40000001,0,8300,0
"Dulles Trade Center West","42670 TRADE WEST DR","Sterling","VA","20166","Loudoun",38.95402,-77.52864,"Proposed","10 Trade West Drive LLC/Charles S Kuhn Manager",NA,"Unknown","Unknown",0,719452.40000001,0,6992.1,0
"FR SUMMIT AWS","22630 DULLES SUMMIT CT","Sterling","VA","20166","Loudoun",38.98871,-77.44765,"Operating","FR SUMMIT LLC",NA,"Unknown","Unknown",0,716765.70000001,0,7044.1,0
"GI TC 45360 SEVERN WAY LLC","45360 W SEVERN WAY","Sterling","VA","20166","Loudoun",39.021675,-77.432915,"Operating","GI TC 45360 SEVERN WAY LLC",NA,"Unknown","Unknown",0,716455.20000001,0,9147,0
"HORSESHOE DRIVE","45925 HORSESHOE DR","Sterling","VA","20166","Loudoun",39.026024,-77.411606,"Proposed",NA,NA,"Unknown","Unknown",0,716284.20000001,0,9222.2,0
"IAD03","22580 RELOCATION DR","Sterling","VA","20166","Loudoun",38.993076,-77.43411,"Operating","Aligned Data Centers",NA,"Unknown","Unknown",0,716514.40000001,0,8306.9,0
"IAD214","22760 PACIFIC BLV","Sterling","VA","20166","Loudoun",38.986732,-77.43558,"Operating",NA,NA,"Unknown","Unknown",0,716514.40000001,0,7149.1,0
"IAD2 Evoque Cyxtera","22810 INTERNATIONAL DR","Sterling","VA","20166","Loudoun",38.984196,-77.42402,"Operating","22810-22860 INTERNATIONAL DRIVE LLC",NA,"Unknown","Unknown",0,716503.30000001,0,8417.8,0
"IAD3 Evoque Cyxtera","22995 WILDER CT","Sterling","VA","20166","Loudoun",38.98106,-77.444336,"Operating","22995 WILDER COURT LLC",NA,"Unknown","Unknown",0,716765.70000001,0,7149.1,0
"IAD57 Data Center","22755 Relocation Dr","Sterling","VA","20166","Loudoun",38.98704,-77.4426,"Operating",NA,NA,"Unknown","Unknown",0,716765.70000001,0,7044.1,0
"IAD76","22520 RANDOLPH DR","Sterling","VA","20166","Loudoun",38.994057,-77.45023,"Operating","FR RANDOLPH DRIVE LLC",NA,"Unknown","Unknown",0,716772.20000001,0,7033.9,0
"JK TECHNOLOGY PARK #3","24393 STONE SPRINGS BLVD","Sterling","VA","20166","Loudoun",38.945557,-77.54126,"Proposed",NA,NA,"Unknown","Unknown",0,720965.900000011,0,7490.1,0
"Loudoun Commerce Center","45975 Nokes Blvd","Sterling","VA","20166","Loudoun",39.0224,-77.41007,"Proposed","Amazon",NA,"Unknown","Unknown",0,716284.20000001,0,9220.2,0
"Manekin Plaza","46000 MANEKIN PLZ","Sterling","VA","20166","Loudoun",39.023773,-77.40789,"Proposed","Amazon",NA,"Unknown","Unknown",0,716284.20000001,0,9220.2,0
"MARIES TECH PARK LLC","45761 MARIES RD","Sterling","VA","20166","Loudoun",39.024,-77.4195,"Operating","Amazon",NA,"Unknown","Unknown",0,716284.20000001,0,9219.7,0
"MECP1 ASHBURN 1 LLC","21215 ATLANTIC BLVD","Sterling","VA","20166","Loudoun",39.028484,-77.42769,"Operating",NA,NA,"Unknown","Unknown",0,716327.20000001,0,9156,0
"MECP 1 ASHBURN 2 LLC","45831 MARIES RD","Sterling","VA","20166","Loudoun",39.02199,-77.415115,"Proposed","EdgeCore Digital/Partners Group",NA,"Unknown","Unknown",0,716284.20000001,0,9220.2,0
"MECP2 ASHBURN 2 LLC","21205 ATLANTIC BLVD","Sterling","VA","20166","Loudoun",39.03041,-77.429016,"Operating",NA,NA,"Unknown","Unknown",0,716327.20000001,0,9154.5,0
"MECP3 ASHBURN 3 LLC","21195 ATLANTIC BLVD","Sterling","VA","20166","Loudoun",39.03235,-77.42991,"Operating",NA,NA,"Unknown","Unknown",0,716460.70000001,0,9154.5,0
"ME-DC Pacific","22255 PACIFIC BLVD","Sterling","VA","20166","Loudoun",38.999855,-77.445175,"Proposed",NA,NA,"Unknown","Unknown",0,716766.70000001,0,7027,0
"NV-4 CYRUSONE LLC","22811 INTERNATIONAL DR","Sterling","VA","20166","Loudoun",38.984684,-77.42581,"Operating","C1 NORTHERN VIRGINIA - STERLING IV LLC","13","Medium (11-50 MW)","Unknown",13,716503.30000001,0.154355801997127,8422.1,0.154355801997127
"NV-8 CYRUSONE","45905 MARIES RD","Sterling","VA","20166","Loudoun",39.021248,-77.41337,"Operating","C1 NORTHERN VIRGINIA - STERLING VIII LLC",NA,"Unknown","Unknown",0,716284.20000001,0,9220.2,0
"NV-9 CYRUSONE","43290 OLD OX RD","Sterling","VA","20166","Loudoun",38.958664,-77.50507,"Expanding","C1 NORTHERN VIRGINIA - STERLING IX LLC","135","Hyperscale (100-999 MW)","Unknown",135,719444.80000001,1.93019831000415,6994.1,1.93019831000415
"NVA01 STACK INFRASTRUCTURE","22080 PACIFIC BLVD","Sterling","VA","20166","Loudoun",39.004543,-77.44198,"Operating","SI NVA01, LLC",NA,"Unknown","Unknown",0,716766.70000001,0,7029.1,0
"Paragon Park Lot 3B","Intersection of Pacific Blvd and Charles View Dr","Sterling","VA","20166","Loudoun",39.01517,-77.43475,"Proposed","BlackChamber Group",NA,"Unknown","Unknown",0,716655.30000001,0,8304.1,0
"PROLOGIS-EXCHANGE 43461 OLD OX ROAD","23965 CARTERS SCHOOL RD","Sterling","VA","20166","Loudoun",38.95321,-77.49552,"Expanding",NA,NA,"Unknown","Unknown",0,718968.80000001,0,7106.8,0
"PROLOGIS-EXCHANGE 43461 OLD OX ROAD","23845 ERINS RUN DR","Sterling","VA","20166","Loudoun",38.95745,-77.49768,"Expanding","PROLOGIS-EXCHANGE 43461 OLD OX ROAD LLC",NA,"Unknown","Unknown",0,719168.80000001,0,7108.8,0
"Prologis NOVA 1","22675 DULLES SUMMIT CT","Sterling","VA","20166","Loudoun",38.98944,-77.44955,"Expanding","Prologis",NA,"Unknown","Unknown",0,716765.70000001,0,7045.2,0
"PROLOGIS PARK GATEWAY II","45180 GLOBAL PLZ","Sterling","VA","20166","Loudoun",38.98795,-77.43817,"Proposed","Prologis",NA,"Unknown","Unknown",0,716765.70000001,0,7042.1,0
"QTS Ashburn-Moran","1506 MORAN RD","Sterling","VA","20166","Loudoun",38.99446,-77.44814,"Operating","QTS DULLES LLC",NA,"Unknown","Unknown",0,716765.70000001,0,7033.9,0
"QTS BRODERICK ACQUISITION CO LLC","22271 BRODERICK DR","Sterling","VA","20166","Loudoun",38.999104,-77.44982,"Operating","QTS INVESTMENT PROPERTIES ASHBURN LLC",NA,"Unknown","Unknown",0,716772.20000001,0,7027,0
"QTS Lockridge ASH2 Quality Tech Lane DC1","44675 QUALITY TECH LN","Sterling","VA","20166","Loudoun",38.995537,-77.455315,"Operating","ASHBURN ACQUISITION CO II LLC",NA,"Unknown","Unknown",0,716772.20000001,0,7014.3,0
"QTS Lockridge ASH2 Quality Tech Lane DC2","44655 QUALITY TECH LN","Sterling","VA","20166","Loudoun",38.995434,-77.456924,"Operating","QTS Data Centers",NA,"Unknown","Unknown",0,716772.20000001,0,7014.3,0
"RIDGETOP CENTER","21670 RIDGETOP CIR","Sterling","VA","20166","Loudoun",39.024727,-77.409904,"Proposed",NA,NA,"Unknown","Unknown",0,716284.20000001,0,9222.2,0
"SHAW ROAD BUSINESS PARK","22930 SHAW RD","Sterling","VA","20166","Loudoun",38.98132,-77.42225,"Proposed",NA,NA,"Unknown","Unknown",0,716503.30000001,0,10112.3,0
"Sterling Data Center","45110 Loudoun Downs Lane","Sterling","VA","20166","Loudoun",38.99129,-77.4414,"Operating",NA,NA,"Unknown","Unknown",0,716765.70000001,0,7045.2,0
"STERLING VI, V","21340 PACIFIC BLVD","Sterling","VA","20166","Loudoun",39.02435,-77.434105,"Operating",NA,NA,"Unknown","Unknown",0,716660.80000001,0,9147,0
"Thayer Road","45564 THAYER RD","Sterling","VA","20166","Loudoun",39.026966,-77.42448,"Proposed",NA,NA,"Unknown","Unknown",0,716326.20000001,0,9218.2,0
"VANTAGE DATA CENTERS VA11","45200 VANTAGE DATA PLZ","Sterling","VA","20166","Loudoun",39.002132,-77.43738,"Operating","VANTAGE DATA CENTERS VA11 LLC",NA,"Unknown","Unknown",0,716714.50000001,0,8300,0
"VANTAGE DATA CENTERS VA12","45194 VANTAGE DATA PLZ","Sterling","VA","20166","Loudoun",39.003056,-77.4401,"Operating","VANTAGE DATA CENTERS VA12 LLC",NA,"Unknown","Unknown",0,716765.70000001,0,7027,0
"Vantage V2 Campus 22318 Glenn Drive","22435 GLENN DR","Sterling","VA","20164","Loudoun",38.997974,-77.43019,"Operating","VANTAGE DATA CENTERS VA2 LLC",NA,"Unknown","Unknown",0,716454.20000001,0,8300,0
"VERISIGN INC","22340 DRESDEN ST","Sterling","VA","20166","Loudoun",38.997738,-77.44368,"Operating","VERISIGN INC",NA,"Unknown","Unknown",0,716765.70000001,0,7027,0
"Western Lands","43616 CAPACITY DR","Sterling","VA","20166","Loudoun",38.954502,-77.48892,"Proposed","Digital Realty",NA,"Unknown","Unknown",0,718961.20000001,0,7106.8,0
"108 CARPENTER DRIVE","108 CARPENTER DR","STERLING","VA","20164","Loudoun",38.99123,-77.42243,"Proposed",NA,NA,"Unknown","Unknown",0,716443.10000001,0,9263,0
"ARCOLA",NA,"STERLING","VA","20166","Loudoun",38.94413,-77.5357,"Proposed","PowerHouse Data Centers",NA,"Unknown","Unknown",0,720963.70000001,0,7484.8,0
"Arcola Pacific Campus","22020 BRODERICK DR","STERLING","VA","20166","Loudoun",39.004864,-77.44699,"Proposed","PowerHouse Data Centers",NA,"Unknown","Unknown",0,716772.20000001,0,7029.1,0
"DULLES DISTRIBUTION Landbay A","45055 UNDERWOOD LN","STERLING","VA","20166","Loudoun",38.980274,-77.441475,"Proposed",NA,NA,"Unknown","Unknown",0,716765.70000001,0,7149.1,0
"DULLES DISTRIBUTION Landbay B","45085 OLD OX RD","STERLING","VA","20166","Loudoun",38.978138,-77.4419,"Proposed",NA,NA,"Unknown","Unknown",0,716764.70000001,0,7149.1,0
"Dulles Electric Data Centers","22570 SHAW RD 100","STERLING","VA","20166","Loudoun",38.99133,-77.42659,"Proposed",NA,NA,"Unknown","Unknown",0,716453.20000001,0,8422.1,0
"GLENN DRIVE NORTH & SOUTH","22815 GLENN DR 101","STERLING","VA","20164","Loudoun",38.988274,-77.416306,"Proposed",NA,NA,"Unknown","Unknown",0,716402.10000001,0,10957.5,0
"MERCURE BUSINESS PARK LOT 22","44211 MERCURE CIR","STERLING","VA","20166","Loudoun",38.98593,-77.478325,"Proposed",NA,NA,"Unknown","Unknown",0,718957.20000001,0,7023.4,0
"MERCURE BUSINESS PARK LOT 4A1B","44122 MERCURE CIR","STERLING","VA","20166","Loudoun",38.98479,-77.48216,"Proposed",NA,NA,"Unknown","Unknown",0,719357.20000001,0,7023.4,0
"MERCURE BUSINESS PARK LOTS 19 AND 20","44083 MERCURE CIR","STERLING","VA","20166","Loudoun",38.985,-77.47932,"Proposed",NA,NA,"Unknown","Unknown",0,718957.20000001,0,7023.4,0
"VA 16","22321 PACIFIC BLVD","STERLING","VA","20166","Loudoun",38.99909,-77.44114,"Operating",NA,NA,"Unknown","Unknown",0,716765.70000001,0,7027,0
"Marvell Developments","20420 GERMANNA HWY","Stevensburg","VA","22741","Culpeper",38.435802,-77.87576,"Proposed","Amazon",NA,"Unknown","Unknown",0,728892.100000011,0,10773.4,0
"42139 REEDS FARM LN","42090 REEDS FARM LN","Stone Ridge","VA","20105","Loudoun",38.944927,-77.549866,"Proposed","Amazon",NA,"Unknown","Unknown",0,721619.900000011,0,7488.6,0
"IAD11","41840 GROWTH MINDSET LN","Stone Ridge","VA","20105","Loudoun",38.948166,-77.55538,"Operating","Microsoft",NA,"Unknown","Unknown",0,721687.400000011,0,7490.6,0
"Quail Ridge C - D","24214 QUAIL RIDGE LN","Stone Ridge","VA","20105","Loudoun",38.94839,-77.55884,"Operating",NA,NA,"Unknown","Unknown",0,721687.400000011,0,7492.6,0
"Google Data Center","south of Storelea Dr","Troutville (Botetourt County)","VA","24175","Botetourt",37.44555,-79.9223,"Proposed","Google",NA,"Hyperscale (100-999 MW)","Unknown",0,782250.400000011,0,1225.4,0
"ELIAS DC ASSETS","1764 A OLD MEADOW LN","Tysons","VA","22102","Fairfax",38.91998,-77.21348,"Operating","ELIAS DC ASSETS LLC",NA,"Unknown","Unknown",0,710130.70000001,0,9380.2,0
"Tysons Enterprise West","7980 and 7990 Quantum Dr","Vienna","VA","22182","Fairfax",38.909004,-77.2205,"Expanding","Equinix",NA,"Unknown","Unknown",0,710132.30000001,0,9380.2,0
"Globalinx Virginia Beach","1632 Corporate Landing Pkwy","Virginia Beach","VA","23454","Virginia Beach",36.783707,-76.00894,"Operating","LANDING 888 LLC",NA,"Unknown","Unknown",0,666580.100000009,0,3674.5,0
"Telxius Cable Landing Station Virginia Beach","1900 Corporate Landing Pkwy Cm","Virginia Beach","VA","23454","Virginia Beach",36.777546,-76.00713,"Expanding","Telxius",NA,"Unknown","Unknown",0,666580.100000009,0,3674.5,0
"DATA CENTER VINT HILL","6872 WATSON CT","Warrenton","VA","20187","Fauquier",38.747417,-77.674255,"Expanding","DATA CENTER VINT HILL LLC",NA,"Unknown","Unknown",0,724411.800000011,0,10187.2,0
"Maple Tree Farm","8275 MAPLE TREE LN","Warrenton","VA","20187","Fauquier",38.691586,-77.77973,"Proposed",NA,NA,"Unknown","Unknown",0,727194.70000001,0,10224.4,0
"Vint Hill Technology Campus (CyrusOne)","Vint Hill Pkwy","Warrenton","VA","20117","Fauquier",38.75228,-77.67349,"Proposed","C1 Vint Hill LLC",NA,"Unknown","Unknown",0,724391.300000011,0,10187.2,0
"Vint Hill Corners","4295 AIKEN DR","WARRENTON","VA","20187","Fauquier",38.744583,-77.68534,"Proposed","Vint Hill Corners LLC",NA,"Unknown","Unknown",0,726375.700000011,0,10185.2,0
"DP Facilities: Mineral Gap","5978 WINDSWEPT BLVD","Wise","VA","24293","Wise",36.978065,-82.52703,"Expanding","DP FACILITIES INC SOUTH LLC",NA,"Unknown","Unknown",0,875860.700000007,0,2842.8,0
"Amazon Data Service: Orrock Rd","Orrock Ln","Woodford","VA","22580","Spotsylvania",38.121346,-77.50528,"Proposed","Amazon",NA,"Hyperscale (100-999 MW)","Unknown",0,718084.00000001,0,8863,0
"Mattameade Tech Campus","Stonewall Jackson Road just east of the Mudd Tavern","Woodford","VA","22580","Caroline",38.114647,-77.49115,"Proposed","Amazon",NA,"Unknown","Unknown",0,717929.80000001,0,8850.5,0
"Mattameade Tech Campus",NA,"Woodford","VA","22580","Spotsylvania",38.12168,-77.504196,"Proposed","Amazon",NA,"Unknown","Unknown",0,718084.00000001,0,8850.5,0
"Stack Data Center","6100 Berry Hill Rd/ Berry Hill Southern Virginia Megasite","Danville","VA","24541","Pittsylvania",36.5541,-79.59838,"Proposed","Stack","299","Hyperscale (100-999 MW)","Unknown",299,771967.300000011,3.4147232817889,8756.2,3.4147232817889
"Sabey Data Centers - Columbia","4405 Grant Rd","East Wenatchee","WA","98802","Douglas",47.4067,-120.187,"Operating",NA,NA,"Unknown","Unknown",0,221663.399999999,0,6978.8,0
"Equinix Data Center","6906 S 204th St","Kent","WA","98032","King",47.42195,-122.247,"Operating",NA,NA,"Unknown","Unknown",0,199701.199999999,0,1093.6,0
"TierPoint - Spokane Data Center (SPO03)","23017 E Mission Ave","Liberty Lake","WA","99019","Spokane",47.67205,-117.096,"Operating",NA,NA,"Unknown","Unknown",0,237084.899999999,0,808.1,0
"Centersquare Seattle Data Center (Lynnwood)","17300 Hwy 99","Lynnwood","WA","98037","Snohomish",47.84165,-122.302,"Operating",NA,NA,"Unknown","Unknown",0,193335.8,0,708,0
"Digital Fortress Data Center","4200 194th St SW","Lynnwood","WA","98036","Snohomish",47.82266,-122.289,"Operating",NA,NA,"Unknown","Unknown",0,193682.4,0,708,0
"Microsoft","5375 Malaga Alcoa Hwy","Malaga","WA","98828","Chelan",47.3591,-120.159,"Operating","Microsoft",NA,"Unknown","Unknown",0,222418.599999999,0,4532,0
"Bitfarm Bitcoin Washington","7906 Randolph Rd NE","Moses Lake","WA","98837","Grant",47.19689,-119.293205,"Operating",NA,"18","Medium (11-50 MW)","Unknown",18,232619.299999999,0.538873753854444,3340.3,0.538873753854444
"State Data Center","1500 Jefferson St SE","Olympia","WA","98504","Thurston",47.03483,-122.895,"Operating",NA,NA,"Unknown","Unknown",0,196349,0,3131.9,0
"North Olympic Peninsula Data Centers","213 W Patison St B","Port Hadlock-Irondale","WA","98339","Jefferson",48.04007,-122.785,"Operating",NA,NA,"Unknown","Unknown",0,177940.5,0,719.9,0
"CyrusOne Quincy","1025 D St NW","Quincy","WA","98848","Grant",47.24391,-119.87,"Operating",NA,NA,"Unknown","Unknown",0,227918.699999999,0,5488.1,0
"H5 Data Center","1500 M Street NE","Quincy","WA","98848","Grant",47.247917,-119.82491,"Operating","H5 Data Centers","82","Large (51-99 MW)","Unknown",82,228118.199999999,1.49414187059274,5488.1,1.49414187059274
"Vantage Data Center","2101 M St NE","Quincy","WA","98848","Grant",47.24988,-119.814,"Operating",NA,NA,"Unknown","Unknown",0,228181.199999999,0,5488.1,0
"Atlas Agro","2100 Horn Rapids Rd","Richland","WA","99354","Benton",46.355118,-119.3108,"Proposed",NA,NA,"Hyperscale (100-999 MW)","Unknown",0,259766.499999999,0,8069.4,0
"Digital Fortress Seattle Data Center","12101 Tukwila International Blvd","Seattle","WA","98168","King",47.49397,-122.294,"Operating",NA,NA,"Unknown","Unknown",0,198058.9,0,1099.4,0
"H5 Data Centers","1000 Denny Wy","Seattle","WA","98109","King",47.61901,-122.337,"Operating",NA,NA,"Unknown","Unknown",0,197856,0,847.6,0
"Seattle EdgeConneX Edge Data Center® (EDC)","3425 S 116th Street, Building 6, Suite 133","Seattle","WA","98168","King",47.49822,-122.29,"Operating",NA,"4.5","Small (0-10 MW)","Unknown",4.5,198058.9,0.4093141713662,1099.4,0.4093141713662
"TierPoint - Seattle Data Center","100 4th Ave N #400","Seattle","WA","98109","King",47.61893,-122.349,"Operating",NA,NA,"Unknown","Unknown",0,197847.2,0,847.6,0
"Centersquare Seattle Data Center (Tukwila 2)","6101 S 180th St","Tukwila","WA","98188","King",47.44046,-122.256,"Operating",NA,NA,"Unknown","Unknown",0,199574.199999999,0,1094.1,0
"Beaver Dam Meta Data Center","8715–8773 County Road A","Beaver Dam","WI","53916","Dodge",43.51469,-88.8214,"Approved/Permitted/Under construction","Meta",NA,"Hyperscale (100-999 MW)","Yes",0,846368.30000001,0,5967.5,0
"Edge Data Center","Hwy 151 and Hemlock Rd","Beaver Dam","WI","53916","Dodge",43.502884,-88.8095,"Proposed",NA,NA,"Unknown","Unknown",0,846645.40000001,0,6017.5,0
"Meta Data Center","between Town Line Rd, South Prairie Ave, and East Philhower Rd","Beloit","WI","53511","Rock",42.57651,-88.99512,"Proposed","Meta",NA,"Unknown","Unknown",0,889293.800000008,0,6388.3,0
"Carlton Cloverleaf Data Center",NA,"Carlton","WI",NA,"Kewaunee",44.42317,-87.53463,"Cancelled","Cloverleaf","100","Hyperscale (100-999 MW)","Yes",100,787389.30000001,2.76456928010616,3617.2,2.76456928010616
"DeForest QTS Data Center",NA,"DeForest","WI","53532","Dane",43.23184,-89.33042,"Cancelled",NA,NA,"Hyperscale (100-999 MW)","Yes",0,866682.200000008,0,4747.9,0
"MKE1","4777 W Ironwood","Franklin","WI","53132","Milwaukee",42.86316,-87.9779,"Operating",NA,"1.6","Small (0-10 MW)","Unknown",1.6,860089.900000008,0.0278498198464779,5745.1,0.0278498198464779
"Fredonia Data Center","near 117 Meadowlark Rd, Fredonia, WI 53021","Fredonia","WI","53074","Ozaukee",43.45566,-87.9353,"Proposed",NA,NA,"Unknown","Unknown",0,836816.00000001,0,5974.1,0
"Cloverleaf Data Center","West of Hwy 57, south of Mallard Rd","Greenleaf","WI","54126","Brown",44.32815,-88.110405,"Cancelled",NA,NA,"Unknown","Yes",0,807122.60000001,0,4238.6,0
"Janesville Data Center","1000 General Motors Dr","Janesville","WI","53546","Rock",42.65851,-89.0211,"Proposed",NA,"25-200","Hyperscale (100-999 MW)","Yes",25,886856.600000008,0.394564479727277,6336.1,0.394564479727277
"Kenosha Microsoft Data Center","12990 Burlington Rd","Kenosha","WI","53144","Kenosha",42.62348,-87.9679,"Proposed","Microsoft",NA,"Hyperscale (100-999 MW)","Yes",0,868007.200000008,0,4933.8,0
"Data center","5825 W. Hope Ave","Milwaukee","WI","53216","Milwaukee",43.09332,-87.9846,"Proposed",NA,NA,"Unknown","Unknown",0,852469.600000009,0,6898.2,0
"Microsoft Fairwater Data Center","90th St and County Rd KR","Mount Pleasant","WI","53177","Racine",42.68015,-87.90021,"Approved/Permitted/Under construction","Microsoft","450-3,300","Mega campus (>1,000 MW)","Unknown",450,867414.400000008,7.96883300867717,5647,7.96883300867717
"Project Lighthouse","Between Lake and Dixie Rds","Port Washington","WI","53074","Ozaukee",43.44933,-87.8525,"Approved/Permitted/Under construction","Vantage Data Centers","1,300-3,599","Mega campus (>1,000 MW)","Yes",1300,834918.00000001,21.8014724379077,5962.9,21.8014724379077
"Caledonia Data Center","8676-8642 WI-32","Racine/ Caledonia","WI","53402","Racine",42.83487,-87.8458,"Suspended","Microsoft",NA,"Unknown","Yes",0,862000.900000009,0,5642.2,0
"Menomonie Data Center","Between 650th and 690th Ave","Red Cedar/ Elk Mound","WI","54751","Dunn County",44.92341,-91.8447,"Suspended",NA,NA,"Hyperscale (100-999 MW)","Yes",0,775418.900000006,0,2431,0
"Microsoft Data Center","12721 Louis Sorenson Rd","Sturtevant","WI","53177","Racine",42.70384,-87.9382,"Proposed","Microsoft",NA,"Unknown","Unknown",0,867413.600000008,0,6025.7,0
"Microsoft Data Center","11508 Braun Rd","Sturtevant","WI","53178","Racine",42.68763,-87.9269,"Proposed","Microsoft",NA,"Unknown","Unknown",0,867415.000000008,0,5656.7,0
"Digital Power Optimization","west of Hwy 34 near water quality plant","Wisconsin Rapids","WI","94495","Wood",44.41945,-89.8253,"Cancelled",NA,"20","Medium (11-50 MW)","Unknown",20,827182.70000001,1.25109470786939,1598.6,1.25109470786939
"Google Buffalo Data Center","Charleston Rd","Buffalo","WV","25033","Putnam",38.635235,-81.96641,"Proposed","Google",NA,"Unknown","Unknown",0,843482.200000008,0,12224.9,0
"Ridgeline Microgrid","Off of US-48, near the City of Thomas","Davis","WV","26260","Tucker",39.13851,-79.4867,"Approved/Permitted/Under construction","Fundamental Data LLC","1,656","Mega campus (>1,000 MW)","Yes",1656,766172.30000001,24.363331420753,6797.1,24.363331420753
"Hog Lick Aggregates","Hoglick Hollow Run","Fairmont","WV","26554","Marion",39.420273,-80.213455,"Proposed","Hog Lick Aggregates","200","Hyperscale (100-999 MW)","Unknown",200,779686.700000011,2.50969369188491,7969.1,2.50969369188491
"Rhea super computing facility (NASA)","NASA Blvd, I-79 Technology Park","Fairmont","WV","26554","Marion",39.430576,-80.196,"Proposed",NA,NA,"Unknown","Unknown",0,779643.900000011,0,7969.1,0
"Adams Fork Harless Data Center","Off Twentytwo Mine Rd","Holden","WV","25625","Mingo",37.75417,-82.1179,"Proposed","TransGas Development, LLC","2398.5","Mega campus (>1,000 MW)","Yes",2398.5,861726.400000008,117.32048522794,2044.4,100
"Alpha Technologies Data Center","1125 6th Ave","Huntington","WV","25701","Cabell",38.41845,-82.4386,"Approved/Permitted/Under construction",NA,NA,"Unknown","Unknown",0,860594.300000007,0,12279.5,0
"QTS Kearneysville Data Center","between Route 115 and CSX railroad","Kearneysville","WV","25438","Jefferson",39.33659,-77.85235,"Proposed","QTS Data Centers",NA,"Unknown","Unknown",0,726556.100000011,0,3560.7,0
"Penzance Management","near Bedington and Berkeley Station Rds","Martinsburg","WV","25404","Berkeley",39.526875,-77.89455,"Proposed",NA,"600","Hyperscale (100-999 MW)","Unknown",600,727270.200000011,13.3135109947412,4506.7,13.3135109947412
"NETL’s Computational Science & Engineering Center","3610 Collins Ferry Rd","Morgantown","WV","26505","Monongalia",39.67102,-79.975006,"Approved/Permitted/Under construction","National Energy Technology Laboratory",NA,"Unknown","Unknown",0,773814.000000011,0,9087.4,0
"Mountaineer Gigasystem/ Monarch Cloud Campus","Airport Rd and Hwy 62","Point Pleasant","WV","25550","Mason",38.9132,-82.1103,"Proposed","Fidelis","2000-8000","Mega campus (>1,000 MW)","Unknown",2000,844180.200000008,16.2429952083164,12313,16.2429952083164
"Adams Fork Wharncliffe Data Center","2002 Twisted Gun Rd","Wharncliffe","WV","25651","Mingo",37.59904,-81.9545,"Proposed","TransGas Development, LLC","2398.5","Mega campus (>1,000 MW)","Yes",2398.5,858191.600000008,356.601248884924,672.6,100
"Meta Data Center","High Plains Business Park","Cheyenne","WY","82007","Laramie",41.08515,-104.833,"Proposed","Meta",NA,"Unknown","Unknown",0,701545.100000001,0,2106.1,0
"Microsoft Azure Data Center","644 Logistics Dr","Cheyenne","WY","82009","Laramie",41.12372,-104.901,"Approved/Permitted/Under construction","Microsoft",NA,"Unknown","Unknown",0,701239.400000001,0,1961.1,0
"Microsoft Cheyenne Data Center","Near Wapiti Trail","Cheyenne","WY","82007","Laramie",41.06447,-104.77278,"Proposed","Microsoft",NA,"Hyperscale (100-999 MW)","Unknown",0,701820.600000001,0,2110.6,0
"Project Jade","Switchgrass Industrial Park, west of I-85. 2 miles south of Terry Ranch Rd","Cheyenne","WY","82007","Laramie",41.031693,-104.7964,"Approved/Permitted/Under construction","Crusoe","10,000","Mega campus (>1,000 MW)","Yes",10000,701772.800000001,466.28741956542,2144.6,100
"Related Digital","Cheyenne Business Parkway, Campstool Rd, north side of I-80","Cheyenne","WY","82007","Laramie",41.137573,-104.71874,"Proposed","Related Digital","250","Hyperscale (100-999 MW)","Unknown",250,701667.600000001,11.8928690357262,2102.1,11.8928690357262
